id,q2L-8-rUM7s
published,"2020-06-01 00:07:17"
published_unix,1590970037
title,"Escalating Protests Nationwide Over Death Of George Floyd | NBC Nightly News"
description,"Dozens of American cities saw major clashes between police and protesters over the death of George Floyd. Many now have curfews in place and called in the National Guard.» Subscribe to NBC News: http://nbcnews.to/SubscribeToNBC » Watch more NBC video: http://bit.ly/MoreNBCNews NBC News is a leading source of global news and information. Here you will find clips from NBC Nightly News, Meet The Press, and original digital videos. Subscribe to our channel for news stories, technology, politics, health, entertainment, science, business, and exclusive NBC investigations. Connect with NBC News Online! Visit NBCNews.Com: http://nbcnews.to/ReadNBC Find NBC News on Facebook: http://nbcnews.to/LikeNBC Follow NBC News on Twitter: http://nbcnews.to/FollowNBC Follow NBC News on Instagram: http://nbcnews.to/InstaNBC Escalating Protests Nationwide Over Death Of George Floyd | NBC Nightly News"
channelId,UCeY0bbntWzzVIaj2z3QigXg
channelTitle,"NBC News"
duration,PT3M39S
dimension,2d
definition,hd
caption,false
allowedIn,
blockedIn,
licensedContent,1
viewCount,4587918
likeCount,35571
dislikeCount,
favoriteCount,0
commentCount,12730
uploadStatus,processed
privacyStatus,public
license,youtube
embeddable,1
publicStatsViewable,
