id,Tw-4MT3ZE-o
published,"2021-04-22 00:25:51"
published_unix,1619051151
title,"Tucker: Political leaders took advantage of George Floyd's death"
description,"'Tucker Carlson Tonight' host argues Derek Chauvin jury was subjected to intimidation. #FoxNews #Tucker Subscribe to Fox News! https://bit.ly/2vaBUvAS Watch more Fox News Video: http://video.foxnews.com Watch Fox News Channel Live: http://www.foxnewsgo.com/ FOX News Channel (FNC) is a 24-hour all-encompassing news service delivering breaking news as well as political and business news. The number one network in cable, FNC has been the most-watched television news channel for 18 consecutive years. According to a 2020 Brand Keys Consumer Loyalty Engagement Index report, FOX News is the top brand in the country for morning and evening news coverage. A 2019 Suffolk University poll named FOX News as the most trusted source for television news or commentary, while a 2019 Brand Keys Emotion Engagement Analysis survey found that FOX News was the most trusted cable news brand. A 2017 Gallup/Knight Foundation survey also found that among Americans who could name an objective news source, FOX News was the top-cited outlet. Owned by FOX Corporation, FNC is available in nearly 90 million homes and dominates the cable news landscape, routinely notching the top ten programs in the genre. Watch full episodes of your favorite shows The Five: http://video.foxnews.com/playlist/longform-the-five/ Special Report with Bret Baier: http://video.foxnews.com/playlist/longform-special-report/ Fox News Primetime: https://video.foxnews.com/playlist/on-air-fox-news-primetime/ Tucker Carlson Tonight: http://video.foxnews.com/playlist/longform-tucker-carlson-tonight/ Hannity: http://video.foxnews.com/playlist/longform-hannity/ The Ingraham Angle: http://video.foxnews.com/playlist/longform-the-ingraham-angle/ Fox News @ Night: http://video.foxnews.com/playlist/longform-fox-news-night/ Follow Fox News on Facebook: https://www.facebook.com/FoxNews/ Follow Fox News on Twitter: https://twitter.com/FoxNews/ Follow Fox News on Instagram: https://www.instagram.com/foxnews/"
channelId,UCXIJgqnII2ZOINSWNOGFThA
channelTitle,"Fox News"
duration,PT12M54S
dimension,2d
definition,hd
caption,true
allowedIn,
blockedIn,
licensedContent,1
viewCount,822152
likeCount,28654
dislikeCount,
favoriteCount,0
commentCount,7115
uploadStatus,processed
privacyStatus,public
license,youtube
embeddable,1
publicStatsViewable,1
