GISJOIN,STATE,STATEFP,STATENH,AV0AA1970,AV0AA1980,AV0AA1990,AV0AA2000,AV0AA2010,AV0AA125,AV0AA125M,A57AA1970,A57AA1980,A57AA1990,A57AA2000,A57AA2010,A57AB1970,A57AB1980,A57AB1990,A57AB2000,A57AB2010,AV1AA1970,AV1AA1980,AV1AA1990,AV1AA2000,AV1AA2010,AV1AA125,AV1AA125M,AV1AB1970,AV1AB1980,AV1AB1990,AV1AB2000,AV1AB2010,AV1AB125,AV1AB125M,AR9AA1980,AR9AA1990,AR9AA2000,AR9AA2010,B18AA1970,B18AA1980,B18AA1990,B18AA2000,B18AA2010,B18AB1970,B18AB1980,B18AB1990,B18AB2000,B18AB2010,B18AC1970,B18AC1980,B18AC1990,B18AC2000,B18AC2010,B18AD1970,B18AD1980,B18AD1990,B18AD2000,B18AD2010,B18AE2000,B18AE2010,CR1AA1970,CR1AA1980,CR1AA1990,CR1AA2000,CR1AA2010,A68AA1970,A68AA1980,A68AA1990,A68AA2000,A68AA2010,C50AA1980,C50AA1990,C50AA2000,C50AA125,C50AA125M,C50AB1980,C50AB1990,C50AB2000,C50AB125,C50AB125M,C50AC1980,C50AC1990,C50AC2000,C50AC125,C50AC125M,C50AD1980,C50AD1990,C50AD2000,C50AD125,C50AD125M,C50AE1980,C50AE1990,C50AE2000,C50AE125,C50AE125M,C50AF1980,C50AF1990,C50AF2000,C50AF125,C50AF125M,C50AG1980,C50AG1990,C50AG2000,C50AG125,C50AG125M,C50AH1980,C50AH1990,C50AH2000,C50AH125,C50AH125M,BD5AA1980,BD5AA1990,BD5AA2000,BD5AA125,BD5AA125M
"G010","Alabama","01","010",3444165,3893888,4040587,4447100,4779736,4777326,0,1432224,1556175,1601038,1981427,1957932,1280325,1765461,1839966,1941208,2325304,1661941,1871534,1936162,2146504,2320188,2317520,1005,1782224,2022354,2104425,2300596,2459548,2459806,1005,29.3,33.1,35.8,37.9,2533831,2873289,2975797,3162808,3275394,903467,996283,1020705,1155930,1251311,2443,9304,16506,22430,28218,4424,10660,27579,61753,153562,44179,71251,312493,422095,498971,550599,636166,869709,1038881,1103835,1215968,1276440,54538,57554,58125,57953,1503,189940,205224,196568,193683,3193,238608,277428,284405,292419,3959,273596,326585,323887,329615,4256,300829,354101,396108,428282,4688,270032,312677,356617,382006,4235,76725,98556,127205,137736,3320,81243,72369,117871,115160,2507,5894,11486,18189,23587,139
"G020","Alaska","02","020",300382,401851,550043,626932,710231,711139,0,154870,143284,178808,215675,241338,0,170247,221883,277670,315756,163258,213041,289867,324112,369628,370127,339,137124,188810,260176,302820,340603,341012,339,26.1,29.6,32.4,33.8,236767,311968,415492,434534,473576,8911,13748,22451,21787,23263,16276,64357,85698,98043,104871,38428,8314,26402,38422,56646,34146,51875,6414,10768,21173,33949,53387,66034,95564,132837,152337,170750,17654,24333,22212,28899,1117,35901,49110,51239,58120,1936,35408,49581,56182,61768,1536,31930,50430,53617,60542,1824,31130,41928,47833,58781,1870,14621,21179,25307,34085,1565,3147,5813,7441,10561,722,6356,10341,14788,14496,784,10193,17610,22660,32537,318
"G040","Arizona","04","040",1770900,2718215,3665228,5130632,6392017,6410979,0,362036,439487,458255,607097,651358,1157541,1913585,2655997,3908163,5117783,871006,1337942,1810691,2561057,3175823,3187926,458,899894,1380273,1854537,2569575,3216194,3223053,458,29.2,32.3,34.2,35.9,1604948,2260288,2963186,3873611,4667121,53344,74159,110524,158873,259008,95812,154390,203527,255879,296529,16796,24562,387991,695743,951059,146526,218300,156704,297966,462990,645721,864846,438573,705048,940106,1287367,1576520,43332,58557,64004,69951,2088,157514,192915,225933,256309,4019,185699,249713,308552,360491,4614,187101,266636,334014,391476,4842,230577,333293,453395,553667,6891,197036,296152,455900,574522,6136,47257,87702,158690,189604,4365,45762,67560,128749,152500,3489,7041,13461,20275,25571,153
"G050","Arkansas","05","050",1923295,2286435,2350725,2673400,2915918,2916372,0,962430,1106879,1092704,1269221,1278329,378624,563348,591420,860747,1152837,932310,1104688,1133076,1304693,1431637,1431252,973,990985,1181747,1217649,1368707,1484281,1485120,973,30.6,33.9,36.0,37.4,1565915,1889935,1944744,2138598,2245229,352445,373025,373912,418950,449895,2014,12757,12773,17808,22248,2921,7232,19296,62300,141536,35744,57010,226618,295689,329733,352081,402892,502107,625390,651555,732261,775811,47049,54512,55978,59857,1651,156621,164601,166217,173518,3009,163175,177329,204505,209123,3425,151500,178431,195250,208191,3189,142141,168207,207357,230617,3269,120649,137417,179026,190365,3159,33046,41779,62180,62843,1849,32765,38664,59477,57773,1708,5614,10520,16904,22007,151
"G060","California","06","060",19953134,23667902,29760021,33871648,37253956,37325068,0,1817089,2060296,2188700,1881985,1880350,16147770,19771903,25466131,29950008,33427689,9816685,11666485,14897627,16874892,18517830,18561020,1001,10136449,12001417,14862394,16996756,18736126,18764048,1001,29.9,31.7,33.3,35.2,17761032,18221353,20524327,20170059,21453934,1400143,1818660,2208801,2263882,2299072,91018,231702,242164,333346,362801,700941,1312973,6784729,9496715,11322765,1607646,1815384,1691671,2267713,2981649,3425705,4120520,4987806,5936810,7139394,7920049,8642473,336265,369388,324703,346199,5112,1249988,1401052,1280443,1353245,8304,1668579,2003503,1930263,2124228,10205,1795591,2218038,2157970,2412146,12756,2177932,2694728,2786301,3153425,13856,1914390,2731135,2920187,3293440,12207,643461,1010271,1151598,1224966,8790,609335,1059268,1416821,1536134,9712,8295,16409,22711,29551,88
"G080","Colorado","08","080",2207259,2889964,3294394,4301261,5029196,5042853,0,473948,560095,578877,668076,696435,1424011,2017063,2377820,3212849,3865471,1089377,1434293,1631295,2165983,2520662,2529614,704,1117882,1455671,1663099,2135278,2508534,2513239,704,28.6,32.6,34.3,36.1,2112352,2591270,2905474,3560005,4089202,66411,101695,133146,165063,201737,8836,21015,27776,44241,56010,19660,34257,227998,409765,509791,122187,172456,174707,231180,311137,393988,533023,545417,739446,854214,1084461,1261527,58313,67605,72206,83659,2018,190772,212504,235913,248819,3234,229633,263404,318642,335727,4041,229536,275810,333306,362929,4090,284945,341621,439088,510765,4771,221237,267702,410067,463769,4792,56981,79103,145592,168674,2852,51558,62502,128680,146623,2986,7998,14821,24049,31039,139
"G090","Connecticut","09","090",3031709,3107576,3287116,3405565,3574097,3572213,0,686657,657802,685568,417506,429155,2101658,2314820,2455697,2848497,3031980,1470487,1498005,1592873,1649319,1739614,1739522,279,1561222,1609571,1694243,1756246,1834483,1832691,279,32.0,34.5,37.4,40.0,2835458,2811092,2859353,2780355,2772410,181177,216641,274269,309843,362296,2222,4882,6654,9639,11256,12852,21116,146840,230880,335459,74848,92676,269807,338216,415848,438111,481831,766742,814080,864493,881170,908661,48117,54670,47035,49756,1729,192811,203163,177296,174966,3210,270665,293942,264948,257015,3208,273672,297472,269915,267086,3636,317340,342172,341058,365750,4458,211957,272314,275949,311056,3910,59412,89595,96492,106718,2450,71185,74994,116712,126918,2272,8511,20189,28766,37807,222
"G100","Delaware","10","100",548104,594338,666168,783600,897934,900131,0,152535,174519,179667,155842,149985,349674,367562,458749,531032,616982,267332,286599,322968,380541,434939,436338,130,280772,307739,343200,403059,462995,463793,130,29.8,33.0,36.0,38.8,466459,488002,535094,584773,618617,78276,96157,112460,150666,191814,656,1391,2019,2731,4181,2713,4627,16595,32397,59468,13033,23854,41163,55759,76057,96624,125165,136101,154900,175867,204590,230731,8682,10975,9817,10198,688,34042,38130,37056,38473,1494,44854,58000,56533,59261,1693,50181,65976,65194,70186,1986,62084,76866,86611,93652,1961,39232,50974,63408,73416,1972,9148,14033,20867,26166,1262,9516,11192,22493,30316,1156,7449,15854,23305,29733,297
"G110","District Of Columbia","11","110",756510,638333,606900,572059,601723,605759,0,0,0,0,0,0,756510,638333,606900,572059,601723,351491,295417,282970,269366,284222,286427,100,405019,342916,323930,302693,317501,319332,100,31.1,33.6,34.6,33.8,209272,174705,179667,176101,231471,537712,448370,399604,343312,305125,956,1014,1466,1713,2079,8570,6883,26163,37487,45732,13446,17316,64524,69445,71367,65420,65685,162656,133643,122087,114166,112715,5527,5642,3782,3539,427,14718,15940,12404,12900,876,24631,28367,23202,23911,1070,38396,43081,34257,37473,1417,66555,68582,57658,68297,1762,79465,82078,71404,87807,2118,30696,29346,25167,30294,1306,29972,22276,23080,27180,1162,8960,18881,28659,45004,542
"G120","Florida","12","120",6789443,9746324,12937926,15982378,18801310,18885152,0,1321306,1533939,1970598,1712358,1661466,4133783,7428496,10177624,13470104,16439936,3275571,4675626,6261719,7797715,9189355,9232292,1311,3513872,5070698,6676207,8184663,9611955,9652860,1311,34.7,36.5,38.7,40.7,5719343,8184855,10749285,12465029,14109162,1041651,1343134,1759534,2335505,2999862,6677,25006,36335,53541,71458,21772,62514,392772,751988,1148251,376315,472577,960987,1645063,2281083,2695687,3185989,1805860,2690122,3511825,4210760,4835475,127198,167612,155487,163990,3252,483838,600995,595769,627251,8031,651794,874300,922343,1015844,6781,728879,1034010,1085636,1211602,7883,866785,1236778,1444986,1773505,11896,722745,1172060,1497880,1797534,11100,183453,349973,534237,621048,7158,161702,226640,466741,517280,6060,7270,14698,21557,26451,121
"G130","Georgia","13","130",4589575,5463105,6478216,8186453,9687653,9714569,0,1821501,2054024,2380877,2322290,2415502,1880160,2603246,3260674,5010117,6334271,2230696,2640445,3144503,4027113,4729171,4747484,1584,2358879,2822660,3333713,4159340,4958482,4967085,1584,28.7,31.6,33.4,35.3,3391242,3949583,4600148,5327281,5787440,1187149,1464435,1746565,2349542,2950435,2347,10079,13348,21737,32151,8837,26009,118155,373705,710138,114188,207489,350543,489317,618864,738325,1000484,1144427,1426645,1713072,2111647,2457810,86764,97419,93446,104382,2571,290659,328119,334403,341041,5334,377361,464699,511628,537671,6361,414970,542780,583820,632740,6155,459112,611476,729249,831140,6971,427169,603589,776519,855133,7230,140868,234498,347610,370476,4936,125449,158809,347142,364742,4925,6402,13631,21154,25309,123
"G150","Hawaii","15","150",768561,964691,1108229,1211537,1360301,1362730,0,129878,130099,122058,103312,109812,442397,688175,747109,835912,972075,399205,494683,563891,608671,681243,683498,170,369356,470008,544338,602866,679058,679232,170,28.4,32.7,36.2,38.6,298160,331925,369616,294102,336599,7573,17687,27195,22003,21424,1126,2976,5099,3535,4164,461702,590659,706319,632554,677485,259343,320629,42026,72452,120703,154847,189928,170358,226035,263456,287068,313907,19341,17491,14748,15762,933,57103,59857,54341,62561,2264,69976,80577,77207,84878,2028,75034,88216,81891,91927,2547,89345,103652,103435,121567,2753,87941,116546,119135,154704,2478,29122,47128,48025,53111,1757,20630,35071,44176,49807,1607,7740,15770,21525,29227,208
"G160","Idaho","16","160",712567,943935,1006749,1293953,1567582,1567803,0,327133,434233,428535,434456,461212,85187,188249,278200,603808,791843,355750,471155,500956,648660,785324,785954,623,356817,472780,505793,645293,782258,781849,623,27.6,31.6,33.2,34.6,698802,904045,950451,1177304,1396487,2130,2711,3370,5456,9810,6687,10523,13780,17645,21441,4948,6721,39148,67939,100909,25609,38935,63958,88262,115005,138724,189770,179359,246550,263194,335588,403144,27898,33368,33498,39581,1472,81658,86126,97904,104784,2502,81690,89674,114280,123422,2616,65091,74925,98780,114589,2021,50877,63983,100713,119085,2512,32042,40329,70828,87906,2101,8646,12779,23525,28926,1233,14388,18922,27113,29925,1362,6248,11457,17841,22581,185
"G170","Illinois","17","170",11113976,11426518,11430602,12419293,12830632,12823860,0,1884155,1908479,1762050,1509773,1477079,7873782,8293878,8478687,9737473,10260671,5391836,5537537,5552233,6080336,6292276,6291373,896,5722140,5888981,5878369,6338957,6538356,6532487,895,29.9,32.9,34.7,36.6,9600381,9267607,8952978,9125471,9177877,1425674,1674467,1694273,1876875,1866414,11413,19612,21836,31006,43963,76508,172213,761515,1150925,1452396,235016,289982,1030178,1181618,1346339,1407638,1540998,2783641,2931117,2924880,3105513,3182984,180305,188846,183600,168570,2565,625136,619687,587746,550302,4781,725125,747632,743149,736988,6197,713634,741765,748578,746489,6190,863424,938307,1002104,1053789,7932,913983,1045405,1151059,1244849,7800,397211,468685,551290,561476,5066,428816,456839,601714,622784,5300,8066,15201,23104,29519,122
"G180","Indiana","18","180",5193669,5490224,5544159,6080485,6483802,6485530,0,1821609,1964926,1946060,1776474,1786702,2395133,2601162,2692676,3410932,3836584,2531170,2665825,2688281,2982474,3189737,3192018,931,2662499,2824399,2855878,3098011,3294065,3293512,931,29.2,32.9,35.2,37.0,4820324,5008817,5020700,5320022,5467906,357464,414489,432092,510034,591397,3887,9691,12720,15815,18462,11994,24355,78647,158942,278136,75672,127901,467683,546498,648426,702797,802831,1318020,1455556,1480351,1602501,1674126,102311,112380,117198,105473,2257,345359,366105,371942,341510,3826,400826,443129,480825,443714,3721,403806,448409,468193,462669,3985,476147,532729,602830,623230,5753,335013,380427,473609,510555,5042,91407,118419,158340,180059,2822,84911,112381,153692,161097,2851,7142,13149,20397,24558,123
"G190","Iowa","19","190",2824376,2913808,2776755,2926324,3046355,3047646,0,1207971,1205576,1093690,1138892,1096099,842154,931856,942653,1114790,1268964,1372867,1416390,1344802,1435515,1508319,1507335,957,1451509,1497418,1431953,1490809,1538036,1540311,958,30.0,34.1,36.6,38.1,2782762,2841326,2683090,2748640,2781561,32596,42228,48090,61853,89148,2992,6342,7349,8989,11084,6026,13847,38226,75064,111229,31778,53333,323855,352934,389437,399613,427266,713490,770283,740819,769684,790034,100302,100045,100616,103076,1882,276184,268921,271589,266112,3091,251327,256277,283804,280772,3878,202853,210481,234745,240819,2976,189015,204144,251314,280580,3733,110742,123217,158554,181483,3052,26990,36880,49913,54018,1427,28600,33349,49444,50972,1329,7136,12422,19674,26545,135
"G200","Kansas","20","200",2246578,2363679,2477574,2688418,2853118,2851183,0,761708,787780,765010,767749,736157,785933,854553,1018604,1207832,1431424,1101573,1156941,1214645,1328474,1415408,1414881,658,1145005,1206738,1262929,1359944,1437710,1436302,658,30.1,32.9,35.2,36.0,2122068,2170046,2231986,2313944,2391044,106977,126356,143076,154198,167864,8672,17960,21965,24936,28150,8861,17539,80547,138844,180127,56496,85933,248019,282754,316608,329296,356792,578815,635023,658600,701547,734103,76368,82395,79963,86965,2093,221987,215690,220956,219577,2793,205541,217913,244433,247214,3154,177110,200264,221991,232722,2751,176954,208233,241477,271540,3068,119975,138699,161736,177814,2455,27909,35215,44713,47728,1378,27951,31659,44212,42279,1410,7350,13300,20506,26845,156
"G210","Kentucky","21","210",3218706,3660777,3685296,4041769,4339367,4340167,0,1534653,1798594,1774971,1787969,1806024,1120873,1232682,1276855,1566760,1778528,1579036,1789039,1785235,1975368,2134952,2134355,1167,1639670,1871738,1900061,2066401,2204415,2205812,1167,29.1,33.1,35.9,38.1,2981766,3380256,3391832,3640889,3809537,230793,259289,262907,295994,337520,1531,4601,5769,8616,10120,4616,11823,24788,53827,106982,42443,75208,323283,387646,440418,475359,554029,820880,983353,1015998,1104398,1149905,61873,69964,67210,68566,2025,194970,207706,210440,210908,3346,227416,263101,290128,288303,3829,233593,280049,301009,313267,3406,261051,309957,363548,392450,4674,226755,237548,293110,307532,3619,67211,75749,102842,102401,1993,74125,74365,105302,95586,2302,5978,11153,18093,23210,125
"G220","Louisiana","22","220",3641306,4205900,4219973,4468976,4533372,4529605,0,1235156,1318591,1348214,1223311,1215567,1703126,2201661,2228018,2535614,2780406,1771484,2039894,2031386,2162903,2219292,2215673,948,1869822,2166006,2188587,2306073,2314080,2313932,948,27.4,31.1,34.0,35.8,2541498,2915310,2839138,2856161,2836192,1086832,1238472,1299281,1451944,1452396,5294,12932,18541,25477,30579,7682,25123,63013,87129,141322,48265,72883,293867,383605,439786,485182,536621,867710,1068835,1089882,1156438,1160118,63789,63902,62320,68470,2028,204663,199083,196227,213388,3872,247122,260934,281034,306273,4202,286927,303484,314832,325688,3951,311368,316564,357361,383328,4493,278447,279311,323596,341991,4529,84704,89005,120270,128870,2321,123180,102194,136088,146670,3186,6430,10635,16912,24264,131
"G230","Maine","23","230",992048,1124660,1227928,1274923,1328361,1329084,0,487891,590588,680104,762045,814819,171811,249169,266732,313952,348137,482865,546235,597850,620309,650056,650219,420,509183,578425,630078,654614,678305,678865,420,30.4,33.9,38.6,42.7,985276,1112977,1208360,1236014,1264971,2800,3381,5138,6760,15707,2195,4365,5998,7098,8568,1777,3073,8432,12404,18174,12647,20941,107689,130659,152459,171984,203095,245565,293936,328685,340685,350621,31782,36884,34404,34968,1066,86730,93218,86612,82483,1468,87152,100744,98470,94091,1771,76345,91805,91940,89091,1510,75735,99041,111698,119486,2001,52835,75858,94470,104930,2034,16215,26729,34475,39560,1188,15885,22176,36113,39216,1274,5768,12957,19533,26464,206
"G240","Maryland","24","240",3922399,4216975,4781468,5296486,5773552,5785496,0,918464,830420,893039,737818,739221,2588919,3141370,3581461,4247989,4822869,1916321,2042810,2318671,2557794,2791762,2798875,577,2006078,2174165,2462797,2738692,2981790,2986621,577,30.3,33.1,36.0,38.0,3194888,3166142,3393964,3391308,3359284,699479,957418,1189899,1477411,1700298,4239,9075,12972,15423,20420,23793,67949,184633,308757,528842,103587,164708,282628,373888,490007,567652,680849,971877,1089559,1245814,1359318,1447002,43223,54263,47843,48157,1478,166831,186393,169884,177237,3425,228155,287738,271204,277714,3816,268557,338961,320679,344581,3749,407101,502979,496154,536918,5357,453215,571823,590856,663719,5834,183321,261588,291586,324596,3625,163447,213882,316761,398633,4526,8293,17730,25614,36056,159
"G250","Massachusetts","25","250",5689170,5737037,6016425,6349097,6547629,6560595,0,878721,928698,946822,547730,525640,4334196,4444695,4730382,5635129,5912700,2719398,2730893,2888745,3058816,3166628,3174988,455,2969772,3006144,3127680,3290281,3381001,3385607,455,31.2,33.6,36.5,39.1,5477624,5378403,5405374,5367286,5265236,175817,221029,300130,343454,434398,4475,9198,12241,15015,18850,31254,52615,298680,477337,657142,146005,172003,585592,671190,761656,802525,860393,1387932,1438602,1514746,1576696,1603591,91455,102183,85006,85729,2404,356198,361194,306086,286494,4129,465071,469108,426161,407026,4661,426624,463341,423798,416265,4331,504712,557787,578159,594395,5148,446791,564104,634385,685764,5642,159708,216450,275413,298270,4193,134506,170572,276325,321489,4206,7458,17224,25952,35485,157
"G260","Michigan","26","260",8875083,9262078,9295297,9938444,9883640,9897264,0,2321310,2710527,2739455,2518987,2513683,5658843,5781759,5812473,6578451,6560163,4348648,4516189,4512781,4873095,4848114,4855361,821,4526435,4745889,4782516,5065349,5035526,5041903,821,28.8,32.6,35.5,38.9,7833474,7893278,7756086,7966053,7803120,991066,1197177,1291706,1412742,1400362,16854,44919,55638,58479,62007,33689,62641,191867,308754,387832,192416,230319,711857,857056,1049870,1155321,1316262,2181816,2392504,2439171,2575699,2554073,137656,158783,158315,143188,2804,492138,516398,507653,444942,4072,599679,655851,681990,609357,5542,619455,687648,708036,644340,4894,793781,881411,967803,897994,5870,609920,689431,820958,768465,5420,184606,225618,304785,277570,3026,132702,166807,263067,237128,3347,7688,14154,22168,25547,101
"G270","Minnesota","27","270",3804971,4075970,4375099,4919479,5303925,5313081,0,1277663,1350768,1318625,1429420,1417614,1901834,2053939,2370935,2711750,3076032,1863810,1997826,2145183,2435631,2632132,2638499,812,1941161,2078144,2229916,2483848,2671793,2674582,813,29.2,32.5,35.4,37.4,3736038,3942025,4130395,4400282,4524062,34868,52325,94944,171731,274412,23128,36730,49909,54967,60916,10937,32226,99851,209757,319390,82742,125145,372931,434694,500195,547654,649446,916554,1037522,1130683,1255141,1349015,105774,108592,112704,110838,1822,320688,324946,338699,330757,3282,328302,364551,403004,393512,3722,287130,346949,384560,400699,3670,345392,440111,524192,561517,4560,236506,309453,420032,472525,3810,62808,86838,133528,157383,2022,47766,61556,108238,131860,2341,7451,14389,23198,30656,130
"G280","Mississippi","28","280",2216912,2520638,2573216,2844658,2967297,2967620,0,1230270,1327833,1362487,1457307,1503073,320592,588750,617412,679928,819522,1074217,1213878,1230617,1373554,1441240,1439787,960,1142695,1306760,1342599,1471104,1526057,1527833,960,27.7,31.3,33.8,36.0,1393283,1615632,1633461,1746099,1754684,815770,887111,915057,1033809,1098385,4113,6914,8525,11652,15030,3746,7749,16173,33077,65091,20021,34107,215421,276807,305405,322035,365651,530304,642704,674378,747159,770266,44287,47063,43278,51083,2019,147594,149058,142991,136740,2861,164614,177907,188931,181625,3064,169675,193024,197875,192936,3433,166684,186612,224343,237313,3620,140057,156242,197602,214967,3572,38116,46923,68120,69694,2047,53243,52565,78379,77309,2139,5183,9648,15853,20670,155
"G290","Missouri","29","290",4676501,4916686,5117073,5595211,5988927,5982413,0,1398839,1567098,1601064,1711769,1770556,2576558,2620119,2782738,3090644,3390061,2255952,2365487,2464315,2720177,2933477,2929988,1057,2420549,2551199,2652758,2875034,3055450,3052425,1057,30.9,33.6,36.1,37.9,4177495,4348412,4486228,4748083,4958770,480172,513385,548208,629391,693391,5405,14971,19835,25076,27376,13429,24962,62802,110600,184801,82061,124589,531267,608811,666626,703453,798800,1199995,1311652,1368334,1476516,1552133,88768,93957,99335,108125,2091,294205,300025,312582,317753,4297,320267,352717,390913,391254,4504,328325,377650,403273,421907,3800,411595,477488,528970,571202,4654,368245,428076,492275,517360,4721,107619,130098,169018,170018,2763,87088,102107,142146,133470,2456,6917,12989,19936,25546,110
"G300","Montana","30","300",694409,786690,799065,902195,989415,990785,0,323733,370288,379239,414317,436401,142102,208619,208883,234195,262137,347005,392625,395769,449480,496667,497141,610,347404,394065,403296,452715,492748,493644,610,29.0,33.9,37.5,39.8,663043,740901,741111,817229,884961,1995,1738,2381,2692,4027,27130,37700,47679,56068,62555,2241,3097,7894,10476,12896,15730,24976,64338,78667,98882,113166,141189,170093,205290,211666,237407,257087,28638,33844,33091,34224,1181,79940,79238,86585,85918,1952,71994,75093,87855,95856,2072,53065,56121,68642,79058,1785,37093,41215,55644,70330,1688,21382,24426,35553,42794,1302,5798,7664,11349,13032,705,9261,9707,16529,18694,763,6589,11213,17151,25002,230
"G310","Nebraska","31","310",1483493,1569825,1578385,1711263,1826341,1827306,0,570895,581966,534401,517538,490655,588292,634150,687875,805111,982197,724455,765894,769439,843351,906296,906143,570,759038,803931,808946,867912,920045,921163,570,29.7,33.0,35.3,36.2,1432867,1492220,1480558,1533261,1572838,39911,47946,57404,68541,82885,6624,9146,12410,14896,18427,4091,8190,28013,70612,112681,23953,39510,169220,187803,204544,214929,234188,372430,411708,415427,443411,467206,55755,59112,57839,60865,1388,160088,154640,156837,156453,2486,139980,150693,170281,172243,2454,115728,132965,147864,158815,2453,110133,127902,161468,185577,2667,58768,71530,88452,104224,2102,12638,17634,23190,27334,982,13689,16375,26750,26737,983,6936,12452,19613,26523,156
"G320","Nevada","32","320",488738,800493,1201833,1998257,2700551,2704204,0,93402,117546,140389,169611,156754,336368,595160,911095,1676309,2336222,247798,405060,611880,1018051,1363616,1365496,468,240940,395433,589953,980206,1336935,1338708,468,30.2,33.4,35.0,36.3,448177,703053,1012695,1501886,1786688,27762,51203,78771,135477,218626,7933,14344,19637,26420,32062,4866,15606,90730,258046,537100,76428,126075,29812,63527,123403,212572,318857,123891,207424,307400,498333,656621,16468,22972,24637,30148,1187,57918,74667,88626,102320,2561,78674,111265,137121,159590,3667,88280,128599,165652,204518,3657,85748,137267,231325,318165,4379,40299,72618,165819,252205,4408,8516,17408,37254,55110,1914,13848,27993,48844,62602,1790,8453,15214,21989,27003,176
"G330","New Hampshire","33","330",737681,920610,1109252,1235786,1316470,1317474,0,321641,440285,543582,503451,522598,173943,293068,339454,551828,623168,360672,448462,543544,607687,649394,650048,418,377009,472148,565708,628099,667076,667426,418,30.1,32.8,37.1,41.1,733106,910551,1087433,1186851,1236050,2505,4324,7198,9035,15035,361,1385,2134,2964,3150,1709,3364,12487,23722,40853,13214,21382,72375,95725,116337,137434,170439,182832,238667,292601,323651,344197,22807,28198,24932,24662,1102,71524,78174,74466,72513,1862,82719,92566,97185,91937,1826,69029,86620,91417,90333,2003,74452,100843,119852,129608,2372,54628,89713,107588,123592,2371,17704,35077,44234,50966,1769,20559,35223,53584,58152,1528,6966,15959,23844,32758,268
"G340","New Jersey","34","340",7168164,7364823,7730188,8414350,8791894,8793888,0,794759,807446,819968,475263,467768,6078372,6291600,6629540,7753792,8109908,3467373,3533012,3735685,4082813,4279600,4283189,484,3700791,3831811,3994503,4331537,4512294,4510699,484,32.2,34.5,36.7,39.0,6349908,6154833,6130465,6104705,6029248,770292,924909,1036825,1141821,1204826,4706,10200,14970,19492,29026,43258,109383,547928,934577,1288491,213755,240303,665082,819190,982100,1055413,1141699,1833423,1931578,2021346,2154539,2226606,92495,114402,99241,100483,2653,380955,400065,347598,335781,3600,488865,565092,482988,500782,5403,506576,569258,510571,510985,4867,631161,713612,707693,754405,6085,563885,710761,758258,829581,6436,206325,299954,352609,376466,4673,310414,359066,510919,565679,5837,8127,18714,27006,35928,157
"G350","New Mexico","35","350",1016000,1302894,1515069,1819046,2059179,2055287,0,315210,362931,409418,455545,464818,297451,525320,649793,862344,1106721,500824,642157,745253,894317,1017421,1015710,797,515176,660737,769816,924729,1041758,1039577,797,27.4,31.4,34.6,36.7,915815,990657,1146028,1214253,1407876,19555,23071,30210,34343,42550,72788,106750,134355,173483,193222,7842,7728,204476,330640,338521,66327,77010,68320,112543,156746,203475,266140,241819,332058,391487,466515,518698,28476,31800,34755,35394,1268,91993,101848,105613,110362,2723,100689,118607,128524,143579,2805,93915,113987,127292,151836,2725,85960,109413,140731,165164,2897,61611,81834,111782,135474,2878,15907,25845,38963,44424,1678,20660,26231,39544,44203,1662,6119,11246,17261,23749,168
"G360","New York","36","360",18236967,17558072,17990455,18976457,19378102,19398125,0,2634481,2700004,2826408,2373875,2349997,14267804,13792375,14116042,15504619,16018144,8715339,8339422,8625673,9146748,9377147,9391875,967,9521628,9218650,9364782,9829709,10000955,10006250,967,31.9,34.0,35.9,38.0,15834090,14033644,13385255,12893689,12740974,2168949,2405818,2859055,3014385,3073800,28355,43987,62651,82461,106906,205573,330972,1683494,2395740,2870573,590182,585849,1852662,2026224,2226640,2305411,2502456,4584616,4443248,4489312,4639387,4649791,199846,236110,219036,225706,3051,699791,749418,680270,688236,5247,910552,1045894,956590,970650,6438,949349,1098794,1020084,1033920,7326,1209533,1390791,1413141,1527402,8510,1338335,1580329,1602721,1840728,9850,654295,773375,806556,863870,7611,1144048,1132680,1265649,1382856,9026,7498,16501,23389,32104,124
"G370","North Carolina","37","370",5082059,5881766,6628637,8049313,9535483,9544249,0,2798772,3058914,3290859,3199831,3233727,1210551,2002025,2512866,3760871,5232799,2488367,2855385,3214290,3942695,4645492,4649769,1228,2593692,3026381,3414347,4106618,4889991,4894480,1229,29.6,33.2,35.3,37.4,3901767,4460570,5008491,5804656,6528950,1126478,1319054,1456323,1737545,2048628,44406,65960,80155,99551,122110,9408,23150,83668,304301,629596,103260,206199,397872,574527,760698,907619,1191369,1286452,1576622,1812053,2158869,2499174,111982,119287,112337,128823,3467,367146,411221,391604,410783,4087,490254,584014,604412,631102,5808,534748,657712,670644,715125,5487,543283,686179,818464,925978,7755,376075,515428,689187,771559,6292,92111,151053,233614,257239,4300,93308,104628,214560,216556,3591,6133,12885,20307,25285,106
"G380","North Dakota","38","380",617761,652717,638800,642200,672591,676253,0,344319,334407,298461,283242,269719,53420,176844,202334,230797,269056,311609,328426,318201,320524,339864,342030,464,306152,324291,320599,321676,332727,334223,464,28.3,32.4,36.2,37.0,599485,626358,604142,593181,605449,2494,2471,3524,3916,7960,14369,19953,25917,31329,36591,1413,2292,5217,6376,10738,7398,11853,60391,72951,82960,86646,91145,147058,166702,166270,166150,170916,28191,33263,28174,32474,1001,75772,76005,74872,77374,1770,62094,64083,73827,80609,1703,37291,42115,51229,60760,1600,23230,27422,33673,43788,1338,13871,16529,21280,25360,860,3425,4259,7178,8396,515,7385,5922,10140,13788,762,6417,11051,17769,28700,300
"G390","Ohio","39","390",10652017,10797630,10847115,11353140,11536504,11533561,0,2626242,2879371,2807706,2570811,2546810,6642374,6538206,6656974,7311293,7534686,5163373,5217137,5226340,5512262,5632156,5630373,1224,5488644,5580493,5620775,5840878,5904348,5903188,1224,29.9,33.4,36.2,38.8,9646997,9607133,9521756,9645453,9539437,970477,1076742,1154826,1301307,1407681,6654,15554,20358,24486,25292,27889,53166,150175,224009,326329,157885,237765,943388,1098491,1317272,1412877,1548620,2682953,2854191,2895223,2993023,2991629,165125,183558,187324,184052,3345,578930,604678,611242,570608,4919,730192,778328,816266,767885,5241,773762,846830,867583,815003,5862,1021458,1114029,1221236,1199743,7032,736628,796199,918384,940947,6419,194673,226120,286488,291073,3326,145234,174793,252726,247250,3538,7285,13461,21003,25857,99
"G400","Oklahoma","40","400",2559229,3025290,3145585,3450654,3751351,3749005,0,819092,990208,1015446,1196091,1266322,1049072,1266860,1354343,1483638,1717572,1246355,1476705,1530819,1695895,1856977,1855637,667,1312874,1548585,1614766,1754759,1894374,1893368,667,30.1,33.3,35.5,36.2,2280362,2603063,2583512,2628434,2706845,171892,204810,233801,260968,277644,98468,171224,252420,273230,321687,8507,19765,75852,132037,223854,155985,221321,280752,353777,396260,427024,487825,676676,827078,855321,921750,975267,67022,70150,70320,78176,1932,212342,214678,214722,233734,3667,228471,239114,264471,273355,3596,224478,244641,260374,282590,3489,232468,259679,300719,343140,3565,187159,194539,234096,258077,2998,47045,58452,72663,75841,1664,53838,51844,74870,71307,1772,6858,11893,17646,24046,126
"G410","Oregon","41","410",2091385,2633105,2842321,3421399,3831074,3836628,0,688681,844751,839050,727255,726692,984052,1268226,1420059,1976124,2393393,1023952,1296566,1397073,1696550,1896002,1899186,709,1067433,1336539,1445248,1724849,1935072,1937442,709,30.2,34.6,36.3,38.4,2032079,2496398,2636787,2961623,3204614,26308,37454,46178,55662,69206,13510,30469,38496,45211,53203,19488,40958,120860,254158,359292,104745,144759,212346,286099,373239,417372,517923,541820,698930,750844,877671,963467,57917,63499,66369,68707,2169,184561,191683,206168,205017,3091,199720,226857,263466,270906,3717,195608,221156,258476,263142,3649,207904,250679,310517,334720,3929,151388,181934,252705,276856,3926,40605,54371,83858,91797,1989,39262,48844,80033,86509,2044,7557,13418,20940,26702,154
"G420","Pennsylvania","42","420",11793909,11863895,11881643,12281054,12702379,12699589,0,3363499,3643044,3693348,2816953,2711092,6921979,7168250,7207497,8210985,8977537,5665414,5682590,5694265,5929663,6190363,6190405,890,6128495,6181305,6187378,6351391,6512016,6509184,890,32.1,35.1,38.0,40.1,10737732,10668416,10520201,10484203,10406288,1016514,1045318,1089795,1224612,1377689,5533,11132,14733,18348,26843,34130,70514,256914,411667,653724,142224,237835,1206488,1445575,1718160,1783662,1869942,2999021,3134328,3155989,3208388,3261307,173334,209293,196492,201796,2683,623134,663562,615919,590816,5273,794637,873894,825199,811300,6054,803463,874134,836006,833946,5096,961192,1069134,1110249,1155070,7069,819399,909637,992200,1084382,6696,289986,350019,407516,452138,4402,271085,253908,408084,464410,4584,7077,14068,20880,28190,89
"G440","Rhode Island","44","440",946725,947154,1003464,1048319,1052567,1052471,0,121795,123150,140083,95173,97524,745238,790809,824534,928119,952101,464291,451251,481496,503635,508400,508521,278,482434,495903,521968,544684,544167,543950,278,31.8,34.1,36.7,39.4,914757,900408,917375,891191,856869,25338,27361,38861,46908,60189,1390,3204,4071,5121,6058,5240,6617,43157,76848,94664,28251,34787,96899,117338,139787,142572,144006,235183,245128,258886,265398,259561,18512,19213,16500,16793,1068,67092,70165,59005,52853,1553,83587,89346,85107,78606,1903,81708,91005,83738,81967,2046,87480,100056,106557,106971,2390,53115,65529,77034,86810,2224,12920,19247,25297,30025,1139,11789,16503,26672,29154,1277,6897,14981,21688,30005,286
"G450","South Carolina","45","450",2590516,3121820,3486703,4012012,4625364,4630351,0,1358321,1432567,1581325,1584888,1557555,649436,1189675,1426739,1873821,2580045,1272087,1518013,1688510,1948929,2250101,2251898,749,1318429,1603807,1798193,2063083,2375263,2378453,749,28.1,32.1,35.4,37.9,1794430,2147825,2406974,2695560,3060000,789041,947969,1039884,1185216,1290684,2241,6744,8246,13718,19524,4804,13370,31599,77568,175221,39950,79935,183364,275004,378573,457883,613775,624230,806037,928206,1072822,1216415,53452,57154,53890,60339,2036,186703,203420,193658,196696,3060,236025,278476,284615,291852,3354,257686,307434,311394,331696,3749,275814,332874,382548,440006,4839,216477,281328,338473,371488,4980,55079,85066,114459,124879,2387,51778,59239,105697,98954,2407,5886,11897,18795,23906,139
"G460","South Dakota","46","460",665507,690768,696004,754844,814180,815871,0,368879,369991,348101,363417,352933,76006,138708,163986,194584,243587,330033,340683,342498,374558,407381,409334,565,335474,350085,353506,380286,406799,406537,565,28.9,32.6,35.6,36.9,630333,639840,637515,669404,699392,1627,2152,3258,4685,10207,32365,45572,50575,62283,71817,1182,1917,4656,8316,15481,10156,17283,73602,82796,93667,99122,109392,160364,177071,180306,194330,206964,30182,33962,32545,36678,1040,82449,77782,80314,81923,1813,58330,64211,76533,80172,1952,38612,48684,59230,69010,1894,27388,34857,49713,63013,1412,16047,21136,29042,34165,1062,3305,6217,9300,11264,721,6049,6634,11815,12502,700,5697,10661,17562,25570,276
"G470","Tennessee","47","470",3923687,4591120,4877185,5689283,6346105,6353226,0,1618380,1817547,1907237,2069265,2132860,1488624,2086494,2218007,2964722,3450715,1897674,2216600,2348928,2770275,3093504,3097568,1046,2026013,2374520,2528257,2919008,3252601,3255658,1046,30.1,33.6,35.9,38.0,3293930,3837968,4048068,4563310,4921948,621261,724808,778035,932809,1057315,2276,7035,10039,15152,19994,6220,15252,41043,114903,236839,63109,110009,369748,494285,584231,662518,823104,1020300,1248433,1348019,1547835,1679177,62729,73788,73643,76352,2059,235208,256151,258796,260216,3760,302688,348095,382474,392528,4642,343808,414611,441464,446563,4912,398709,480328,567380,611444,5406,340394,396956,504461,539895,5420,91860,120042,174982,192016,3429,87664,97122,147706,148511,2613,6213,12255,19393,24294,130
"G480","Texas","48","480",11196730,14229191,16986510,20851820,25145561,25208897,0,2275784,2896174,3351993,3647539,3847522,6917345,9128356,11372246,14795862,18947957,5481169,6998723,8365963,10352910,12472280,12509812,1744,5715561,7230468,8620547,10498910,12673281,12699085,1744,28.2,30.9,32.3,33.6,9717128,11303054,12774762,14799505,17701552,1399005,1704741,2021632,2404566,2979598,17957,50812,65877,118362,170972,62640,134428,2124239,3014754,3614438,514633,679001,938123,1286513,1616761,1956592,2515392,2809850,3677865,4343878,5247794,6237148,258967,274961,277642,340748,4837,854414,906664,942891,1104396,7816,1018529,1166829,1317555,1562222,9744,1101602,1337117,1467945,1744906,10304,1216570,1475098,1759619,2238704,11264,1091619,1395043,1810488,2283112,11692,345204,476462,692006,830702,7425,328468,392933,637705,761712,7346,7205,12904,19617,25809,87
"G490","Utah","49","490",1059273,1461037,1722850,2233169,2763885,2766233,0,207801,227977,223769,262825,260290,733179,1049644,1319551,1748080,2243441,523265,724501,855759,1119031,1388317,1389986,546,536008,736536,867091,1114138,1375568,1376247,546,24.2,26.3,27.1,29.2,1031926,1383997,1615845,1992975,2379560,6617,9691,11576,17657,29287,11273,20103,24283,29684,32927,9457,20224,71146,145658,246593,47195,75518,74441,104606,143937,182447,244657,249244,351508,410862,535294,660234,25441,35377,43896,53397,1642,91030,112479,143317,156739,2461,101850,132929,175060,201635,3052,105655,131876,173076,210031,2938,119616,149115,205880,258258,3243,82697,92667,153717,195306,3451,20358,25647,47093,59955,1638,22728,26038,47484,55635,1484,6305,11029,18185,23794,126
"G500","Vermont","50","500",444330,511456,562758,608827,625741,625498,0,301441,338721,381609,376379,382356,0,76528,87088,105365,108740,217166,249080,275492,298337,308206,308429,322,227164,262376,287266,310490,317535,317069,322,29.4,33.0,37.7,41.5,442553,507052,555088,589208,596292,761,1188,1951,3063,6277,229,1068,1696,2420,2207,787,1640,4023,6801,10212,7335,10753,44377,54013,61306,72547,87277,106296,128460,144895,157763,160360,16391,21318,18209,18269,932,40732,45352,44253,41845,1139,41595,46270,50133,47347,1216,34940,42893,46609,45197,1225,37195,48643,56841,59044,1449,26626,37276,46911,50928,1357,7263,10804,16427,18796,802,6318,7699,14805,15333,653,6178,13527,20625,28846,308
"G510","Virginia","51","510",4648494,5346818,6187358,7078515,8001024,8014955,0,1713653,1817395,1893915,1908560,1963930,2397006,3044467,3829739,4713302,5584039,2297121,2618310,3033974,3471895,3925983,3933820,1239,2351373,2728508,3153384,3606620,4075041,4081135,1239,29.8,32.7,35.7,37.5,3761514,4236345,4791739,5120110,5486852,861368,1008665,1162994,1390293,1551399,4853,10069,15282,21172,29225,20759,70569,217343,403871,700148,143069,233400,349392,479104,628008,749027,948164,1158597,1397516,1629490,1847796,2047188,81625,86099,85207,92888,2489,267218,306761,296082,305641,3721,350061,438363,448126,479944,4840,403751,510464,530128,568411,4743,519028,642817,730763,792690,6374,467090,614787,709821,799454,6838,165373,241470,289734,329092,4404,152192,202679,281892,363583,4480,7478,15713,23975,33326,151
"G530","Washington","53","530",3409169,4132156,4866692,5894121,6724540,6738714,0,932701,1095142,1148744,1063015,1072671,1873418,2621459,3214738,4303803,5041475,1693747,2052307,2413747,2934300,3349707,3360046,609,1715422,2079849,2452945,2959821,3374833,3378668,609,29.8,33.1,35.3,37.3,3251055,3790990,4308937,4821823,5196362,71308,105604,149801,190267,240042,33386,63808,81483,93301,103869,53420,111607,326471,575211,871341,213519,312926,298380,402652,542976,627229,801688,861689,1079038,1264934,1499127,1687455,76664,88322,91132,93841,2443,236841,270797,286517,297824,3876,295553,354747,391606,413315,4760,303954,377232,418990,466884,4893,363997,468665,556799,629323,5316,298912,403943,517085,606096,5401,88948,138760,195343,222333,2728,82780,113823,207177,231535,3655,8073,14923,22973,30661,127
"G540","West Virginia","54","540",1744237,1949644,1793477,1808344,1852994,1850481,0,1064746,1244325,1145293,975564,950184,340614,403378,388840,512427,615254,844669,945408,861536,879170,913586,911142,692,899568,1004236,931941,929174,939408,939339,692,30.4,35.4,38.9,41.3,1673480,1874618,1725523,1718777,1739988,67342,65041,56295,57232,63124,751,2357,2458,3606,3787,2664,5902,9201,12941,18953,15788,27142,188717,230301,256990,264619,288071,451717,529734,500259,504055,502332,25150,29956,28589,32628,1284,92420,90845,83929,86000,1836,111781,113627,110704,110740,2120,112296,113163,112448,112850,2068,123416,121966,134958,141831,2643,106528,98819,117291,119349,2513,39870,37928,49594,51451,1622,46706,36380,63170,65809,1881,6141,10520,16477,22482,208
"G550","Wisconsin","55","550",4417731,4705767,4891769,5363675,5686986,5687219,0,1507313,1685035,1679813,1700032,1697348,2066645,2336665,2464721,2842494,3173382,2167373,2305427,2392935,2649041,2822400,2822271,752,2250358,2400340,2498834,2714634,2864586,2864948,752,29.4,32.9,36.0,38.5,4258959,4446088,4512523,4769857,4902067,128224,183169,244539,304460,359148,18924,30788,39387,47228,54526,11624,22043,95320,175235,266928,66895,104317,434256,516340,601107,651296,742676,1072348,1208094,1275172,1386815,1468917,123871,130968,135194,128193,2346,365184,386108,398697,374612,3521,400106,439464,476569,468315,3907,355367,398660,440637,443945,4077,374261,443436,531628,573872,4405,226601,282678,369375,435262,3797,59387,83031,120028,143855,2033,51308,71179,113181,126558,2255,7243,13276,21271,27426,104
"G560","Wyoming","56","560",332416,469557,453588,493782,563626,562803,0,131305,174918,158953,172438,198633,0,117716,114138,125921,138136,166775,240560,227007,248374,287437,286644,499,165641,228997,226581,245408,276189,276159,499,27.1,32.1,36.2,36.8,323024,446489,427061,454670,511279,2568,3270,3606,3722,4748,4980,8266,9479,11133,13336,1844,2044,13442,15374,21902,8883,12361,28668,35005,44570,54390,67565,84177,121685,119825,130497,146644,17921,19693,22580,24677,1091,52407,50678,56730,61868,1511,47331,48152,54902,64412,1745,33473,33762,35789,43536,1517,19560,18160,21153,29752,1365,15475,13724,17711,21697,936,7118,6777,7757,9110,667,15700,8150,12888,16260,899,7927,12311,19134,28858,366
"G720","Puerto Rico","72","720",,,,,3725789,3716727,0,,,,,232533,,,,,3379977,,,,,1785171,1780705,0,,,,,1940618,1936022,0,,,,36.9,,,,,2825100,,,,,461498,,,,,19839,,,,,297106,,122246,,,,,531916,,,,,1006317,,,,22892,999,,,,75302,1942,,,,122697,2709,,,,162565,2537,,,,192519,3548,,,,249368,3462,,,,88221,2172,,,,141465,2958,,,,10850,69
