id,2Vz5_bzzXtA
published,"2020-06-06 20:28:06"
published_unix,1591475286
title,"Ben Shapiro Explains Why Conservatives Criticize the Black Lives Matter Movement"
description,"A caller asked me to give my thoughts on the Black Lives Matter movement. I explain why many conservatives are critical of the movement. Ben Shapiro Takes the Political Compass Quiz - https://youtu.be/QB2drJIWI7Y Congresswoman Tries to Call Ben Shapiro Racist…Regrets it Immediately - https://youtu.be/0pn2bwa2zZc A Canadian Challenges Shapiro on Socialized Medicine - https://youtu.be/a-eg8YQF-hQ"
channelId,UCnQC_G5Xsjhp9fEJKuIcrSw
channelTitle,"Ben Shapiro"
duration,PT14M15S
dimension,2d
definition,hd
caption,false
allowedIn,
blockedIn,
licensedContent,1
viewCount,1105723
likeCount,40999
dislikeCount,
favoriteCount,0
commentCount,4907
uploadStatus,processed
privacyStatus,public
license,youtube
embeddable,1
publicStatsViewable,1
