START_ID,years_served,END_ID
1,10,30
1,10,9
1,12,13
1,2,113
1,2,16
1,2,2
1,2,214
1,2,216
1,2,22
1,2,221
1,2,230
1,2,253
1,2,255
1,2,256
1,2,258
1,2,260
1,2,262
1,2,263
1,2,265
1,2,267
1,2,283
1,2,287
1,2,32
1,2,33
1,2,338
1,2,369
1,2,39
1,2,398
1,2,43
1,2,469
1,2,48
1,2,483
1,2,484
1,2,485
1,2,514
1,2,515
1,2,516
1,2,518
1,2,550
1,2,593
1,2,635
1,2,749
1,2,750
1,4,10
1,4,20
1,4,21
1,4,215
1,4,252
1,4,27
1,4,3
1,4,35
1,4,37
1,4,42
1,4,44
1,4,49
1,4,5
1,4,7
1,6,24
1,6,26
1,6,45
1,8,38
1,8,475
10,12,3
10,14,16
10,18,21
10,2,2
10,2,20
10,2,208
10,2,214
10,2,223
10,2,246
10,2,27
10,2,29
10,2,32
10,2,338
10,2,35
10,2,38
10,2,39
10,2,398
10,2,403
10,2,404
10,2,406
10,2,407
10,2,409
10,2,410
10,2,411
10,2,42
10,2,47
10,2,49
10,2,5
10,2,7
10,2,80
10,2,81
10,2,825
10,2,826
10,4,1
10,4,13
10,4,26
10,4,30
10,4,37
10,4,463
10,4,9
10,6,24
10,6,45
100,2,101
100,2,102
100,2,103
100,2,27
100,2,99
101,2,100
101,2,814
101,2,99
102,2,100
103,2,100
103,2,109
103,2,11
103,2,13
103,2,14
103,2,195
103,2,197
103,2,22
103,2,222
103,2,224
103,2,225
103,2,231
103,2,269
103,2,31
103,2,354
103,2,355
103,2,356
103,2,357
103,2,358
103,2,359
103,2,360
103,2,361
103,2,362
103,2,363
103,2,364
103,2,365
103,2,366
103,2,367
103,2,368
103,2,370
103,2,42
103,2,43
103,2,48
103,2,56
103,2,59
103,2,89
103,4,131
103,4,196
103,4,369
104,2,105
104,2,110
104,2,281
104,4,280
105,2,104
105,2,107
105,2,109
105,2,44
105,4,106
105,4,108
105,8,110
106,2,107
106,2,109
106,4,105
106,6,108
106,6,110
107,2,105
107,2,106
107,2,108
107,2,109
107,2,110
107,2,650
108,2,107
108,2,109
108,4,105
108,6,106
108,6,110
109,10,143
109,2,103
109,2,105
109,2,106
109,2,107
109,2,108
109,2,11
109,2,110
109,2,13
109,2,14
109,2,141
109,2,142
109,2,144
109,2,145
109,2,202
109,2,222
109,2,231
109,2,299
109,2,300
109,2,301
109,2,31
109,2,312
109,2,354
109,2,355
109,2,359
109,2,455
109,2,559
109,2,560
109,2,561
109,2,562
109,2,563
109,2,564
109,2,565
109,2,60
109,2,662
109,4,140
109,4,34
109,4,661
11,2,103
11,2,109
11,2,195
11,2,2
11,2,23
11,2,231
11,2,253
11,2,256
11,2,28
11,2,3
11,2,30
11,2,31
11,2,35
11,2,354
11,2,355
11,2,359
11,2,36
11,2,37
11,2,380
11,2,43
11,2,446
11,2,447
11,2,448
11,2,449
11,2,450
11,2,451
11,2,452
11,2,454
11,2,456
11,2,457
11,2,458
11,2,47
11,2,49
11,2,64
11,2,7
11,2,71
11,2,72
11,2,73
11,2,74
11,2,75
11,2,76
11,2,77
11,2,78
11,2,79
11,2,8
11,2,81
11,2,82
11,2,9
11,4,13
11,4,14
11,4,22
11,4,24
11,4,26
11,4,45
11,4,48
11,4,80
110,2,104
110,2,107
110,2,109
110,2,340
110,2,44
110,6,106
110,6,108
110,8,105
111,10,50
111,14,261
111,2,112
111,2,259
111,2,266
111,2,42
111,2,722
111,2,8
111,4,257
111,4,263
111,4,264
111,6,254
111,8,113
112,2,111
112,2,113
113,2,1
113,2,112
113,2,13
113,2,22
113,2,24
113,2,252
113,2,253
113,2,255
113,2,256
113,2,258
113,2,26
113,2,260
113,2,262
113,2,264
113,2,265
113,2,266
113,2,267
113,2,27
113,2,30
113,2,35
113,2,37
113,2,38
113,2,43
113,2,44
113,2,45
113,2,48
113,2,49
113,2,5
113,2,8
113,2,9
113,4,261
113,4,263
113,4,42
113,4,50
113,6,254
113,6,257
113,6,259
113,8,111
114,10,29
114,2,115
114,2,137
114,2,178
114,2,200
114,2,201
114,2,203
114,2,204
114,2,205
114,2,206
114,2,207
114,2,209
114,2,213
114,2,214
114,2,218
114,2,219
114,2,221
114,2,222
114,2,225
114,2,228
114,2,23
114,2,231
114,2,286
114,2,310
114,2,311
114,2,312
114,2,33
114,2,399
114,2,404
114,2,405
114,2,408
114,2,43
114,2,44
114,2,465
114,26,81
114,4,14
114,4,210
114,4,26
114,4,28
114,4,31
114,4,32
114,4,4
114,6,202
114,6,208
114,6,223
114,6,40
115,2,114
115,2,116
115,2,81
116,2,115
117,2,118
118,2,117
119,2,121
119,2,122
119,4,120
12,2,18
12,2,2
12,2,289
12,2,294
12,2,44
12,2,46
12,2,486
12,2,50
12,2,617
12,2,618
12,2,620
12,4,722
120,2,121
120,2,122
120,2,123
120,4,119
121,2,119
121,2,120
121,2,122
122,2,119
122,2,120
122,2,121
122,2,472
123,2,120
124,2,125
124,2,126
124,2,127
124,2,128
124,2,280
125,2,124
125,2,126
125,2,128
125,4,127
126,10,127
126,2,124
126,2,125
126,6,128
127,10,126
127,2,124
127,4,125
127,6,128
128,2,124
128,2,125
128,2,600
128,2,601
128,2,602
128,6,126
128,6,127
129,2,130
129,2,134
129,2,136
129,2,217
129,2,227
129,2,664
129,2,758
129,2,88
13,10,26
13,10,30
13,10,45
13,10,9
13,12,1
13,12,38
13,2,103
13,2,109
13,2,113
13,2,14
13,2,148
13,2,16
13,2,164
13,2,165
13,2,166
13,2,167
13,2,20
13,2,214
13,2,215
13,2,216
13,2,230
13,2,231
13,2,253
13,2,255
13,2,256
13,2,258
13,2,260
13,2,262
13,2,265
13,2,267
13,2,32
13,2,338
13,2,355
13,2,359
13,2,36
13,2,369
13,2,39
13,2,398
13,2,4
13,2,44
13,2,47
13,2,514
13,2,515
13,2,516
13,2,517
13,2,518
13,2,558
13,2,80
13,2,849
13,2,86
13,2,87
13,2,91
13,2,93
13,2,95
13,2,97
13,2,98
13,4,10
13,4,11
13,4,2
13,4,21
13,4,22
13,4,27
13,4,43
13,4,48
13,4,5
13,4,7
13,4,8
13,6,252
13,6,3
13,6,37
13,6,42
13,8,24
13,8,35
13,8,49
130,2,129
130,2,132
130,2,133
130,2,134
130,2,135
130,2,136
130,2,137
130,2,139
130,2,15
130,4,131
130,4,138
131,2,133
131,2,135
131,2,15
131,2,195
131,2,197
131,2,269
131,2,302
131,2,430
131,2,56
131,2,715
131,4,103
131,4,130
131,4,196
131,4,300
131,4,59
132,2,130
132,2,15
132,2,154
132,2,277
132,2,353
132,2,460
132,2,463
132,2,466
132,2,467
132,2,586
132,2,587
132,2,624
133,2,130
133,2,131
134,2,129
134,2,130
134,4,136
135,2,130
135,2,131
135,2,62
136,2,129
136,2,130
136,4,134
137,2,114
137,2,130
137,2,138
137,2,15
137,2,223
137,2,26
137,2,29
137,2,375
137,2,376
137,2,399
137,2,405
137,2,680
137,2,81
137,4,377
137,6,374
137,8,372
137,8,373
138,2,137
138,4,130
139,2,130
139,2,15
14,2,103
14,2,109
14,2,13
14,2,15
14,2,17
14,2,19
14,2,2
14,2,200
14,2,201
14,2,202
14,2,203
14,2,204
14,2,205
14,2,206
14,2,207
14,2,208
14,2,209
14,2,213
14,2,214
14,2,218
14,2,221
14,2,222
14,2,225
14,2,228
14,2,26
14,2,32
14,2,34
14,2,355
14,2,359
14,2,37
14,2,41
14,2,43
14,2,44
14,2,6
14,2,64
14,2,7
14,2,71
14,2,72
14,2,73
14,2,74
14,2,75
14,2,76
14,2,77
14,2,78
14,2,79
14,2,8
14,2,80
14,2,82
14,4,11
14,4,114
14,4,231
14,4,33
14,4,4
14,6,23
14,6,28
14,6,29
14,6,40
14,6,81
14,8,31
140,2,141
140,2,142
140,2,144
140,2,145
140,2,19
140,2,217
140,2,227
140,2,285
140,2,287
140,2,288
140,2,299
140,2,300
140,2,301
140,2,33
140,2,359
140,2,400
140,2,476
140,2,534
140,2,664
140,2,701
140,2,85
140,2,871
140,2,89
140,4,109
140,4,143
141,2,109
141,2,140
141,2,143
141,2,145
141,4,142
141,4,144
142,2,109
142,2,140
142,2,143
142,2,144
142,2,145
142,2,789
142,4,141
143,10,109
143,2,141
143,2,142
143,2,144
143,2,145
143,2,299
143,2,300
143,2,301
143,2,466
143,2,715
143,4,140
144,2,109
144,2,140
144,2,142
144,2,143
144,2,145
144,4,141
145,2,109
145,2,140
145,2,141
145,2,142
145,2,143
145,2,144
145,2,383
145,2,384
146,2,147
146,2,149
146,2,193
146,2,224
146,2,548
146,4,751
147,2,146
147,2,148
147,2,149
148,2,13
148,2,147
148,2,258
148,2,262
148,2,30
148,2,35
148,2,38
148,2,389
148,2,43
148,2,464
148,2,47
148,2,482
148,2,49
148,2,558
148,2,567
148,2,571
148,2,572
148,2,573
148,2,575
148,2,592
148,2,635
148,2,638
148,2,639
148,2,640
148,2,831
148,2,849
148,2,891
148,2,9
148,2,94
148,4,475
148,6,478
149,2,146
149,2,147
149,2,526
149,2,548
149,2,730
149,4,731
15,2,130
15,2,131
15,2,132
15,2,137
15,2,139
15,2,14
15,2,19
15,2,2
15,2,205
15,2,22
15,2,223
15,2,23
15,2,258
15,2,26
15,2,262
15,2,266
15,2,272
15,2,28
15,2,31
15,2,33
15,2,34
15,2,372
15,2,373
15,2,374
15,2,375
15,2,4
15,2,40
15,2,414
15,2,461
15,2,463
15,2,464
15,2,467
15,2,468
15,2,472
15,2,475
15,2,476
15,2,478
15,2,48
15,2,555
15,2,569
15,2,6
15,2,7
15,2,715
15,2,8
15,2,865
15,2,96
15,4,17
15,4,29
15,4,41
15,4,43
15,4,460
15,4,466
150,2,151
150,2,421
150,2,422
150,2,423
150,2,424
151,2,150
151,2,152
151,2,153
152,2,151
152,2,153
152,2,672
152,2,752
153,2,151
153,2,152
154,2,132
154,2,155
154,2,289
154,2,459
154,2,624
154,2,684
155,2,154
156,2,157
156,2,158
156,2,159
156,2,160
156,2,161
156,2,162
156,2,163
157,2,156
157,2,158
157,2,159
157,2,160
157,2,161
157,2,162
157,2,163
158,2,156
158,2,157
158,2,159
158,2,160
158,2,161
158,2,162
158,2,163
159,2,156
159,2,157
159,2,158
159,2,160
159,2,161
159,2,162
159,2,163
16,10,3
16,14,10
16,16,21
16,2,1
16,2,13
16,2,2
16,2,20
16,2,208
16,2,223
16,2,246
16,2,27
16,2,29
16,2,30
16,2,32
16,2,35
16,2,38
16,2,39
16,2,403
16,2,404
16,2,406
16,2,407
16,2,409
16,2,410
16,2,411
16,2,42
16,2,463
16,2,47
16,2,49
16,2,5
16,2,80
16,2,81
16,2,9
16,4,24
16,4,26
16,4,37
16,4,45
160,2,156
160,2,157
160,2,158
160,2,159
160,2,161
160,2,163
160,2,186
160,2,189
160,2,190
160,2,848
160,4,187
160,8,162
161,2,156
161,2,157
161,2,158
161,2,159
161,2,160
161,2,162
161,2,163
162,10,187
162,2,156
162,2,157
162,2,158
162,2,159
162,2,161
162,2,163
162,2,190
162,2,233
162,2,245
162,2,246
162,2,249
162,2,404
162,2,533
162,2,534
162,2,539
162,2,8
162,2,848
162,4,186
162,4,189
162,4,191
162,4,232
162,6,193
162,8,160
162,8,165
162,8,19
163,2,156
163,2,157
163,2,158
163,2,159
163,2,160
163,2,161
163,2,162
164,2,13
164,2,165
164,2,166
164,2,167
164,2,26
164,2,37
164,2,38
164,2,45
164,2,80
165,2,13
165,2,164
165,2,166
165,2,167
165,2,17
165,2,188
165,2,193
165,2,217
165,2,245
165,2,246
165,2,26
165,2,34
165,2,344
165,2,37
165,2,45
165,2,80
165,2,89
165,4,187
165,4,191
165,4,249
165,4,38
165,8,162
166,2,13
166,2,164
166,2,165
166,2,167
166,2,26
166,2,37
166,2,38
166,2,45
166,2,80
167,2,13
167,2,164
167,2,165
167,2,166
167,2,26
167,2,37
167,2,38
167,2,45
167,2,80
168,2,169
169,2,168
17,10,34
17,2,14
17,2,165
17,2,172
17,2,173
17,2,174
17,2,175
17,2,177
17,2,179
17,2,180
17,2,181
17,2,182
17,2,183
17,2,188
17,2,2
17,2,217
17,2,23
17,2,249
17,2,266
17,2,29
17,2,31
17,2,313
17,2,359
17,2,4
17,2,40
17,2,43
17,2,44
17,2,56
17,2,6
17,2,660
17,2,7
17,2,8
17,2,89
17,4,15
17,4,176
17,4,178
17,4,28
17,4,33
17,4,96
17,6,19
17,6,344
17,6,41
170,2,171
171,2,170
172,2,17
172,2,173
172,2,174
172,2,175
172,2,176
172,2,177
172,2,178
172,2,179
172,2,180
172,2,181
172,2,182
172,2,183
172,2,19
172,2,34
173,2,17
173,2,172
173,2,174
173,2,175
173,2,176
173,2,177
173,2,178
173,2,179
173,2,180
173,2,181
173,2,182
173,2,183
173,2,19
173,2,34
174,2,17
174,2,172
174,2,173
174,2,175
174,2,176
174,2,177
174,2,178
174,2,179
174,2,180
174,2,181
174,2,182
174,2,183
174,2,19
174,2,34
175,2,17
175,2,172
175,2,173
175,2,174
175,2,176
175,2,177
175,2,178
175,2,179
175,2,181
175,2,182
175,2,183
175,2,19
175,2,34
175,2,40
175,26,180
176,2,172
176,2,173
176,2,174
176,2,175
176,2,177
176,2,178
176,2,179
176,2,180
176,2,181
176,2,182
176,2,19
176,2,230
176,2,28
176,2,33
176,2,359
176,2,43
176,2,44
176,2,56
176,2,660
176,2,94
176,4,17
176,4,183
176,4,313
176,4,34
177,2,17
177,2,172
177,2,173
177,2,174
177,2,175
177,2,176
177,2,178
177,2,179
177,2,180
177,2,181
177,2,182
177,2,183
177,2,19
177,2,34
178,2,114
178,2,172
178,2,173
178,2,174
178,2,175
178,2,176
178,2,177
178,2,179
178,2,180
178,2,181
178,2,182
178,2,183
178,2,19
178,2,34
178,2,548
178,2,96
178,4,17
179,2,17
179,2,172
179,2,173
179,2,174
179,2,175
179,2,176
179,2,177
179,2,178
179,2,180
179,2,181
179,2,182
179,2,183
179,2,19
179,2,34
18,2,12
18,2,2
18,2,269
18,2,44
18,2,46
18,2,50
18,2,631
18,2,739
18,2,805
18,4,632
18,4,890
180,2,17
180,2,172
180,2,173
180,2,174
180,2,176
180,2,177
180,2,178
180,2,179
180,2,181
180,2,182
180,2,183
180,2,19
180,2,34
180,2,40
180,26,175
181,2,17
181,2,172
181,2,173
181,2,174
181,2,175
181,2,176
181,2,177
181,2,178
181,2,179
181,2,180
181,2,182
181,2,183
181,2,19
181,2,34
182,2,17
182,2,172
182,2,173
182,2,174
182,2,175
182,2,176
182,2,177
182,2,178
182,2,179
182,2,180
182,2,181
182,2,183
182,2,19
182,2,34
183,2,17
183,2,172
183,2,173
183,2,174
183,2,175
183,2,177
183,2,178
183,2,179
183,2,180
183,2,181
183,2,182
183,2,19
183,2,289
183,2,34
183,2,47
183,2,472
183,2,482
183,2,483
183,4,176
183,4,313
184,2,185
185,2,184
186,2,160
186,2,187
186,2,577
186,2,848
186,4,162
187,10,162
187,2,186
187,2,188
187,2,189
187,2,190
187,2,192
187,2,193
187,2,194
187,4,160
187,4,165
187,6,191
188,2,165
188,2,17
188,2,187
188,2,192
188,2,217
188,2,249
188,2,326
188,2,327
188,2,328
188,2,329
188,2,34
188,2,344
188,2,863
188,2,89
188,4,191
189,2,160
189,2,187
189,2,190
189,4,162
19,14,34
19,2,14
19,2,140
19,2,15
19,2,172
19,2,173
19,2,174
19,2,175
19,2,176
19,2,177
19,2,178
19,2,179
19,2,180
19,2,181
19,2,182
19,2,183
19,2,193
19,2,2
19,2,214
19,2,218
19,2,23
19,2,266
19,2,287
19,2,288
19,2,29
19,2,31
19,2,33
19,2,40
19,2,43
19,2,476
19,2,539
19,2,6
19,2,7
19,4,28
19,4,4
19,4,41
19,4,8
19,6,17
19,8,162
190,2,160
190,2,162
190,2,187
190,2,189
191,2,192
191,2,193
191,2,326
191,2,327
191,2,328
191,2,329
191,2,335
191,4,162
191,4,165
191,4,188
191,6,187
192,2,187
192,2,188
192,2,191
192,2,763
193,2,146
193,2,165
193,2,187
193,2,19
193,2,191
193,2,245
193,2,246
193,2,249
193,2,751
193,6,162
194,2,187
194,2,26
194,2,34
194,2,44
194,2,524
194,4,525
195,2,103
195,2,11
195,2,131
195,2,56
195,2,59
195,4,196
195,4,197
196,2,197
196,2,300
196,2,364
196,2,367
196,2,56
196,4,103
196,4,131
196,4,195
196,4,59
197,2,103
197,2,131
197,2,196
197,2,56
197,2,59
197,4,195
198,2,199
198,2,243
198,2,289
199,2,198
2,2,1
2,2,10
2,2,11
2,2,12
2,2,14
2,2,15
2,2,16
2,2,17
2,2,18
2,2,19
2,2,20
2,2,21
2,2,22
2,2,23
2,2,25
2,2,27
2,2,28
2,2,29
2,2,30
2,2,33
2,2,36
2,2,37
2,2,38
2,2,39
2,2,40
2,2,41
2,2,42
2,2,46
2,2,47
2,2,48
2,2,5
2,2,50
2,2,6
2,2,9
2,4,13
2,4,24
2,4,26
2,4,3
2,4,31
2,4,32
2,4,34
2,4,35
2,4,4
2,4,43
2,4,44
2,4,45
2,4,49
2,4,7
2,4,8
20,2,10
20,2,13
20,2,16
20,2,2
20,2,21
20,2,24
20,2,26
20,2,27
20,2,3
20,2,30
20,2,35
20,2,37
20,2,38
20,2,39
20,2,42
20,2,45
20,2,475
20,2,484
20,2,485
20,2,49
20,2,5
20,2,7
20,2,9
20,4,1
200,2,114
200,2,14
200,2,201
200,2,202
200,2,203
200,2,204
200,2,205
200,2,206
200,2,207
200,2,208
200,2,209
200,2,23
200,2,28
200,2,29
200,2,31
200,2,33
200,2,4
200,2,40
200,2,81
201,2,114
201,2,14
201,2,200
201,2,202
201,2,203
201,2,204
201,2,205
201,2,206
201,2,207
201,2,208
201,2,209
201,2,23
201,2,28
201,2,29
201,2,31
201,2,33
201,2,4
201,2,40
201,2,81
202,2,109
202,2,14
202,2,200
202,2,201
202,2,203
202,2,204
202,2,205
202,2,206
202,2,207
202,2,208
202,2,209
202,2,210
202,2,23
202,2,29
202,2,310
202,2,311
202,2,312
202,2,33
202,2,34
202,2,432
202,2,661
202,2,662
202,4,28
202,4,31
202,4,4
202,4,40
202,6,114
202,6,81
203,2,114
203,2,14
203,2,200
203,2,201
203,2,202
203,2,204
203,2,205
203,2,206
203,2,207
203,2,208
203,2,209
203,2,23
203,2,28
203,2,29
203,2,31
203,2,33
203,2,4
203,2,40
203,2,408
203,2,464
203,2,470
203,2,666
203,2,669
203,2,81
203,2,94
204,2,114
204,2,14
204,2,200
204,2,201
204,2,202
204,2,203
204,2,205
204,2,206
204,2,207
204,2,208
204,2,209
204,2,23
204,2,28
204,2,29
204,2,31
204,2,33
204,2,4
204,2,40
204,2,81
205,2,114
205,2,14
205,2,15
205,2,200
205,2,201
205,2,202
205,2,203
205,2,204
205,2,206
205,2,207
205,2,208
205,2,209
205,2,22
205,2,223
205,2,23
205,2,258
205,2,26
205,2,262
205,2,28
205,2,31
205,2,33
205,2,4
205,2,40
205,2,43
205,2,464
205,2,468
205,2,472
205,2,475
205,2,476
205,2,478
205,2,48
205,2,555
205,2,569
205,2,81
205,4,29
206,2,114
206,2,14
206,2,200
206,2,201
206,2,202
206,2,203
206,2,204
206,2,205
206,2,207
206,2,208
206,2,209
206,2,23
206,2,28
206,2,29
206,2,31
206,2,33
206,2,4
206,2,40
206,2,81
207,2,114
207,2,14
207,2,200
207,2,201
207,2,202
207,2,203
207,2,204
207,2,205
207,2,206
207,2,208
207,2,209
207,2,23
207,2,28
207,2,31
207,2,33
207,2,4
207,2,40
207,2,81
207,6,29
208,2,10
208,2,14
208,2,16
208,2,200
208,2,201
208,2,202
208,2,203
208,2,204
208,2,205
208,2,206
208,2,207
208,2,209
208,2,21
208,2,23
208,2,246
208,2,26
208,2,28
208,2,3
208,2,31
208,2,33
208,2,37
208,2,4
208,2,40
208,2,403
208,2,406
208,2,407
208,2,408
208,2,409
208,2,410
208,2,411
208,2,43
208,2,47
208,2,80
208,4,223
208,4,404
208,6,114
208,6,29
208,8,81
209,2,114
209,2,14
209,2,200
209,2,201
209,2,202
209,2,203
209,2,204
209,2,205
209,2,206
209,2,207
209,2,208
209,2,23
209,2,28
209,2,29
209,2,31
209,2,33
209,2,4
209,2,40
209,2,81
21,12,3
21,16,16
21,18,10
21,2,2
21,2,20
21,2,208
21,2,214
21,2,223
21,2,246
21,2,27
21,2,29
21,2,32
21,2,338
21,2,35
21,2,38
21,2,39
21,2,398
21,2,403
21,2,404
21,2,406
21,2,407
21,2,409
21,2,410
21,2,411
21,2,42
21,2,47
21,2,49
21,2,5
21,2,7
21,2,80
21,2,81
21,2,825
21,2,826
21,4,1
21,4,13
21,4,26
21,4,30
21,4,37
21,4,463
21,4,9
21,6,24
21,6,45
210,2,202
210,2,219
210,2,224
210,2,292
210,2,32
210,2,359
210,2,534
210,2,679
210,4,114
210,4,661
210,4,81
210,6,40
211,2,212
211,2,217
211,2,220
211,2,223
211,2,226
211,2,227
211,2,229
211,2,230
211,2,32
212,2,211
212,2,217
212,2,220
212,2,223
212,2,226
212,2,227
212,2,229
212,2,230
212,2,32
213,2,114
213,2,14
213,2,214
213,2,218
213,2,221
213,2,222
213,2,225
213,2,228
213,2,231
213,2,26
213,2,29
213,2,31
213,2,32
213,2,40
213,2,44
213,2,81
213,2,872
214,2,1
214,2,10
214,2,114
214,2,13
214,2,14
214,2,19
214,2,21
214,2,213
214,2,221
214,2,222
214,2,225
214,2,228
214,2,24
214,2,26
214,2,263
214,2,29
214,2,3
214,2,30
214,2,31
214,2,32
214,2,338
214,2,398
214,2,40
214,2,44
214,2,45
214,2,63
214,2,7
214,2,81
214,2,9
214,4,218
214,4,231
214,4,34
215,2,13
215,2,216
215,2,221
215,2,230
215,2,26
215,2,283
215,2,32
215,2,33
215,4,1
216,2,1
216,2,13
216,2,215
216,2,230
216,2,26
216,2,32
217,14,227
217,2,129
217,2,140
217,2,165
217,2,17
217,2,188
217,2,211
217,2,212
217,2,220
217,2,223
217,2,226
217,2,230
217,2,249
217,2,283
217,2,32
217,2,34
217,2,344
217,2,431
217,2,432
217,2,433
217,2,435
217,2,534
217,2,701
217,4,229
217,4,700
217,4,89
218,2,114
218,2,14
218,2,19
218,2,213
218,2,221
218,2,222
218,2,225
218,2,228
218,2,231
218,2,26
218,2,29
218,2,31
218,2,32
218,2,34
218,2,40
218,2,44
218,2,716
218,2,81
218,4,214
219,2,114
219,2,210
219,2,32
219,2,614
219,2,81
22,10,43
22,10,45
22,18,48
22,2,1
22,2,103
22,2,113
22,2,15
22,2,2
22,2,205
22,2,222
22,2,223
22,2,224
22,2,225
22,2,252
22,2,255
22,2,260
22,2,265
22,2,267
22,2,27
22,2,29
22,2,31
22,2,356
22,2,36
22,2,362
22,2,363
22,2,365
22,2,368
22,2,38
22,2,380
22,2,39
22,2,42
22,2,44
22,2,440
22,2,441
22,2,442
22,2,443
22,2,444
22,2,446
22,2,447
22,2,448
22,2,449
22,2,450
22,2,451
22,2,452
22,2,454
22,2,456
22,2,457
22,2,458
22,2,464
22,2,468
22,2,47
22,2,472
22,2,475
22,2,476
22,2,478
22,2,5
22,2,555
22,2,569
22,2,7
22,2,778
22,2,8
22,2,89
22,4,11
22,4,13
22,4,3
22,4,35
22,4,354
22,4,37
22,4,49
22,4,80
22,6,253
22,6,256
22,6,258
22,6,262
22,6,30
22,6,9
22,8,24
22,8,26
220,2,211
220,2,212
220,2,217
220,2,223
220,2,226
220,2,227
220,2,229
220,2,230
220,2,32
221,2,1
221,2,114
221,2,14
221,2,213
221,2,214
221,2,215
221,2,218
221,2,222
221,2,223
221,2,225
221,2,228
221,2,231
221,2,26
221,2,282
221,2,283
221,2,284
221,2,286
221,2,287
221,2,288
221,2,289
221,2,29
221,2,290
221,2,292
221,2,31
221,2,32
221,2,33
221,2,40
221,2,44
221,2,81
221,4,291
221,6,285
222,2,103
222,2,109
222,2,114
222,2,14
222,2,213
222,2,214
222,2,218
222,2,22
222,2,221
222,2,224
222,2,231
222,2,26
222,2,29
222,2,32
222,2,34
222,2,354
222,2,356
222,2,362
222,2,363
222,2,368
222,2,40
222,2,43
222,2,44
222,2,48
222,2,60
222,2,637
222,2,661
222,2,717
222,2,718
222,2,81
222,2,89
222,4,228
222,4,31
222,4,365
222,4,604
222,6,225
223,14,29
223,2,10
223,2,137
223,2,15
223,2,16
223,2,205
223,2,21
223,2,211
223,2,212
223,2,217
223,2,22
223,2,220
223,2,221
223,2,226
223,2,227
223,2,229
223,2,230
223,2,246
223,2,258
223,2,262
223,2,285
223,2,286
223,2,291
223,2,3
223,2,32
223,2,37
223,2,399
223,2,403
223,2,404
223,2,405
223,2,406
223,2,407
223,2,409
223,2,410
223,2,411
223,2,43
223,2,469
223,2,47
223,2,470
223,2,474
223,2,479
223,2,48
223,2,481
223,2,555
223,2,569
223,2,80
223,4,208
223,4,408
223,4,464
223,4,468
223,4,472
223,4,475
223,4,476
223,4,478
223,6,114
223,6,26
223,8,81
224,2,103
224,2,146
224,2,210
224,2,22
224,2,222
224,2,225
224,2,238
224,2,31
224,2,32
224,2,354
224,2,356
224,2,362
224,2,363
224,2,365
224,2,368
224,2,43
224,2,48
224,2,716
224,2,769
224,2,89
225,2,103
225,2,114
225,2,14
225,2,213
225,2,214
225,2,218
225,2,22
225,2,221
225,2,224
225,2,231
225,2,26
225,2,29
225,2,32
225,2,354
225,2,356
225,2,362
225,2,363
225,2,368
225,2,40
225,2,43
225,2,44
225,2,48
225,2,81
225,2,89
225,4,228
225,4,31
225,4,365
225,6,222
226,2,211
226,2,212
226,2,217
226,2,220
226,2,223
226,2,227
226,2,229
226,2,230
226,2,32
227,14,217
227,2,129
227,2,140
227,2,211
227,2,212
227,2,220
227,2,223
227,2,226
227,2,229
227,2,230
227,2,283
227,2,31
227,2,32
227,2,431
227,2,432
227,2,433
227,2,435
227,2,497
227,2,498
227,2,499
227,2,500
227,2,501
227,2,502
227,2,503
227,2,504
227,2,505
227,2,506
227,2,507
227,2,534
227,2,700
227,2,701
227,2,89
228,2,114
228,2,14
228,2,213
228,2,214
228,2,218
228,2,221
228,2,231
228,2,26
228,2,29
228,2,31
228,2,32
228,2,357
228,2,40
228,2,44
228,2,81
228,4,222
228,4,225
228,4,365
229,2,211
229,2,212
229,2,220
229,2,223
229,2,226
229,2,227
229,2,230
229,2,32
229,4,217
229,4,700
23,12,659
23,2,11
23,2,114
23,2,15
23,2,17
23,2,19
23,2,2
23,2,200
23,2,201
23,2,202
23,2,203
23,2,204
23,2,205
23,2,206
23,2,207
23,2,208
23,2,209
23,2,231
23,2,26
23,2,37
23,2,41
23,2,43
23,2,6
23,2,64
23,2,7
23,2,71
23,2,72
23,2,73
23,2,74
23,2,75
23,2,76
23,2,78
23,2,79
23,2,8
23,2,80
23,2,82
23,4,29
23,4,34
23,4,4
23,4,40
23,4,77
23,4,81
23,6,14
23,6,28
23,6,31
23,6,33
230,2,1
230,2,13
230,2,176
230,2,211
230,2,212
230,2,215
230,2,216
230,2,217
230,2,220
230,2,223
230,2,226
230,2,227
230,2,229
230,2,26
230,2,365
230,4,32
231,2,103
231,2,109
231,2,11
231,2,114
231,2,13
231,2,213
231,2,218
231,2,221
231,2,222
231,2,225
231,2,228
231,2,23
231,2,282
231,2,29
231,2,31
231,2,32
231,2,33
231,2,355
231,2,359
231,2,40
231,2,44
231,2,659
231,2,769
231,2,81
231,4,14
231,4,214
231,4,26
231,4,34
232,2,233
232,2,404
232,4,162
233,2,162
233,2,232
234,12,235
235,12,234
236,2,237
236,2,26
236,2,269
236,2,294
236,2,315
236,2,317
236,2,399
236,2,400
236,2,446
236,2,448
236,2,453
236,2,455
236,2,459
236,2,460
236,2,464
236,2,468
236,2,477
236,2,555
236,2,667
236,2,80
236,2,94
237,2,236
237,2,238
238,2,224
238,2,237
238,2,547
239,2,240
239,2,282
239,2,432
24,10,48
24,12,45
24,14,30
24,14,9
24,2,113
24,2,20
24,2,214
24,2,252
24,2,255
24,2,267
24,2,354
24,2,36
24,2,380
24,2,399
24,2,400
24,2,401
24,2,402
24,2,44
24,2,440
24,2,441
24,2,442
24,2,443
24,2,444
24,2,446
24,2,447
24,2,448
24,2,449
24,2,450
24,2,451
24,2,452
24,2,454
24,2,456
24,2,457
24,2,458
24,2,519
24,2,520
24,2,521
24,4,11
24,4,16
24,4,2
24,4,258
24,4,260
24,4,262
24,4,265
24,4,27
24,4,338
24,4,38
24,4,39
24,4,398
24,4,42
24,4,47
24,4,5
24,4,7
24,4,8
24,4,80
24,6,1
24,6,10
24,6,21
24,6,253
24,6,256
24,6,37
24,6,43
24,8,13
24,8,22
24,8,26
24,8,3
24,8,35
24,8,49
240,2,239
241,2,268
241,2,38
241,2,542
241,2,847
241,8,242
242,2,243
242,8,241
243,2,198
243,2,242
243,2,283
243,2,289
243,2,689
243,2,690
243,2,840
244,2,286
244,2,288
244,2,65
245,2,162
245,2,165
245,2,193
245,2,247
245,2,248
245,2,34
245,2,90
245,4,96
245,8,246
245,8,249
246,12,249
246,2,10
246,2,16
246,2,162
246,2,165
246,2,193
246,2,208
246,2,21
246,2,223
246,2,248
246,2,26
246,2,29
246,2,3
246,2,34
246,2,37
246,2,403
246,2,404
246,2,406
246,2,407
246,2,409
246,2,410
246,2,411
246,2,47
246,2,80
246,2,81
246,4,96
246,8,245
247,2,245
247,2,90
247,2,96
248,2,245
248,2,246
248,2,249
248,2,34
248,2,96
249,12,246
249,2,162
249,2,17
249,2,188
249,2,193
249,2,217
249,2,248
249,2,344
249,2,89
249,4,165
249,4,34
249,4,96
249,8,245
25,2,2
25,2,32
25,2,716
25,2,740
250,2,251
250,2,554
251,2,250
252,2,113
252,2,22
252,2,24
252,2,253
252,2,256
252,2,258
252,2,26
252,2,260
252,2,262
252,2,265
252,2,267
252,2,27
252,2,30
252,2,37
252,2,38
252,2,42
252,2,43
252,2,44
252,2,45
252,2,48
252,2,5
252,2,514
252,2,515
252,2,516
252,2,517
252,2,518
252,2,9
252,4,1
252,4,255
252,4,35
252,4,49
252,6,13
253,2,1
253,2,11
253,2,113
253,2,13
253,2,252
253,2,255
253,2,260
253,2,265
253,2,267
253,2,27
253,2,35
253,2,354
253,2,38
253,2,380
253,2,39
253,2,42
253,2,44
253,2,440
253,2,441
253,2,442
253,2,443
253,2,444
253,2,446
253,2,447
253,2,448
253,2,449
253,2,450
253,2,451
253,2,452
253,2,454
253,2,456
253,2,457
253,2,458
253,2,49
253,2,5
253,4,258
253,4,26
253,4,262
253,4,37
253,4,43
253,4,80
253,6,22
253,6,24
253,6,256
253,6,30
253,6,45
253,6,48
253,6,9
254,2,266
254,2,42
254,2,8
254,4,259
254,4,263
254,4,50
254,6,111
254,6,113
254,6,257
254,6,261
255,2,1
255,2,113
255,2,13
255,2,22
255,2,24
255,2,253
255,2,256
255,2,258
255,2,26
255,2,260
255,2,262
255,2,265
255,2,267
255,2,27
255,2,30
255,2,37
255,2,38
255,2,42
255,2,43
255,2,44
255,2,45
255,2,48
255,2,5
255,2,8
255,2,9
255,4,252
255,6,35
255,6,49
256,2,1
256,2,11
256,2,113
256,2,13
256,2,252
256,2,255
256,2,260
256,2,265
256,2,267
256,2,27
256,2,35
256,2,354
256,2,38
256,2,380
256,2,39
256,2,42
256,2,44
256,2,440
256,2,441
256,2,442
256,2,443
256,2,444
256,2,446
256,2,447
256,2,448
256,2,449
256,2,450
256,2,451
256,2,452
256,2,454
256,2,456
256,2,457
256,2,458
256,2,49
256,2,5
256,4,258
256,4,26
256,4,262
256,4,37
256,4,43
256,4,80
256,6,22
256,6,24
256,6,253
256,6,30
256,6,45
256,6,48
256,6,9
257,2,266
257,2,42
257,2,8
257,4,111
257,4,259
257,4,261
257,4,263
257,4,50
257,6,113
257,6,254
258,14,262
258,14,43
258,2,1
258,2,113
258,2,13
258,2,148
258,2,15
258,2,205
258,2,223
258,2,252
258,2,255
258,2,260
258,2,265
258,2,267
258,2,27
258,2,29
258,2,353
258,2,39
258,2,42
258,2,44
258,2,440
258,2,441
258,2,442
258,2,443
258,2,444
258,2,464
258,2,468
258,2,476
258,2,478
258,2,5
258,2,555
258,2,569
258,2,636
258,2,80
258,4,24
258,4,253
258,4,256
258,4,26
258,4,35
258,4,37
258,4,38
258,4,45
258,4,472
258,4,49
258,4,594
258,6,22
258,6,30
258,6,475
258,6,48
258,6,9
259,2,111
259,2,261
259,2,263
259,2,264
259,2,50
259,4,254
259,4,257
259,6,113
26,10,13
26,10,45
26,2,113
26,2,137
26,2,14
26,2,15
26,2,164
26,2,165
26,2,166
26,2,167
26,2,194
26,2,20
26,2,205
26,2,208
26,2,213
26,2,214
26,2,215
26,2,216
26,2,218
26,2,221
26,2,222
26,2,225
26,2,228
26,2,23
26,2,230
26,2,236
26,2,246
26,2,252
26,2,255
26,2,260
26,2,265
26,2,267
26,2,286
26,2,31
26,2,33
26,2,34
26,2,344
26,2,354
26,2,36
26,2,380
26,2,39
26,2,399
26,2,40
26,2,403
26,2,404
26,2,405
26,2,406
26,2,407
26,2,409
26,2,410
26,2,411
26,2,447
26,2,449
26,2,450
26,2,451
26,2,452
26,2,453
26,2,454
26,2,455
26,2,456
26,2,457
26,2,458
26,2,459
26,2,464
26,2,468
26,2,472
26,2,475
26,2,476
26,2,478
26,2,555
26,2,569
26,2,659
26,2,7
26,2,8
26,4,10
26,4,11
26,4,114
26,4,16
26,4,2
26,4,21
26,4,231
26,4,253
26,4,256
26,4,258
26,4,262
26,4,27
26,4,32
26,4,42
26,4,44
26,4,446
26,4,448
26,4,47
26,4,5
26,6,1
26,6,223
26,6,3
26,6,30
26,6,35
26,6,38
26,6,43
26,6,49
26,6,81
26,6,9
26,8,22
26,8,24
26,8,29
26,8,37
26,8,48
26,8,80
260,2,1
260,2,113
260,2,13
260,2,22
260,2,252
260,2,253
260,2,255
260,2,256
260,2,258
260,2,26
260,2,262
260,2,267
260,2,27
260,2,37
260,2,38
260,2,42
260,2,43
260,2,44
260,2,45
260,2,48
260,2,5
260,2,519
260,2,520
260,2,521
260,2,8
260,4,24
260,4,265
260,4,30
260,4,35
260,4,49
260,4,9
261,12,50
261,14,111
261,2,259
261,2,264
261,2,266
261,2,42
261,2,664
261,2,722
261,2,8
261,4,113
261,4,257
261,4,263
261,6,254
262,14,258
262,18,43
262,2,1
262,2,113
262,2,13
262,2,148
262,2,15
262,2,205
262,2,223
262,2,252
262,2,255
262,2,260
262,2,265
262,2,267
262,2,27
262,2,29
262,2,39
262,2,42
262,2,44
262,2,440
262,2,441
262,2,442
262,2,443
262,2,444
262,2,464
262,2,468
262,2,476
262,2,478
262,2,5
262,2,555
262,2,569
262,2,636
262,2,80
262,4,24
262,4,253
262,4,256
262,4,26
262,4,35
262,4,37
262,4,38
262,4,45
262,4,472
262,4,49
262,4,594
262,6,22
262,6,30
262,6,475
262,6,48
262,6,9
263,2,1
263,2,214
263,2,259
263,2,266
263,2,38
263,2,42
263,2,475
263,2,8
263,4,111
263,4,113
263,4,254
263,4,257
263,4,261
263,4,50
264,2,113
264,2,259
264,2,261
264,4,111
264,4,50
265,2,1
265,2,113
265,2,13
265,2,22
265,2,252
265,2,253
265,2,255
265,2,256
265,2,258
265,2,26
265,2,262
265,2,267
265,2,27
265,2,37
265,2,38
265,2,42
265,2,43
265,2,44
265,2,45
265,2,48
265,2,5
265,2,519
265,2,520
265,2,521
265,2,8
265,4,24
265,4,260
265,4,30
265,4,35
265,4,49
265,4,9
266,2,111
266,2,113
266,2,15
266,2,17
266,2,19
266,2,254
266,2,257
266,2,261
266,2,263
266,2,272
266,2,34
266,2,364
266,2,41
266,2,42
266,2,50
266,2,590
266,2,594
266,2,667
266,2,8
266,2,867
267,2,1
267,2,113
267,2,13
267,2,22
267,2,24
267,2,252
267,2,253
267,2,255
267,2,256
267,2,258
267,2,26
267,2,260
267,2,262
267,2,265
267,2,27
267,2,30
267,2,35
267,2,37
267,2,38
267,2,42
267,2,43
267,2,44
267,2,45
267,2,48
267,2,49
267,2,5
267,2,9
268,2,241
268,2,272
268,2,273
268,2,287
268,2,331
268,2,482
268,2,534
268,2,537
268,2,550
268,2,587
268,2,870
268,4,269
268,4,271
268,4,288
268,4,355
268,4,41
269,2,103
269,2,131
269,2,18
269,2,236
269,2,270
269,2,274
269,4,268
269,4,272
269,4,273
269,6,271
27,2,10
27,2,100
27,2,113
27,2,16
27,2,2
27,2,20
27,2,21
27,2,22
27,2,252
27,2,253
27,2,255
27,2,256
27,2,258
27,2,260
27,2,262
27,2,265
27,2,267
27,2,3
27,2,39
27,2,43
27,2,44
27,2,48
27,2,693
27,2,720
27,4,1
27,4,13
27,4,24
27,4,26
27,4,30
27,4,35
27,4,37
27,4,38
27,4,42
27,4,45
27,4,5
27,4,9
27,6,49
270,2,269
270,2,526
270,4,273
270,4,274
271,2,273
271,2,55
271,4,268
271,6,269
272,2,15
272,2,266
272,2,268
272,4,269
273,2,268
273,2,271
273,2,394
273,2,395
273,2,535
273,2,627
273,4,269
273,4,270
273,4,274
274,2,269
274,2,371
274,4,270
274,4,273
275,2,276
275,2,649
276,2,275
276,6,277
277,2,132
277,2,353
277,6,276
278,6,279
279,6,278
28,10,4
28,2,11
28,2,15
28,2,176
28,2,2
28,2,200
28,2,201
28,2,203
28,2,204
28,2,205
28,2,206
28,2,207
28,2,208
28,2,209
28,2,310
28,2,311
28,2,312
28,2,313
28,2,331
28,2,359
28,2,37
28,2,41
28,2,43
28,2,44
28,2,534
28,2,56
28,2,6
28,2,64
28,2,660
28,2,7
28,2,71
28,2,72
28,2,73
28,2,74
28,2,75
28,2,76
28,2,769
28,2,77
28,2,78
28,2,79
28,2,8
28,2,80
28,2,82
28,4,114
28,4,17
28,4,19
28,4,202
28,4,29
28,4,40
28,6,14
28,6,23
28,6,31
28,6,33
28,6,34
28,6,81
280,2,124
280,2,281
280,4,104
281,2,104
281,2,280
282,2,221
282,2,231
282,2,239
282,2,285
282,2,290
282,2,712
282,6,284
283,2,1
283,2,215
283,2,217
283,2,221
283,2,227
283,2,243
283,2,305
283,2,33
283,2,432
283,2,840
283,4,434
284,2,221
284,2,29
284,2,290
284,2,712
284,4,285
284,6,282
285,2,140
285,2,223
285,2,282
285,2,286
285,2,29
285,2,290
285,2,33
285,2,359
285,2,400
285,2,664
285,2,85
285,4,284
285,6,221
285,6,291
286,2,114
286,2,221
286,2,223
286,2,244
286,2,26
286,2,285
286,2,291
286,2,343
286,2,344
286,2,345
287,2,1
287,2,140
287,2,19
287,2,221
287,2,268
287,2,476
287,2,483
287,2,534
287,2,550
287,4,288
287,4,289
288,2,140
288,2,19
288,2,221
288,2,244
288,2,331
288,2,476
288,2,510
288,2,542
288,2,550
288,2,587
288,2,870
288,4,268
288,4,287
288,4,289
289,2,12
289,2,154
289,2,183
289,2,198
289,2,221
289,2,243
289,2,294
289,2,331
289,2,486
289,2,510
289,2,534
289,2,538
289,2,542
289,2,586
289,2,587
289,2,588
289,2,589
289,4,287
289,4,288
29,10,114
29,12,81
29,14,223
29,2,10
29,2,137
29,2,16
29,2,17
29,2,19
29,2,2
29,2,200
29,2,201
29,2,202
29,2,203
29,2,204
29,2,206
29,2,209
29,2,21
29,2,213
29,2,214
29,2,218
29,2,22
29,2,221
29,2,222
29,2,225
29,2,228
29,2,231
29,2,246
29,2,258
29,2,262
29,2,284
29,2,285
29,2,3
29,2,32
29,2,34
29,2,359
29,2,37
29,2,399
29,2,403
29,2,404
29,2,405
29,2,406
29,2,407
29,2,409
29,2,41
29,2,410
29,2,411
29,2,44
29,2,469
29,2,47
29,2,470
29,2,474
29,2,479
29,2,48
29,2,481
29,2,555
29,2,569
29,2,6
29,2,7
29,2,8
29,2,80
29,4,15
29,4,205
29,4,23
29,4,28
29,4,33
29,4,4
29,4,408
29,4,43
29,4,464
29,4,468
29,4,472
29,4,475
29,4,476
29,4,478
29,6,14
29,6,207
29,6,208
29,6,31
29,6,40
29,8,26
290,2,221
290,2,282
290,2,284
290,2,285
291,2,223
291,2,286
291,2,297
291,2,38
291,2,464
291,2,475
291,2,558
291,2,568
291,2,570
291,2,574
291,2,576
291,2,683
291,4,221
291,6,285
291,6,478
291,6,555
292,2,210
292,2,221
292,2,40
292,2,53
292,2,661
293,2,64
294,14,295
294,2,12
294,2,236
294,2,289
294,2,486
294,2,8
294,2,851
294,4,64
295,14,294
295,2,64
295,2,754
295,2,8
296,2,369
296,2,558
296,2,64
296,4,297
296,6,298
297,2,291
297,2,369
297,4,296
297,4,298
297,4,64
298,2,369
298,2,558
298,2,64
298,4,297
298,6,296
299,2,109
299,2,140
299,2,143
299,2,300
299,2,301
3,10,16
3,12,10
3,12,21
3,18,45
3,2,11
3,2,20
3,2,208
3,2,214
3,2,223
3,2,246
3,2,27
3,2,29
3,2,32
3,2,36
3,2,38
3,2,39
3,2,399
3,2,400
3,2,401
3,2,402
3,2,403
3,2,404
3,2,406
3,2,407
3,2,409
3,2,410
3,2,411
3,2,42
3,2,43
3,2,5
3,2,8
3,2,80
3,2,81
3,4,1
3,4,2
3,4,22
3,4,338
3,4,35
3,4,37
3,4,398
3,4,48
3,4,49
3,6,13
3,6,26
3,6,30
3,6,47
3,6,7
3,6,9
3,8,24
30,10,1
30,10,13
30,10,45
30,14,24
30,2,11
30,2,113
30,2,148
30,2,16
30,2,2
30,2,20
30,2,214
30,2,252
30,2,255
30,2,267
30,2,354
30,2,369
30,2,380
30,2,399
30,2,400
30,2,401
30,2,402
30,2,44
30,2,440
30,2,441
30,2,442
30,2,443
30,2,444
30,2,446
30,2,447
30,2,448
30,2,449
30,2,450
30,2,451
30,2,452
30,2,454
30,2,456
30,2,457
30,2,458
30,2,469
30,2,47
30,2,472
30,2,519
30,2,520
30,2,521
30,2,592
30,2,635
30,2,636
30,2,7
30,2,8
30,34,9
30,4,10
30,4,21
30,4,260
30,4,265
30,4,27
30,4,338
30,4,39
30,4,398
30,4,475
30,4,5
30,4,80
30,6,22
30,6,253
30,6,256
30,6,258
30,6,26
30,6,262
30,6,3
30,6,37
30,6,42
30,6,43
30,6,48
30,8,35
30,8,38
30,8,49
300,2,109
300,2,140
300,2,143
300,2,196
300,2,299
300,2,301
300,2,302
300,2,59
300,4,131
301,2,109
301,2,140
301,2,143
301,2,299
301,2,300
301,2,766
302,2,131
302,2,300
302,2,819
302,2,820
302,2,94
303,6,304
304,6,303
305,2,283
305,2,432
305,2,434
305,4,306
306,4,305
307,2,93
307,2,97
308,2,309
308,2,603
308,2,693
308,2,887
308,4,94
309,2,308
31,2,103
31,2,109
31,2,11
31,2,15
31,2,17
31,2,19
31,2,200
31,2,201
31,2,203
31,2,204
31,2,205
31,2,206
31,2,207
31,2,208
31,2,209
31,2,213
31,2,214
31,2,218
31,2,22
31,2,221
31,2,224
31,2,227
31,2,228
31,2,231
31,2,26
31,2,32
31,2,330
31,2,354
31,2,356
31,2,362
31,2,363
31,2,365
31,2,368
31,2,37
31,2,41
31,2,44
31,2,48
31,2,497
31,2,498
31,2,499
31,2,500
31,2,501
31,2,502
31,2,503
31,2,504
31,2,505
31,2,506
31,2,507
31,2,6
31,2,64
31,2,661
31,2,662
31,2,7
31,2,71
31,2,72
31,2,73
31,2,74
31,2,75
31,2,76
31,2,77
31,2,78
31,2,79
31,2,8
31,2,80
31,2,82
31,2,89
31,4,114
31,4,2
31,4,202
31,4,222
31,4,225
31,4,33
31,4,43
31,6,23
31,6,28
31,6,29
31,6,34
31,6,40
31,6,81
31,8,14
31,8,4
310,2,114
310,2,202
310,2,28
310,2,311
310,2,312
310,2,4
310,2,81
311,2,114
311,2,202
311,2,28
311,2,310
311,2,312
311,2,4
311,2,81
312,2,109
312,2,114
312,2,202
312,2,28
312,2,310
312,2,311
312,2,4
312,2,81
313,2,17
313,2,28
313,2,314
313,2,33
313,2,34
313,2,359
313,2,44
313,2,56
313,2,660
313,2,706
313,4,176
313,4,183
314,2,313
315,14,317
315,2,236
315,2,316
315,2,463
315,2,841
316,2,315
316,2,317
316,2,319
316,4,318
317,14,315
317,2,236
317,2,316
317,2,463
317,2,841
318,2,805
318,2,806
318,4,316
318,4,319
319,2,316
319,4,318
32,2,1
32,2,10
32,2,13
32,2,14
32,2,16
32,2,21
32,2,210
32,2,211
32,2,212
32,2,213
32,2,214
32,2,215
32,2,216
32,2,217
32,2,218
32,2,219
32,2,220
32,2,221
32,2,222
32,2,223
32,2,224
32,2,225
32,2,226
32,2,227
32,2,228
32,2,229
32,2,231
32,2,25
32,2,29
32,2,3
32,2,31
32,2,40
32,2,44
32,4,114
32,4,2
32,4,230
32,4,26
32,4,81
320,2,33
321,2,322
321,2,323
322,2,321
322,2,323
323,2,321
323,2,322
324,2,325
324,2,684
325,2,324
326,2,188
326,2,191
326,2,327
326,2,328
326,2,329
327,2,188
327,2,191
327,2,326
327,2,328
327,2,329
328,2,188
328,2,191
328,2,326
328,2,327
328,2,329
329,2,188
329,2,191
329,2,326
329,2,327
329,2,328
33,2,1
33,2,114
33,2,140
33,2,15
33,2,176
33,2,19
33,2,2
33,2,200
33,2,201
33,2,202
33,2,203
33,2,204
33,2,205
33,2,206
33,2,207
33,2,208
33,2,209
33,2,215
33,2,221
33,2,231
33,2,26
33,2,283
33,2,285
33,2,313
33,2,320
33,2,400
33,2,41
33,2,43
33,2,44
33,2,56
33,2,6
33,2,659
33,2,660
33,2,664
33,2,7
33,2,8
33,2,81
33,2,85
33,2,862
33,4,14
33,4,17
33,4,29
33,4,31
33,4,359
33,4,4
33,4,40
33,6,23
33,6,28
33,6,34
330,2,31
330,2,4
330,2,674
331,2,268
331,2,28
331,2,288
331,2,289
331,2,4
331,2,510
332,2,333
333,2,332
334,2,335
335,2,191
335,2,334
336,2,338
336,4,339
336,6,337
337,2,338
337,4,339
337,6,336
338,2,1
338,2,10
338,2,13
338,2,21
338,2,214
338,2,336
338,2,337
338,2,339
338,2,36
338,2,399
338,2,400
338,2,45
338,2,47
338,2,540
338,4,24
338,4,3
338,4,30
338,4,398
338,4,401
338,4,402
338,4,7
338,4,9
339,2,338
339,2,91
339,2,94
339,4,336
339,4,337
34,10,17
34,14,19
34,2,14
34,2,15
34,2,165
34,2,172
34,2,173
34,2,174
34,2,175
34,2,177
34,2,178
34,2,179
34,2,180
34,2,181
34,2,182
34,2,183
34,2,188
34,2,194
34,2,202
34,2,217
34,2,218
34,2,222
34,2,245
34,2,246
34,2,248
34,2,26
34,2,266
34,2,29
34,2,313
34,2,344
34,2,40
34,2,43
34,2,524
34,2,53
34,2,534
34,2,56
34,2,6
34,2,60
34,2,659
34,2,660
34,2,662
34,2,7
34,2,8
34,2,89
34,2,96
34,4,109
34,4,176
34,4,2
34,4,214
34,4,23
34,4,231
34,4,249
34,4,359
34,4,41
34,4,44
34,4,661
34,6,28
34,6,31
34,6,33
34,6,4
340,2,110
341,2,342
342,2,341
343,2,286
343,2,472
343,2,787
344,2,165
344,2,188
344,2,217
344,2,249
344,2,26
344,2,286
344,2,34
344,2,77
344,2,89
344,6,17
345,2,286
346,2,347
347,2,346
348,2,349
348,2,796
349,2,348
35,2,10
35,2,11
35,2,113
35,2,148
35,2,16
35,2,20
35,2,21
35,2,253
35,2,256
35,2,267
35,2,36
35,2,39
35,2,44
35,2,47
35,2,475
35,2,519
35,2,520
35,2,521
35,2,7
35,2,92
35,24,49
35,4,1
35,4,2
35,4,22
35,4,252
35,4,258
35,4,260
35,4,262
35,4,265
35,4,27
35,4,3
35,4,37
35,4,48
35,4,5
35,4,8
35,6,255
35,6,26
35,6,42
35,6,43
35,6,45
35,8,13
35,8,24
35,8,30
35,8,38
35,8,9
350,2,352
350,4,351
351,2,352
351,4,350
352,2,350
352,2,351
353,2,132
353,2,258
353,2,277
353,2,753
354,2,103
354,2,109
354,2,11
354,2,222
354,2,224
354,2,225
354,2,24
354,2,253
354,2,256
354,2,26
354,2,30
354,2,31
354,2,356
354,2,362
354,2,363
354,2,365
354,2,368
354,2,380
354,2,43
354,2,446
354,2,447
354,2,448
354,2,449
354,2,45
354,2,450
354,2,451
354,2,452
354,2,454
354,2,455
354,2,456
354,2,457
354,2,458
354,2,559
354,2,560
354,2,561
354,2,562
354,2,563
354,2,564
354,2,565
354,2,80
354,2,89
354,2,9
354,4,22
354,4,48
355,2,103
355,2,109
355,2,11
355,2,13
355,2,14
355,2,231
355,2,41
355,2,537
355,2,603
355,2,604
355,4,268
355,4,359
356,2,103
356,2,22
356,2,222
356,2,224
356,2,225
356,2,31
356,2,354
356,2,362
356,2,363
356,2,365
356,2,368
356,2,40
356,2,43
356,2,48
356,2,89
357,2,103
357,2,228
357,2,358
357,2,374
357,2,398
357,2,591
357,2,592
357,2,721
357,4,369
358,2,103
358,2,357
358,2,369
359,2,103
359,2,109
359,2,11
359,2,13
359,2,14
359,2,140
359,2,17
359,2,176
359,2,210
359,2,231
359,2,28
359,2,285
359,2,29
359,2,313
359,2,40
359,2,400
359,2,44
359,2,5
359,2,56
359,2,660
359,2,664
359,2,85
359,4,33
359,4,34
359,4,355
36,2,11
36,2,13
36,2,2
36,2,22
36,2,24
36,2,26
36,2,3
36,2,338
36,2,35
36,2,402
36,2,43
36,2,45
36,2,47
36,2,48
36,2,49
36,2,7
36,2,735
36,2,8
360,2,103
360,2,370
361,2,103
361,2,366
361,2,369
362,2,103
362,2,22
362,2,222
362,2,224
362,2,225
362,2,31
362,2,354
362,2,356
362,2,363
362,2,365
362,2,368
362,2,43
362,2,48
362,2,89
363,2,103
363,2,22
363,2,222
363,2,224
363,2,225
363,2,31
363,2,354
363,2,356
363,2,362
363,2,365
363,2,368
363,2,43
363,2,48
363,2,89
364,2,103
364,2,196
364,2,266
364,2,367
364,2,594
364,2,696
364,2,867
365,2,103
365,2,22
365,2,224
365,2,230
365,2,31
365,2,354
365,2,356
365,2,362
365,2,363
365,2,368
365,2,43
365,2,48
365,2,89
365,2,96
365,4,222
365,4,225
365,4,228
366,2,103
366,2,361
366,2,369
366,4,653
367,2,103
367,2,196
367,2,364
368,2,103
368,2,22
368,2,222
368,2,224
368,2,225
368,2,31
368,2,354
368,2,356
368,2,362
368,2,363
368,2,365
368,2,43
368,2,48
368,2,89
369,2,1
369,2,13
369,2,296
369,2,297
369,2,298
369,2,30
369,2,358
369,2,361
369,2,366
369,2,374
369,2,438
369,2,490
369,2,491
369,2,56
369,2,591
369,2,592
369,2,636
369,2,638
369,2,639
369,2,640
369,2,799
369,2,815
369,2,866
369,2,867
369,2,894
369,2,9
369,4,103
369,4,357
37,2,11
37,2,113
37,2,14
37,2,164
37,2,165
37,2,166
37,2,167
37,2,2
37,2,20
37,2,208
37,2,223
37,2,23
37,2,246
37,2,252
37,2,255
37,2,260
37,2,265
37,2,267
37,2,28
37,2,29
37,2,31
37,2,403
37,2,404
37,2,406
37,2,407
37,2,409
37,2,410
37,2,411
37,2,44
37,2,440
37,2,441
37,2,442
37,2,443
37,2,444
37,2,47
37,2,64
37,2,71
37,2,72
37,2,73
37,2,74
37,2,75
37,2,76
37,2,77
37,2,78
37,2,79
37,2,82
37,4,1
37,4,10
37,4,16
37,4,21
37,4,22
37,4,253
37,4,256
37,4,258
37,4,262
37,4,27
37,4,3
37,4,35
37,4,39
37,4,42
37,4,43
37,4,48
37,4,49
37,4,5
37,4,81
37,6,13
37,6,24
37,6,30
37,6,38
37,6,9
37,8,26
37,8,45
37,8,80
370,2,103
370,2,360
370,2,729
371,2,274
371,2,526
371,2,621
372,14,373
372,2,15
372,2,375
372,2,376
372,6,374
372,6,377
372,8,137
373,14,372
373,2,15
373,2,375
373,2,376
373,4,377
373,6,374
373,8,137
374,2,15
374,2,357
374,2,369
374,2,375
374,2,388
374,2,591
374,2,592
374,2,615
374,2,721
374,4,377
374,6,137
374,6,372
374,6,373
375,2,137
375,2,15
375,2,372
375,2,373
375,2,374
376,2,137
376,2,372
376,2,373
377,4,137
377,4,373
377,4,374
377,6,372
378,2,379
379,2,378
379,6,380
38,12,13
38,2,10
38,2,113
38,2,148
38,2,16
38,2,164
38,2,166
38,2,167
38,2,2
38,2,20
38,2,21
38,2,22
38,2,241
38,2,252
38,2,253
38,2,255
38,2,256
38,2,260
38,2,263
38,2,265
38,2,267
38,2,291
38,2,3
38,2,39
38,2,44
38,2,464
38,2,48
38,2,593
38,2,594
38,2,80
38,4,165
38,4,24
38,4,258
38,4,262
38,4,27
38,4,43
38,4,475
38,4,5
38,6,26
38,6,37
38,6,42
38,6,45
38,8,1
38,8,30
38,8,35
38,8,49
38,8,9
380,2,11
380,2,22
380,2,24
380,2,253
380,2,256
380,2,26
380,2,30
380,2,354
380,2,446
380,2,447
380,2,448
380,2,449
380,2,45
380,2,450
380,2,451
380,2,452
380,2,454
380,2,456
380,2,457
380,2,458
380,2,48
380,2,80
380,2,9
380,6,379
381,2,382
381,6,688
382,2,381
383,2,145
383,2,384
384,2,145
384,2,383
385,2,386
385,2,387
385,2,388
385,2,389
386,2,385
386,2,387
386,2,388
386,2,389
387,2,385
387,2,386
387,2,388
387,2,389
388,2,374
388,2,385
388,2,386
388,2,387
388,2,389
388,2,466
388,2,475
388,2,573
388,2,648
389,2,148
389,2,385
389,2,386
389,2,387
389,2,388
389,2,478
389,2,573
389,2,94
39,2,1
39,2,10
39,2,13
39,2,16
39,2,2
39,2,20
39,2,21
39,2,22
39,2,253
39,2,256
39,2,258
39,2,26
39,2,262
39,2,27
39,2,3
39,2,35
39,2,38
39,2,42
39,2,43
39,2,440
39,2,441
39,2,442
39,2,443
39,2,444
39,2,48
39,2,49
39,2,5
39,2,80
39,4,24
39,4,30
39,4,37
39,4,45
39,4,9
390,4,393
390,6,391
390,6,392
391,2,393
391,4,392
391,6,390
392,4,391
392,4,393
392,6,390
393,2,391
393,4,390
393,4,392
394,2,273
394,2,395
395,2,273
395,2,394
396,2,397
396,2,405
396,2,49
396,4,766
397,2,396
398,2,1
398,2,10
398,2,13
398,2,21
398,2,214
398,2,357
398,2,399
398,2,400
398,2,402
398,2,45
398,2,47
398,4,24
398,4,3
398,4,30
398,4,338
398,4,401
398,4,9
398,6,7
399,2,114
399,2,137
399,2,223
399,2,236
399,2,24
399,2,26
399,2,29
399,2,3
399,2,30
399,2,338
399,2,398
399,2,400
399,2,401
399,2,402
399,2,405
399,2,460
399,2,468
399,2,47
399,2,473
399,2,475
399,2,476
399,2,77
399,2,81
399,2,9
399,4,469
4,10,28
4,2,13
4,2,15
4,2,17
4,2,200
4,2,201
4,2,203
4,2,204
4,2,205
4,2,206
4,2,207
4,2,208
4,2,209
4,2,310
4,2,311
4,2,312
4,2,330
4,2,331
4,2,41
4,2,43
4,2,6
4,2,7
4,2,8
4,4,114
4,4,14
4,4,19
4,4,2
4,4,202
4,4,23
4,4,29
4,4,33
4,4,40
4,4,81
4,6,34
4,8,31
40,2,15
40,2,17
40,2,175
40,2,180
40,2,19
40,2,2
40,2,200
40,2,201
40,2,203
40,2,204
40,2,205
40,2,206
40,2,207
40,2,208
40,2,209
40,2,213
40,2,214
40,2,218
40,2,221
40,2,222
40,2,225
40,2,228
40,2,231
40,2,26
40,2,292
40,2,32
40,2,34
40,2,356
40,2,359
40,2,41
40,2,43
40,2,44
40,2,6
40,2,64
40,2,661
40,2,7
40,2,8
40,4,202
40,4,23
40,4,28
40,4,33
40,4,4
40,6,114
40,6,14
40,6,210
40,6,29
40,6,31
40,6,81
400,2,140
400,2,236
400,2,24
400,2,285
400,2,3
400,2,30
400,2,33
400,2,338
400,2,359
400,2,398
400,2,399
400,2,401
400,2,402
400,2,47
400,2,664
400,2,85
400,2,9
401,2,24
401,2,3
401,2,30
401,2,399
401,2,400
401,2,587
401,2,7
401,2,702
401,2,9
401,4,338
401,4,398
401,4,402
401,4,47
402,2,24
402,2,3
402,2,30
402,2,36
402,2,398
402,2,399
402,2,400
402,2,47
402,2,687
402,2,9
402,4,338
402,4,401
403,2,10
403,2,16
403,2,208
403,2,21
403,2,223
403,2,246
403,2,26
403,2,29
403,2,3
403,2,37
403,2,404
403,2,406
403,2,407
403,2,409
403,2,410
403,2,411
403,2,47
403,2,80
403,2,81
404,2,10
404,2,114
404,2,16
404,2,162
404,2,21
404,2,223
404,2,232
404,2,246
404,2,26
404,2,29
404,2,3
404,2,37
404,2,403
404,2,406
404,2,407
404,2,409
404,2,410
404,2,411
404,2,425
404,2,426
404,2,427
404,2,43
404,2,47
404,2,80
404,4,208
404,4,63
404,4,81
405,2,114
405,2,137
405,2,223
405,2,26
405,2,29
405,2,396
405,2,399
405,2,766
405,2,81
405,8,511
406,2,10
406,2,16
406,2,208
406,2,21
406,2,223
406,2,246
406,2,26
406,2,29
406,2,3
406,2,37
406,2,403
406,2,404
406,2,407
406,2,409
406,2,410
406,2,411
406,2,47
406,2,80
406,2,81
407,2,10
407,2,16
407,2,208
407,2,21
407,2,223
407,2,246
407,2,26
407,2,29
407,2,3
407,2,37
407,2,403
407,2,404
407,2,406
407,2,409
407,2,410
407,2,411
407,2,47
407,2,80
407,2,81
408,2,114
408,2,203
408,2,208
408,2,460
408,2,462
408,2,465
408,2,469
408,2,472
408,2,474
408,2,475
408,2,476
408,2,478
408,2,479
408,2,481
408,2,666
408,2,669
408,2,81
408,2,94
408,4,223
408,4,29
408,4,468
408,4,470
408,6,464
409,2,10
409,2,16
409,2,208
409,2,21
409,2,223
409,2,246
409,2,26
409,2,29
409,2,3
409,2,37
409,2,403
409,2,404
409,2,406
409,2,407
409,2,410
409,2,411
409,2,47
409,2,80
409,2,81
41,2,14
41,2,2
41,2,23
41,2,266
41,2,28
41,2,29
41,2,31
41,2,33
41,2,355
41,2,4
41,2,40
41,2,43
41,2,536
41,2,6
41,2,7
41,2,8
41,2,96
41,4,15
41,4,19
41,4,268
41,4,34
41,4,537
41,6,17
410,2,10
410,2,16
410,2,208
410,2,21
410,2,223
410,2,246
410,2,26
410,2,29
410,2,3
410,2,37
410,2,403
410,2,404
410,2,406
410,2,407
410,2,409
410,2,411
410,2,47
410,2,80
410,2,81
411,2,10
411,2,16
411,2,208
411,2,21
411,2,223
411,2,246
411,2,26
411,2,29
411,2,3
411,2,37
411,2,403
411,2,404
411,2,406
411,2,407
411,2,409
411,2,410
411,2,47
411,2,80
411,2,81
412,2,622
412,4,413
413,2,414
413,2,415
413,4,412
414,2,15
414,2,413
414,2,415
414,2,461
414,2,719
414,4,460
415,2,413
415,2,414
415,2,633
415,2,634
416,2,417
417,2,416
418,2,419
418,2,633
418,2,748
419,2,418
42,2,10
42,2,103
42,2,111
42,2,16
42,2,2
42,2,20
42,2,21
42,2,22
42,2,252
42,2,253
42,2,254
42,2,255
42,2,256
42,2,257
42,2,258
42,2,260
42,2,261
42,2,262
42,2,263
42,2,265
42,2,266
42,2,267
42,2,3
42,2,39
42,2,43
42,2,44
42,2,48
42,2,50
42,2,8
42,4,1
42,4,113
42,4,24
42,4,26
42,4,27
42,4,37
42,4,45
42,4,5
42,6,13
42,6,30
42,6,35
42,6,38
42,6,49
42,6,9
420,2,421
421,2,150
421,2,420
421,2,422
421,2,423
421,2,424
422,2,150
422,2,421
422,2,424
422,4,423
423,2,150
423,2,421
423,2,424
423,4,422
424,2,150
424,2,421
424,2,422
424,2,423
425,2,404
425,2,63
426,2,404
426,2,63
426,4,427
427,2,404
427,2,63
427,4,426
428,2,430
428,6,429
429,2,430
429,6,428
43,10,22
43,10,48
43,14,258
43,18,262
43,2,1
43,2,103
43,2,11
43,2,113
43,2,114
43,2,14
43,2,148
43,2,17
43,2,176
43,2,19
43,2,205
43,2,208
43,2,222
43,2,223
43,2,224
43,2,225
43,2,23
43,2,252
43,2,255
43,2,260
43,2,265
43,2,267
43,2,27
43,2,28
43,2,3
43,2,33
43,2,34
43,2,354
43,2,356
43,2,36
43,2,362
43,2,363
43,2,365
43,2,368
43,2,39
43,2,4
43,2,40
43,2,404
43,2,41
43,2,42
43,2,44
43,2,440
43,2,441
43,2,442
43,2,443
43,2,444
43,2,464
43,2,468
43,2,469
43,2,47
43,2,473
43,2,476
43,2,478
43,2,5
43,2,555
43,2,569
43,2,6
43,2,636
43,2,80
43,2,81
43,2,89
43,2,94
43,4,13
43,4,15
43,4,2
43,4,253
43,4,256
43,4,29
43,4,31
43,4,37
43,4,38
43,4,472
43,4,594
43,4,7
43,4,8
43,6,24
43,6,26
43,6,30
43,6,35
43,6,45
43,6,49
43,6,9
43,8,475
430,2,131
430,2,428
430,2,429
431,2,217
431,2,227
431,2,432
431,2,435
431,6,433
432,2,202
432,2,217
432,2,227
432,2,239
432,2,283
432,2,305
432,2,431
432,2,433
432,2,434
432,2,435
433,2,217
433,2,227
433,2,432
433,2,435
433,6,431
434,2,305
434,2,432
434,2,626
434,4,283
435,2,217
435,2,227
435,2,431
435,2,432
435,2,433
436,6,437
437,6,436
438,2,369
438,2,439
439,2,438
44,2,105
44,2,110
44,2,113
44,2,114
44,2,12
44,2,13
44,2,14
44,2,17
44,2,176
44,2,18
44,2,194
44,2,213
44,2,214
44,2,218
44,2,22
44,2,221
44,2,222
44,2,225
44,2,228
44,2,231
44,2,24
44,2,252
44,2,253
44,2,255
44,2,256
44,2,258
44,2,260
44,2,262
44,2,265
44,2,267
44,2,27
44,2,28
44,2,29
44,2,30
44,2,31
44,2,313
44,2,32
44,2,33
44,2,35
44,2,359
44,2,37
44,2,38
44,2,40
44,2,42
44,2,43
44,2,45
44,2,46
44,2,475
44,2,48
44,2,49
44,2,5
44,2,50
44,2,524
44,2,56
44,2,660
44,2,701
44,2,749
44,2,750
44,2,77
44,2,81
44,2,9
44,4,1
44,4,2
44,4,26
44,4,34
440,2,22
440,2,24
440,2,253
440,2,256
440,2,258
440,2,262
440,2,30
440,2,37
440,2,39
440,2,43
440,2,441
440,2,442
440,2,443
440,2,444
440,2,45
440,2,48
440,2,80
440,2,9
441,2,22
441,2,24
441,2,253
441,2,256
441,2,258
441,2,262
441,2,30
441,2,37
441,2,39
441,2,43
441,2,440
441,2,442
441,2,443
441,2,444
441,2,45
441,2,48
441,2,80
441,2,9
442,2,22
442,2,24
442,2,253
442,2,256
442,2,258
442,2,262
442,2,30
442,2,37
442,2,39
442,2,43
442,2,440
442,2,441
442,2,443
442,2,444
442,2,45
442,2,48
442,2,80
442,2,9
443,2,22
443,2,24
443,2,253
443,2,256
443,2,258
443,2,262
443,2,30
443,2,37
443,2,39
443,2,43
443,2,440
443,2,441
443,2,442
443,2,444
443,2,45
443,2,48
443,2,80
443,2,9
444,2,22
444,2,24
444,2,253
444,2,256
444,2,258
444,2,262
444,2,30
444,2,37
444,2,39
444,2,43
444,2,440
444,2,441
444,2,442
444,2,443
444,2,45
444,2,48
444,2,80
444,2,9
445,2,51
446,2,11
446,2,22
446,2,236
446,2,24
446,2,253
446,2,256
446,2,30
446,2,354
446,2,380
446,2,447
446,2,449
446,2,45
446,2,450
446,2,451
446,2,452
446,2,453
446,2,454
446,2,455
446,2,456
446,2,457
446,2,458
446,2,459
446,2,48
446,2,9
446,4,26
446,4,448
446,4,80
447,2,11
447,2,22
447,2,24
447,2,253
447,2,256
447,2,26
447,2,30
447,2,354
447,2,380
447,2,446
447,2,448
447,2,449
447,2,45
447,2,450
447,2,451
447,2,452
447,2,454
447,2,456
447,2,457
447,2,458
447,2,48
447,2,80
447,2,9
448,2,11
448,2,22
448,2,236
448,2,24
448,2,253
448,2,256
448,2,30
448,2,354
448,2,380
448,2,447
448,2,449
448,2,45
448,2,450
448,2,451
448,2,452
448,2,453
448,2,454
448,2,455
448,2,456
448,2,457
448,2,458
448,2,48
448,2,9
448,4,26
448,4,446
448,4,459
448,4,80
449,2,11
449,2,22
449,2,24
449,2,253
449,2,256
449,2,26
449,2,30
449,2,354
449,2,380
449,2,446
449,2,447
449,2,448
449,2,45
449,2,450
449,2,451
449,2,452
449,2,454
449,2,456
449,2,457
449,2,458
449,2,48
449,2,80
449,2,9
45,10,13
45,10,22
45,10,26
45,10,30
45,10,48
45,10,9
45,12,24
45,18,3
45,2,113
45,2,164
45,2,165
45,2,166
45,2,167
45,2,20
45,2,214
45,2,252
45,2,255
45,2,260
45,2,265
45,2,267
45,2,338
45,2,354
45,2,36
45,2,380
45,2,398
45,2,44
45,2,440
45,2,441
45,2,442
45,2,443
45,2,444
45,2,446
45,2,447
45,2,448
45,2,449
45,2,450
45,2,451
45,2,452
45,2,454
45,2,456
45,2,457
45,2,458
45,2,47
45,2,8
45,4,11
45,4,16
45,4,2
45,4,258
45,4,262
45,4,27
45,4,39
45,4,42
45,4,5
45,6,1
45,6,10
45,6,21
45,6,253
45,6,256
45,6,35
45,6,38
45,6,43
45,6,49
45,6,7
45,6,80
45,8,37
450,2,11
450,2,22
450,2,24
450,2,253
450,2,256
450,2,26
450,2,30
450,2,354
450,2,380
450,2,446
450,2,447
450,2,448
450,2,449
450,2,45
450,2,451
450,2,452
450,2,454
450,2,456
450,2,457
450,2,458
450,2,48
450,2,80
450,2,9
451,2,11
451,2,22
451,2,24
451,2,253
451,2,256
451,2,26
451,2,30
451,2,354
451,2,380
451,2,446
451,2,447
451,2,448
451,2,449
451,2,45
451,2,450
451,2,452
451,2,454
451,2,456
451,2,457
451,2,458
451,2,48
451,2,80
451,2,9
452,2,11
452,2,22
452,2,24
452,2,253
452,2,256
452,2,26
452,2,30
452,2,354
452,2,380
452,2,446
452,2,447
452,2,448
452,2,449
452,2,45
452,2,450
452,2,451
452,2,454
452,2,456
452,2,457
452,2,458
452,2,48
452,2,80
452,2,9
453,2,236
453,2,26
453,2,446
453,2,448
453,2,455
453,2,459
453,2,80
454,2,11
454,2,22
454,2,24
454,2,253
454,2,256
454,2,26
454,2,30
454,2,354
454,2,380
454,2,446
454,2,447
454,2,448
454,2,449
454,2,45
454,2,450
454,2,451
454,2,452
454,2,456
454,2,457
454,2,458
454,2,48
454,2,80
454,2,9
455,2,109
455,2,236
455,2,26
455,2,354
455,2,446
455,2,448
455,2,453
455,2,459
455,2,559
455,2,560
455,2,561
455,2,562
455,2,563
455,2,564
455,2,565
455,2,80
456,2,11
456,2,22
456,2,24
456,2,253
456,2,256
456,2,26
456,2,30
456,2,354
456,2,380
456,2,446
456,2,447
456,2,448
456,2,449
456,2,45
456,2,450
456,2,451
456,2,452
456,2,454
456,2,457
456,2,458
456,2,48
456,2,80
456,2,9
457,2,11
457,2,22
457,2,24
457,2,253
457,2,256
457,2,26
457,2,30
457,2,354
457,2,380
457,2,446
457,2,447
457,2,448
457,2,449
457,2,45
457,2,450
457,2,451
457,2,452
457,2,454
457,2,456
457,2,458
457,2,48
457,2,80
457,2,9
458,2,11
458,2,22
458,2,24
458,2,253
458,2,256
458,2,26
458,2,30
458,2,354
458,2,380
458,2,446
458,2,447
458,2,448
458,2,449
458,2,45
458,2,450
458,2,451
458,2,452
458,2,454
458,2,456
458,2,457
458,2,48
458,2,80
458,2,9
459,2,154
459,2,236
459,2,26
459,2,446
459,2,453
459,2,455
459,2,570
459,2,80
459,4,448
46,2,12
46,2,18
46,2,2
46,2,44
46,2,50
46,2,77
460,2,132
460,2,236
460,2,399
460,2,408
460,2,461
460,2,462
460,2,464
460,2,465
460,2,466
460,2,467
460,2,468
460,4,15
460,4,414
460,4,463
461,2,15
461,2,414
461,2,460
461,2,462
461,2,465
462,2,408
462,2,460
462,2,461
462,2,464
462,2,468
462,2,641
462,6,465
463,2,132
463,2,15
463,2,16
463,2,315
463,2,317
463,2,466
463,2,467
463,2,825
463,2,826
463,2,841
463,4,10
463,4,21
463,4,460
464,2,148
464,2,15
464,2,203
464,2,205
464,2,22
464,2,236
464,2,258
464,2,26
464,2,262
464,2,291
464,2,38
464,2,43
464,2,460
464,2,462
464,2,465
464,2,469
464,2,474
464,2,479
464,2,48
464,2,481
464,2,555
464,2,569
464,2,571
464,2,572
464,2,666
464,2,667
464,2,669
464,4,223
464,4,29
464,4,470
464,4,472
464,4,476
464,4,94
464,6,408
464,6,475
464,6,478
464,8,468
465,2,114
465,2,408
465,2,460
465,2,461
465,2,464
465,2,466
465,2,468
465,6,462
466,2,132
466,2,143
466,2,388
466,2,460
466,2,463
466,2,465
466,2,467
466,2,622
466,2,650
466,2,703
466,2,715
466,2,788
466,4,15
467,2,132
467,2,15
467,2,460
467,2,463
467,2,466
468,2,15
468,2,205
468,2,22
468,2,236
468,2,258
468,2,26
468,2,262
468,2,399
468,2,43
468,2,460
468,2,462
468,2,465
468,2,469
468,2,470
468,2,474
468,2,479
468,2,48
468,2,481
468,2,555
468,2,557
468,2,558
468,2,569
468,2,757
468,2,94
468,4,223
468,4,29
468,4,408
468,4,476
468,4,478
468,4,667
468,6,472
468,8,464
468,8,475
469,2,1
469,2,223
469,2,29
469,2,30
469,2,408
469,2,43
469,2,464
469,2,468
469,2,470
469,2,471
469,2,474
469,2,476
469,2,477
469,2,478
469,2,479
469,2,480
469,2,481
469,2,77
469,2,9
469,4,399
469,4,472
469,4,473
469,8,475
47,2,10
47,2,11
47,2,13
47,2,148
47,2,16
47,2,183
47,2,2
47,2,208
47,2,21
47,2,22
47,2,223
47,2,246
47,2,29
47,2,30
47,2,338
47,2,35
47,2,36
47,2,37
47,2,398
47,2,399
47,2,400
47,2,402
47,2,403
47,2,404
47,2,406
47,2,407
47,2,409
47,2,410
47,2,411
47,2,43
47,2,45
47,2,472
47,2,478
47,2,48
47,2,483
47,2,49
47,2,567
47,2,575
47,2,587
47,2,8
47,2,80
47,2,81
47,2,9
47,4,24
47,4,26
47,4,401
47,4,482
47,4,7
47,6,3
470,2,203
470,2,223
470,2,29
470,2,468
470,2,469
470,2,472
470,2,474
470,2,475
470,2,476
470,2,478
470,2,479
470,2,481
470,2,666
470,2,669
470,2,94
470,4,408
470,4,464
471,2,469
472,2,122
472,2,15
472,2,183
472,2,205
472,2,22
472,2,26
472,2,30
472,2,343
472,2,408
472,2,47
472,2,470
472,2,474
472,2,479
472,2,48
472,2,481
472,2,482
472,2,483
472,2,555
472,2,557
472,2,558
472,2,569
472,2,636
472,2,886
472,2,9
472,4,223
472,4,258
472,4,262
472,4,29
472,4,43
472,4,464
472,4,469
472,4,478
472,6,468
472,6,476
472,8,475
473,2,399
473,2,43
473,2,475
473,2,476
473,2,648
473,4,469
473,4,477
474,2,223
474,2,29
474,2,408
474,2,464
474,2,468
474,2,469
474,2,470
474,2,472
474,2,475
474,2,476
474,2,478
474,2,479
474,2,481
475,12,478
475,2,15
475,2,20
475,2,205
475,2,22
475,2,26
475,2,263
475,2,291
475,2,35
475,2,388
475,2,399
475,2,408
475,2,44
475,2,470
475,2,473
475,2,474
475,2,477
475,2,479
475,2,48
475,2,481
475,2,484
475,2,485
475,2,49
475,2,542
475,2,558
475,2,566
475,2,568
475,2,569
475,2,570
475,2,571
475,2,572
475,2,575
475,2,592
475,2,636
475,2,647
475,2,7
475,2,749
475,2,750
475,2,77
475,4,148
475,4,223
475,4,29
475,4,30
475,4,38
475,4,476
475,4,9
475,6,258
475,6,262
475,6,464
475,8,1
475,8,43
475,8,468
475,8,469
475,8,472
475,8,555
475,8,557
476,2,140
476,2,15
476,2,19
476,2,205
476,2,22
476,2,258
476,2,26
476,2,262
476,2,287
476,2,288
476,2,399
476,2,408
476,2,43
476,2,469
476,2,470
476,2,473
476,2,474
476,2,479
476,2,48
476,2,481
476,2,569
476,4,223
476,4,29
476,4,464
476,4,468
476,4,475
476,4,478
476,4,555
476,6,472
477,2,236
477,2,469
477,2,475
477,2,478
477,2,551
477,2,555
477,4,473
477,8,488
478,12,475
478,2,15
478,2,205
478,2,22
478,2,258
478,2,26
478,2,262
478,2,389
478,2,408
478,2,43
478,2,469
478,2,47
478,2,470
478,2,474
478,2,477
478,2,479
478,2,48
478,2,481
478,2,482
478,2,566
478,2,567
478,2,568
478,2,569
478,2,570
478,2,571
478,2,572
478,2,573
478,2,574
478,2,575
478,2,576
478,2,94
478,4,223
478,4,29
478,4,468
478,4,472
478,4,476
478,6,148
478,6,291
478,6,464
478,8,555
479,2,223
479,2,29
479,2,408
479,2,464
479,2,468
479,2,469
479,2,470
479,2,472
479,2,474
479,2,475
479,2,476
479,2,478
479,2,481
48,10,24
48,10,43
48,10,45
48,18,22
48,2,1
48,2,103
48,2,113
48,2,15
48,2,2
48,2,205
48,2,222
48,2,223
48,2,224
48,2,225
48,2,252
48,2,255
48,2,260
48,2,265
48,2,267
48,2,27
48,2,29
48,2,31
48,2,356
48,2,36
48,2,362
48,2,363
48,2,365
48,2,368
48,2,38
48,2,380
48,2,39
48,2,42
48,2,44
48,2,440
48,2,441
48,2,442
48,2,443
48,2,444
48,2,446
48,2,447
48,2,448
48,2,449
48,2,450
48,2,451
48,2,452
48,2,454
48,2,456
48,2,457
48,2,458
48,2,464
48,2,468
48,2,47
48,2,472
48,2,475
48,2,476
48,2,478
48,2,5
48,2,555
48,2,569
48,2,7
48,2,8
48,2,89
48,4,11
48,4,13
48,4,3
48,4,35
48,4,354
48,4,37
48,4,49
48,4,80
48,6,253
48,6,256
48,6,258
48,6,262
48,6,30
48,6,9
48,8,26
480,2,469
481,2,223
481,2,29
481,2,408
481,2,464
481,2,468
481,2,469
481,2,470
481,2,472
481,2,474
481,2,475
481,2,476
481,2,478
481,2,479
482,2,148
482,2,183
482,2,268
482,2,472
482,2,478
482,2,483
482,2,567
482,2,575
482,2,586
482,4,47
483,2,1
483,2,183
483,2,287
483,2,47
483,2,472
483,2,482
483,2,538
483,2,539
483,2,540
483,2,541
483,2,542
483,2,543
483,2,550
483,2,673
483,2,674
484,2,1
484,2,20
484,2,475
484,2,485
484,2,7
485,2,1
485,2,20
485,2,475
485,2,484
485,2,7
486,2,12
486,2,289
486,2,294
486,2,487
486,2,488
486,2,489
486,4,6
487,2,486
487,2,6
488,2,486
488,2,551
488,2,605
488,2,882
488,4,489
488,8,477
489,2,486
489,2,605
489,4,488
49,2,10
49,2,11
49,2,113
49,2,148
49,2,16
49,2,20
49,2,21
49,2,253
49,2,256
49,2,267
49,2,36
49,2,39
49,2,396
49,2,44
49,2,47
49,2,475
49,2,519
49,2,520
49,2,521
49,2,7
49,2,92
49,24,35
49,4,1
49,4,2
49,4,22
49,4,252
49,4,258
49,4,260
49,4,262
49,4,265
49,4,3
49,4,37
49,4,48
49,4,5
49,4,8
49,6,255
49,6,26
49,6,27
49,6,42
49,6,43
49,6,45
49,8,13
49,8,24
49,8,30
49,8,38
49,8,9
490,2,369
490,2,491
490,2,56
491,2,369
491,2,490
491,2,56
492,2,493
493,2,492
494,2,495
494,2,496
494,2,56
495,2,494
495,4,496
496,2,494
496,4,495
497,2,227
497,2,31
497,2,498
497,2,499
497,2,500
497,2,501
497,2,502
497,2,503
497,2,504
497,2,505
497,2,506
497,2,507
498,2,227
498,2,31
498,2,497
498,2,499
498,2,500
498,2,501
498,2,502
498,2,503
498,2,504
498,2,505
498,2,506
498,2,507
499,2,227
499,2,31
499,2,497
499,2,498
499,2,500
499,2,501
499,2,502
499,2,503
499,2,504
499,2,505
499,2,506
499,2,507
5,2,10
5,2,113
5,2,16
5,2,2
5,2,20
5,2,21
5,2,22
5,2,252
5,2,253
5,2,255
5,2,256
5,2,258
5,2,260
5,2,262
5,2,265
5,2,267
5,2,3
5,2,359
5,2,39
5,2,43
5,2,44
5,2,48
5,2,77
5,2,81
5,4,1
5,4,13
5,4,24
5,4,26
5,4,27
5,4,30
5,4,35
5,4,37
5,4,38
5,4,42
5,4,45
5,4,49
5,4,9
50,10,111
50,12,261
50,2,12
50,2,18
50,2,2
50,2,259
50,2,266
50,2,42
50,2,44
50,2,46
50,2,8
50,4,113
50,4,254
50,4,257
50,4,263
50,4,264
500,2,227
500,2,31
500,2,497
500,2,498
500,2,499
500,2,501
500,2,502
500,2,503
500,2,504
500,2,505
500,2,506
500,2,507
501,2,227
501,2,31
501,2,497
501,2,498
501,2,499
501,2,500
501,2,502
501,2,503
501,2,504
501,2,505
501,2,506
501,2,507
502,2,227
502,2,31
502,2,497
502,2,498
502,2,499
502,2,500
502,2,501
502,2,503
502,2,504
502,2,505
502,2,506
502,2,507
503,2,227
503,2,31
503,2,497
503,2,498
503,2,499
503,2,500
503,2,501
503,2,502
503,2,504
503,2,505
503,2,506
503,2,507
504,2,227
504,2,31
504,2,497
504,2,498
504,2,499
504,2,500
504,2,501
504,2,502
504,2,503
504,2,505
504,2,506
504,2,507
505,2,227
505,2,31
505,2,497
505,2,498
505,2,499
505,2,500
505,2,501
505,2,502
505,2,503
505,2,504
505,2,506
505,2,507
506,2,227
506,2,31
506,2,497
506,2,498
506,2,499
506,2,500
506,2,501
506,2,502
506,2,503
506,2,504
506,2,505
506,2,507
507,2,227
507,2,31
507,2,497
507,2,498
507,2,499
507,2,500
507,2,501
507,2,502
507,2,503
507,2,504
507,2,505
507,2,506
508,2,509
509,2,508
51,10,52
51,2,445
510,2,288
510,2,289
510,2,331
510,2,743
510,2,835
511,8,405
512,2,513
512,2,545
513,2,512
514,2,1
514,2,13
514,2,252
514,2,515
514,2,516
514,2,518
514,2,822
515,2,1
515,2,13
515,2,252
515,2,514
515,2,516
515,2,518
516,2,1
516,2,13
516,2,252
516,2,514
516,2,515
516,2,518
517,2,13
517,2,252
518,2,1
518,2,13
518,2,252
518,2,514
518,2,515
518,2,516
519,2,24
519,2,260
519,2,265
519,2,30
519,2,35
519,2,49
519,2,520
519,2,521
519,2,8
519,2,9
52,10,51
520,2,24
520,2,260
520,2,265
520,2,30
520,2,35
520,2,49
520,2,519
520,2,521
520,2,544
520,2,689
520,2,691
520,2,8
520,2,896
520,2,9
521,2,24
521,2,260
521,2,265
521,2,30
521,2,35
521,2,49
521,2,519
521,2,520
521,2,8
521,2,9
522,2,523
523,2,522
524,2,194
524,2,34
524,2,44
524,2,606
524,2,853
525,2,528
525,2,529
525,2,734
525,4,194
526,10,731
526,2,149
526,2,270
526,2,371
526,2,527
526,2,730
526,2,773
526,2,774
526,2,793
526,2,892
526,4,775
527,2,526
528,2,525
528,2,529
528,2,734
529,2,525
529,2,528
529,2,530
53,2,292
53,2,34
53,2,54
53,2,55
53,2,59
53,2,60
53,4,56
530,2,529
531,2,532
531,2,541
531,2,543
531,2,625
531,4,623
531,4,624
532,2,531
533,2,162
533,6,534
534,2,140
534,2,162
534,2,210
534,2,217
534,2,227
534,2,268
534,2,28
534,2,287
534,2,289
534,2,34
534,2,701
534,2,798
534,2,89
534,6,533
535,2,273
536,2,41
536,2,537
537,2,268
537,2,355
537,2,536
537,4,41
538,2,289
538,2,483
538,2,539
538,2,540
538,2,541
538,2,542
538,2,543
539,2,162
539,2,19
539,2,483
539,2,538
539,2,540
539,2,541
539,2,542
539,2,543
54,2,53
54,2,56
54,2,57
54,2,61
54,2,62
54,2,63
54,2,64
54,2,65
54,4,55
54,4,58
54,6,59
54,6,60
540,2,338
540,2,483
540,2,538
540,2,539
540,2,541
540,2,542
540,2,543
540,2,770
541,2,483
541,2,531
541,2,538
541,2,539
541,2,540
541,2,542
541,2,623
541,2,624
541,2,625
541,4,543
542,2,241
542,2,288
542,2,289
542,2,475
542,2,483
542,2,538
542,2,539
542,2,540
542,2,541
542,2,543
542,2,575
543,2,483
543,2,531
543,2,538
543,2,539
543,2,540
543,2,542
543,2,623
543,2,624
543,2,625
543,4,541
544,2,520
545,2,512
546,2,547
547,2,238
547,2,546
548,2,146
548,2,149
548,2,178
548,2,549
549,2,548
55,2,271
55,2,53
55,2,56
55,2,58
55,2,598
55,4,54
55,4,60
55,6,59
550,2,1
550,2,268
550,2,287
550,2,288
550,2,483
550,2,587
551,2,477
551,2,488
552,2,553
553,2,552
554,2,250
554,2,555
554,2,556
555,2,15
555,2,205
555,2,22
555,2,223
555,2,236
555,2,258
555,2,26
555,2,262
555,2,29
555,2,43
555,2,464
555,2,468
555,2,472
555,2,477
555,2,48
555,2,554
555,2,556
555,2,566
555,2,568
555,2,569
555,2,570
555,4,476
555,6,291
555,8,475
555,8,478
556,2,554
556,2,555
557,2,468
557,2,472
557,2,558
557,8,475
558,2,13
558,2,148
558,2,291
558,2,296
558,2,298
558,2,468
558,2,472
558,2,475
558,2,557
558,2,849
558,2,91
559,2,109
559,2,354
559,2,455
559,2,560
559,2,561
559,2,562
559,2,563
559,2,564
559,2,565
56,2,103
56,2,131
56,2,17
56,2,176
56,2,195
56,2,196
56,2,197
56,2,28
56,2,313
56,2,33
56,2,34
56,2,359
56,2,369
56,2,44
56,2,490
56,2,491
56,2,494
56,2,54
56,2,55
56,2,60
56,2,660
56,4,53
56,4,59
560,2,109
560,2,354
560,2,455
560,2,559
560,2,561
560,2,562
560,2,563
560,2,564
560,2,565
561,2,109
561,2,354
561,2,455
561,2,559
561,2,560
561,2,562
561,2,563
561,2,564
561,2,565
562,2,109
562,2,354
562,2,455
562,2,559
562,2,560
562,2,561
562,2,563
562,2,564
562,2,565
563,2,109
563,2,354
563,2,455
563,2,559
563,2,560
563,2,561
563,2,562
563,2,564
563,2,565
564,2,109
564,2,354
564,2,455
564,2,559
564,2,560
564,2,561
564,2,562
564,2,563
564,2,565
565,2,109
565,2,354
565,2,455
565,2,559
565,2,560
565,2,561
565,2,562
565,2,563
565,2,564
566,2,475
566,2,478
566,2,555
567,2,148
567,2,47
567,2,478
567,2,482
567,2,575
568,2,291
568,2,475
568,2,478
568,2,555
568,2,570
569,2,15
569,2,205
569,2,22
569,2,223
569,2,258
569,2,26
569,2,262
569,2,29
569,2,43
569,2,464
569,2,468
569,2,472
569,2,475
569,2,476
569,2,478
569,2,48
569,2,555
57,2,54
570,2,291
570,2,459
570,2,475
570,2,478
570,2,555
570,2,568
570,2,94
571,2,148
571,2,464
571,2,475
571,2,478
571,2,572
572,2,148
572,2,464
572,2,475
572,2,478
572,2,571
573,2,148
573,2,388
573,2,389
573,2,478
573,2,686
573,2,91
573,2,93
573,2,94
574,2,291
574,2,478
574,2,576
575,2,148
575,2,47
575,2,475
575,2,478
575,2,482
575,2,542
575,2,567
576,2,291
576,2,478
576,2,574
576,2,663
577,2,186
577,2,578
578,2,577
578,2,579
579,2,578
58,2,55
58,2,861
58,4,54
58,4,60
58,6,59
580,2,581
580,2,582
581,2,580
581,2,582
581,2,583
581,2,584
581,4,585
582,2,580
582,2,581
583,2,581
583,2,584
583,2,585
584,2,581
584,2,583
584,2,585
585,2,583
585,2,584
585,4,581
586,2,132
586,2,289
586,2,482
586,2,587
587,2,132
587,2,268
587,2,288
587,2,289
587,2,401
587,2,47
587,2,550
587,2,586
587,2,589
588,2,289
588,2,644
589,2,289
589,2,587
59,2,103
59,2,195
59,2,197
59,2,300
59,2,53
59,2,861
59,4,131
59,4,196
59,4,56
59,6,54
59,6,55
59,6,58
59,6,60
590,2,266
591,2,357
591,2,369
591,2,374
591,2,592
592,2,148
592,2,30
592,2,357
592,2,369
592,2,374
592,2,475
592,2,591
592,2,635
592,2,9
593,12,821
593,2,1
593,2,38
593,2,651
594,2,266
594,2,364
594,2,38
594,2,867
594,4,258
594,4,262
594,4,43
594,4,744
594,4,745
595,2,596
595,2,597
595,2,755
595,4,756
596,2,595
596,2,597
597,2,595
597,2,596
598,2,55
599,2,95
6,2,14
6,2,15
6,2,17
6,2,19
6,2,2
6,2,23
6,2,28
6,2,29
6,2,31
6,2,33
6,2,34
6,2,4
6,2,40
6,2,41
6,2,43
6,2,487
6,2,605
6,2,7
6,2,8
6,4,486
60,2,109
60,2,222
60,2,34
60,2,53
60,2,56
60,2,661
60,2,877
60,2,878
60,4,55
60,4,58
60,6,54
60,6,59
600,2,128
600,2,601
600,4,602
600,4,842
601,2,128
601,2,600
601,2,602
602,2,128
602,2,601
602,4,600
603,2,308
603,2,355
603,2,604
603,2,887
604,2,355
604,2,603
604,2,625
604,2,637
604,2,717
604,2,718
604,4,222
605,2,488
605,2,489
605,2,6
605,2,800
606,2,524
606,4,607
607,4,606
608,2,609
608,2,885
609,2,608
61,2,54
61,2,62
610,2,611
611,2,610
612,2,613
612,2,619
612,4,617
612,4,618
612,4,620
613,2,612
614,2,219
614,2,85
615,2,374
615,2,616
616,2,615
617,2,12
617,2,619
617,4,612
617,8,618
617,8,620
618,2,12
618,2,619
618,4,612
618,8,617
618,8,620
619,2,612
619,2,617
619,2,618
619,2,620
62,2,135
62,2,54
62,2,61
620,2,12
620,2,619
620,4,612
620,6,792
620,8,617
620,8,618
621,2,371
622,2,412
622,2,466
623,2,541
623,2,543
623,2,624
623,2,625
623,4,531
624,2,132
624,2,154
624,2,541
624,2,543
624,2,623
624,2,625
624,2,797
624,2,858
624,2,859
624,4,531
625,2,531
625,2,541
625,2,543
625,2,604
625,2,623
625,2,624
626,2,434
627,2,273
628,2,630
628,2,724
628,2,725
628,4,629
629,4,628
629,4,630
63,2,214
63,2,425
63,2,426
63,2,427
63,2,54
63,2,642
63,2,741
63,2,742
63,4,404
630,2,628
630,4,629
631,2,18
631,2,632
632,2,631
632,4,18
633,2,415
633,2,418
633,2,748
633,2,850
634,2,415
635,2,1
635,2,148
635,2,30
635,2,592
635,2,9
636,2,258
636,2,262
636,2,30
636,2,369
636,2,43
636,2,472
636,2,475
636,2,9
637,2,222
637,2,604
638,2,148
638,2,369
638,8,639
638,8,640
639,2,148
639,2,369
639,6,640
639,8,638
64,2,11
64,2,14
64,2,23
64,2,28
64,2,293
64,2,295
64,2,296
64,2,298
64,2,31
64,2,37
64,2,40
64,2,54
64,2,65
64,2,71
64,2,72
64,2,73
64,2,74
64,2,75
64,2,76
64,2,77
64,2,78
64,2,79
64,2,80
64,2,81
64,2,82
64,4,294
64,4,297
640,2,148
640,2,369
640,6,639
640,8,638
641,2,462
642,2,63
642,2,643
643,2,642
644,2,588
645,6,646
646,6,645
647,2,475
648,2,388
648,2,473
649,2,275
65,2,244
65,2,54
65,2,64
650,2,107
650,2,466
651,2,593
651,2,652
651,2,821
652,2,651
653,4,366
654,2,655
654,2,656
654,2,657
654,2,658
655,2,654
655,2,656
655,2,657
655,2,658
656,2,654
656,2,655
656,2,657
656,2,658
657,2,654
657,2,655
657,2,656
657,2,658
658,2,654
658,2,655
658,2,656
658,2,657
659,12,23
659,2,231
659,2,26
659,2,33
659,2,34
659,4,782
66,4,68
66,8,67
660,2,17
660,2,176
660,2,28
660,2,313
660,2,33
660,2,34
660,2,359
660,2,44
660,2,56
661,2,202
661,2,222
661,2,292
661,2,31
661,2,40
661,2,60
661,2,662
661,4,109
661,4,210
661,4,34
662,2,109
662,2,202
662,2,31
662,2,34
662,2,661
663,2,576
663,2,664
663,2,665
663,2,94
664,2,129
664,2,140
664,2,261
664,2,285
664,2,33
664,2,359
664,2,400
664,2,663
664,2,665
664,2,85
664,2,94
665,2,663
665,2,664
665,2,94
666,2,203
666,2,408
666,2,464
666,2,470
666,2,669
666,2,94
667,2,236
667,2,266
667,2,464
667,2,94
667,4,468
668,2,94
669,2,203
669,2,408
669,2,464
669,2,470
669,2,666
669,2,94
67,4,68
67,8,66
670,2,671
671,2,670
672,2,152
673,2,483
674,2,330
674,2,483
675,2,676
676,2,675
677,2,678
677,2,749
678,2,677
679,2,210
68,4,66
68,4,67
680,2,137
681,6,682
682,6,681
683,2,291
684,2,154
684,2,324
684,2,685
685,2,684
686,2,573
686,2,91
686,2,93
687,2,402
688,6,381
689,2,243
689,2,520
689,2,690
69,2,70
690,2,243
690,2,689
691,2,520
691,2,8
691,4,896
692,2,8
693,2,27
693,2,308
693,2,694
693,2,695
693,2,720
694,2,693
694,2,695
695,2,693
695,2,694
696,2,364
696,4,697
697,4,696
698,2,699
698,2,783
698,6,784
699,2,698
7,2,10
7,2,11
7,2,14
7,2,15
7,2,17
7,2,19
7,2,20
7,2,21
7,2,214
7,2,22
7,2,23
7,2,26
7,2,28
7,2,29
7,2,30
7,2,31
7,2,33
7,2,34
7,2,35
7,2,36
7,2,4
7,2,40
7,2,401
7,2,41
7,2,475
7,2,48
7,2,484
7,2,485
7,2,49
7,2,6
7,2,9
7,4,1
7,4,13
7,4,2
7,4,24
7,4,338
7,4,43
7,4,47
7,4,8
7,6,3
7,6,398
7,6,45
70,2,69
700,2,227
700,4,217
700,4,229
701,2,140
701,2,217
701,2,227
701,2,44
701,2,534
701,2,77
701,2,89
702,2,401
702,2,845
703,2,466
704,4,705
705,4,704
706,2,313
706,4,707
707,4,706
708,2,709
709,2,708
71,2,11
71,2,14
71,2,23
71,2,28
71,2,31
71,2,37
71,2,64
71,2,72
71,2,73
71,2,74
71,2,75
71,2,76
71,2,77
71,2,78
71,2,79
71,2,80
71,2,81
71,2,82
710,2,711
711,2,710
712,2,282
712,2,284
713,2,714
714,2,713
715,2,131
715,2,143
715,2,15
715,2,466
716,2,218
716,2,224
716,2,25
716,2,879
716,2,880
717,2,222
717,2,604
717,6,718
718,2,222
718,2,604
718,6,717
719,2,414
72,2,11
72,2,14
72,2,23
72,2,28
72,2,31
72,2,37
72,2,64
72,2,71
72,2,73
72,2,74
72,2,75
72,2,76
72,2,77
72,2,78
72,2,79
72,2,80
72,2,81
72,2,82
720,2,27
720,2,693
721,2,357
721,2,374
721,2,781
722,2,111
722,2,261
722,4,12
723,2,87
724,2,628
724,2,725
725,2,628
725,2,724
726,4,727
726,4,728
727,4,726
727,6,728
728,4,726
728,6,727
729,2,370
73,2,11
73,2,14
73,2,23
73,2,28
73,2,31
73,2,37
73,2,64
73,2,71
73,2,72
73,2,74
73,2,75
73,2,76
73,2,77
73,2,78
73,2,79
73,2,80
73,2,81
73,2,82
730,2,149
730,2,526
730,2,731
731,10,526
731,2,730
731,2,773
731,2,774
731,2,775
731,4,149
732,2,733
733,2,732
734,2,525
734,2,528
735,2,36
735,2,736
736,2,735
737,2,738
738,2,737
739,2,18
74,2,11
74,2,14
74,2,23
74,2,28
74,2,31
74,2,37
74,2,64
74,2,71
74,2,72
74,2,73
74,2,75
74,2,76
74,2,77
74,2,78
74,2,79
74,2,80
74,2,81
74,2,82
740,2,25
740,2,837
740,2,838
741,2,63
742,2,63
743,2,510
744,14,745
744,4,594
745,14,744
745,4,594
746,2,747
746,2,811
747,2,746
748,2,418
748,2,633
749,2,1
749,2,44
749,2,475
749,2,677
749,2,750
75,2,11
75,2,14
75,2,23
75,2,28
75,2,31
75,2,37
75,2,64
75,2,71
75,2,72
75,2,73
75,2,74
75,2,76
75,2,77
75,2,78
75,2,79
75,2,80
75,2,81
75,2,82
750,2,1
750,2,44
750,2,475
750,2,749
751,2,193
751,4,146
752,2,152
753,2,353
754,2,295
755,2,595
755,2,756
756,2,755
756,4,595
757,2,468
758,2,129
759,2,760
76,2,11
76,2,14
76,2,23
76,2,28
76,2,31
76,2,37
76,2,64
76,2,71
76,2,72
76,2,73
76,2,74
76,2,75
76,2,77
76,2,78
76,2,79
76,2,80
76,2,81
76,2,82
760,2,759
760,2,761
761,2,760
762,4,91
763,2,192
764,4,765
765,4,764
766,2,301
766,2,405
766,2,860
766,4,396
767,2,768
768,2,767
769,2,224
769,2,231
769,2,28
77,2,11
77,2,14
77,2,28
77,2,31
77,2,344
77,2,37
77,2,399
77,2,44
77,2,46
77,2,469
77,2,475
77,2,5
77,2,64
77,2,701
77,2,71
77,2,72
77,2,73
77,2,74
77,2,75
77,2,76
77,2,78
77,2,79
77,2,80
77,2,82
77,2,864
77,4,23
77,4,81
770,2,540
771,10,772
772,10,771
773,2,526
773,2,731
774,2,526
774,2,731
774,2,775
775,2,731
775,2,774
775,4,526
776,2,777
777,2,776
778,2,22
779,4,780
78,2,11
78,2,14
78,2,23
78,2,28
78,2,31
78,2,37
78,2,64
78,2,71
78,2,72
78,2,73
78,2,74
78,2,75
78,2,76
78,2,77
78,2,79
78,2,80
78,2,81
78,2,82
780,4,779
781,2,721
782,4,659
783,2,698
783,2,784
784,2,783
784,6,698
785,2,786
786,2,785
787,2,343
788,2,466
789,2,142
79,2,11
79,2,14
79,2,23
79,2,28
79,2,31
79,2,37
79,2,64
79,2,71
79,2,72
79,2,73
79,2,74
79,2,75
79,2,76
79,2,77
79,2,78
79,2,80
79,2,81
79,2,82
790,2,839
790,4,791
791,4,790
792,2,831
792,6,620
793,2,526
794,6,795
795,6,794
796,2,348
796,2,851
797,2,624
798,2,534
799,2,369
8,2,11
8,2,111
8,2,113
8,2,14
8,2,15
8,2,162
8,2,17
8,2,22
8,2,23
8,2,254
8,2,255
8,2,257
8,2,26
8,2,260
8,2,261
8,2,263
8,2,265
8,2,266
8,2,28
8,2,29
8,2,294
8,2,295
8,2,3
8,2,30
8,2,31
8,2,33
8,2,34
8,2,36
8,2,4
8,2,40
8,2,41
8,2,42
8,2,45
8,2,47
8,2,48
8,2,50
8,2,519
8,2,520
8,2,521
8,2,6
8,2,691
8,2,692
8,2,85
8,2,9
8,2,91
8,2,93
8,2,96
8,2,97
8,4,13
8,4,19
8,4,2
8,4,24
8,4,35
8,4,43
8,4,49
8,4,7
8,4,86
8,4,88
8,4,90
80,2,10
80,2,13
80,2,14
80,2,16
80,2,164
80,2,165
80,2,166
80,2,167
80,2,208
80,2,21
80,2,223
80,2,23
80,2,236
80,2,246
80,2,258
80,2,262
80,2,28
80,2,29
80,2,3
80,2,31
80,2,354
80,2,38
80,2,380
80,2,39
80,2,403
80,2,404
80,2,406
80,2,407
80,2,409
80,2,410
80,2,411
80,2,43
80,2,440
80,2,441
80,2,442
80,2,443
80,2,444
80,2,447
80,2,449
80,2,450
80,2,451
80,2,452
80,2,453
80,2,454
80,2,455
80,2,456
80,2,457
80,2,458
80,2,459
80,2,47
80,2,64
80,2,71
80,2,72
80,2,73
80,2,74
80,2,75
80,2,76
80,2,77
80,2,78
80,2,79
80,2,82
80,4,11
80,4,22
80,4,24
80,4,253
80,4,256
80,4,30
80,4,446
80,4,448
80,4,48
80,4,81
80,4,9
80,6,45
80,8,26
80,8,37
800,2,605
801,2,802
802,2,801
803,2,804
803,2,852
804,2,803
805,2,18
805,2,318
805,2,806
806,2,318
806,2,805
807,2,808
808,2,807
809,2,810
81,12,29
81,2,10
81,2,11
81,2,115
81,2,137
81,2,16
81,2,200
81,2,201
81,2,203
81,2,204
81,2,205
81,2,206
81,2,207
81,2,209
81,2,21
81,2,213
81,2,214
81,2,218
81,2,219
81,2,221
81,2,222
81,2,225
81,2,228
81,2,231
81,2,246
81,2,3
81,2,310
81,2,311
81,2,312
81,2,33
81,2,399
81,2,403
81,2,405
81,2,406
81,2,407
81,2,408
81,2,409
81,2,410
81,2,411
81,2,43
81,2,44
81,2,47
81,2,5
81,2,64
81,2,71
81,2,72
81,2,73
81,2,74
81,2,75
81,2,76
81,2,78
81,2,79
81,2,82
81,26,114
81,4,210
81,4,23
81,4,32
81,4,37
81,4,4
81,4,404
81,4,77
81,4,80
81,6,14
81,6,202
81,6,26
81,6,28
81,6,31
81,6,40
81,8,208
81,8,223
810,2,809
811,2,746
812,2,813
812,2,90
813,2,812
813,2,90
814,2,101
814,4,893
815,2,369
816,4,817
816,4,818
817,2,818
817,4,816
818,2,817
818,4,816
819,2,302
819,4,820
82,2,11
82,2,14
82,2,23
82,2,28
82,2,31
82,2,37
82,2,64
82,2,71
82,2,72
82,2,73
82,2,74
82,2,75
82,2,76
82,2,77
82,2,78
82,2,79
82,2,80
82,2,81
820,2,302
820,4,819
821,12,593
821,2,651
822,2,514
823,2,824
824,2,823
825,2,10
825,2,21
825,2,463
825,2,826
826,2,10
826,2,21
826,2,463
826,2,825
827,2,828
828,2,827
829,2,830
83,2,84
830,2,829
831,2,148
831,2,792
831,2,832
832,2,831
832,6,881
833,4,834
834,4,833
835,2,510
835,2,836
836,2,835
837,2,740
837,4,838
838,2,740
838,4,837
839,2,790
84,2,83
840,2,243
840,2,283
841,2,315
841,2,317
841,2,463
842,4,600
843,2,844
844,2,843
845,2,702
846,4,847
847,2,241
847,4,846
848,2,160
848,2,162
848,2,186
849,2,13
849,2,148
849,2,558
85,2,140
85,2,285
85,2,33
85,2,359
85,2,400
85,2,614
85,2,664
85,2,8
85,2,86
85,2,88
85,2,90
85,2,91
85,2,93
85,2,96
85,2,97
850,2,633
851,2,294
851,2,796
852,2,803
853,2,524
854,2,855
855,2,854
856,4,857
857,4,856
858,2,624
858,2,859
859,2,624
859,2,858
86,12,93
86,2,13
86,2,85
86,2,87
86,2,89
86,2,92
86,2,94
86,2,95
86,2,98
86,4,8
86,4,90
86,4,96
86,6,91
86,8,88
86,8,97
860,2,766
861,2,58
861,2,59
862,2,33
863,2,188
864,2,77
865,2,15
866,2,369
866,2,867
867,2,266
867,2,364
867,2,369
867,2,594
867,2,866
868,2,869
869,2,868
87,2,13
87,2,723
87,2,86
87,2,88
87,2,91
87,2,93
87,2,94
87,2,96
87,6,89
870,2,268
870,2,288
871,2,140
872,2,213
873,2,874
874,2,873
875,2,876
876,2,875
877,2,60
877,2,878
878,2,60
878,2,877
879,10,880
879,2,716
88,2,129
88,2,85
88,2,87
88,2,89
88,2,94
88,4,8
88,4,90
88,4,91
88,4,96
88,4,97
88,6,93
88,8,86
880,10,879
880,2,716
881,6,832
882,2,488
883,2,884
884,2,883
885,2,608
886,2,472
887,2,308
887,2,603
888,4,889
889,4,888
89,2,103
89,2,140
89,2,165
89,2,17
89,2,188
89,2,22
89,2,222
89,2,224
89,2,225
89,2,227
89,2,249
89,2,31
89,2,34
89,2,344
89,2,354
89,2,356
89,2,362
89,2,363
89,2,365
89,2,368
89,2,43
89,2,48
89,2,534
89,2,701
89,2,86
89,2,88
89,2,93
89,2,96
89,4,217
89,4,91
89,4,94
89,6,87
890,4,18
891,2,148
892,2,526
893,4,814
894,2,369
895,2,99
896,2,520
896,4,691
897,6,898
898,6,897
9,10,1
9,10,13
9,10,45
9,14,24
9,2,11
9,2,113
9,2,148
9,2,16
9,2,2
9,2,20
9,2,214
9,2,252
9,2,255
9,2,267
9,2,354
9,2,369
9,2,380
9,2,399
9,2,400
9,2,401
9,2,402
9,2,44
9,2,440
9,2,441
9,2,442
9,2,443
9,2,444
9,2,446
9,2,447
9,2,448
9,2,449
9,2,450
9,2,451
9,2,452
9,2,454
9,2,456
9,2,457
9,2,458
9,2,469
9,2,47
9,2,472
9,2,519
9,2,520
9,2,521
9,2,592
9,2,635
9,2,636
9,2,7
9,2,8
9,34,30
9,4,10
9,4,21
9,4,260
9,4,265
9,4,27
9,4,338
9,4,39
9,4,398
9,4,475
9,4,5
9,4,80
9,6,22
9,6,253
9,6,256
9,6,258
9,6,26
9,6,262
9,6,3
9,6,37
9,6,42
9,6,43
9,6,48
9,8,35
9,8,38
9,8,49
90,2,245
90,2,247
90,2,812
90,2,813
90,2,85
90,2,91
90,2,93
90,2,97
90,4,8
90,4,86
90,4,88
90,6,96
91,2,13
91,2,339
91,2,558
91,2,573
91,2,686
91,2,8
91,2,85
91,2,87
91,2,90
91,2,94
91,2,95
91,2,98
91,4,762
91,4,88
91,4,89
91,4,96
91,4,97
91,6,86
91,8,93
92,2,35
92,2,49
92,2,86
92,2,93
93,12,86
93,12,97
93,2,13
93,2,307
93,2,573
93,2,686
93,2,8
93,2,85
93,2,87
93,2,89
93,2,90
93,2,92
93,2,94
93,2,95
93,2,98
93,4,96
93,6,88
93,8,91
94,2,148
94,2,176
94,2,203
94,2,236
94,2,302
94,2,339
94,2,389
94,2,408
94,2,43
94,2,468
94,2,470
94,2,478
94,2,570
94,2,573
94,2,663
94,2,664
94,2,665
94,2,666
94,2,667
94,2,668
94,2,669
94,2,86
94,2,87
94,2,88
94,2,91
94,2,93
94,2,96
94,4,308
94,4,464
94,4,89
95,2,13
95,2,599
95,2,86
95,2,91
95,2,93
95,2,97
95,2,98
96,2,15
96,2,178
96,2,247
96,2,248
96,2,34
96,2,365
96,2,41
96,2,8
96,2,85
96,2,87
96,2,89
96,2,94
96,2,97
96,4,17
96,4,245
96,4,246
96,4,249
96,4,86
96,4,88
96,4,91
96,4,93
96,6,90
97,12,93
97,2,13
97,2,307
97,2,8
97,2,85
97,2,90
97,2,95
97,2,96
97,2,98
97,4,88
97,4,91
97,8,86
98,2,13
98,2,86
98,2,91
98,2,93
98,2,95
98,2,97
99,2,100
99,2,101
99,2,895
