id,LN6vLAZKuEI
published,"2020-05-28 21:44:29"
published_unix,1590702269
title,"George Floyd protesters attack woman in wheelchair who allegedly had knife | New York Post"
description,"Shocking video has emerged of a woman in a motorized wheelchair being punched in the head and sprayed with a fire extinguisher in Minneapolis after reportedly trying to stop looters during the riots in the wake of George Floyd’s death. Several videos posted on Twitter show the woman being pummeled and sprayed in the face by a mob as she sits in her chair. In one video, someone can be heard saying she was holding a knife during the melee. “I was peacefully protesting. They attacked me from the front and back,” the woman, identified as Jennifer in the clips, claims in one video. “They punched me in the mouth, my head … I got punched in the head several times. I got grabbed from behind … They stole my keys. They stole everything they could off of me. I got Maced in the face, I got covered in fire extinguisher.” The New York Post is your source for breaking news, news about New York, sports, business, entertainment, opinion, real estate, culture, fashion, and more. Catch the latest news here: https://nypost.com/ Follow The New York Post on: Twitter - https://twitter.com/nypost Facebook - https://www.facebook.com/NYPost"
channelId,UCrvhNP_lWuPIP6QZzJmM-bw
channelTitle,"New York Post"
duration,PT1M3S
dimension,2d
definition,hd
caption,false
allowedIn,
blockedIn,
licensedContent,1
viewCount,571121
likeCount,5104
dislikeCount,
favoriteCount,0
commentCount,2703
uploadStatus,processed
privacyStatus,public
license,youtube
embeddable,1
publicStatsViewable,1
