author,count
afec945c47371a0589ea9307463a5d2e9e1e9fb3,24
2ea318c2ab5f335b74ea31216a285715a33b329d,19
3c556fabc08dd8ad88b46d30bde784ea5bec2325,15
0d9e1694d43e3bde1413a551350fda06c4b9f112,14
c35f4409d4017f3b358485ccf0cb04600fe15b1c,13
d7be5f656797659f1525da497d64fd1b83162765,12
226ab6947f003b0d57f3665d5fdce4b05ee536c9,12
59bb97302155d27c4202304c2582c827b8ac96b3,12
97ae3cbf91855e55ca0c68eddd53d1f7d8b9ff17,10
55f3f47ef0537699172d77bc0c092a95da11d884,9
52c9942fd0a16639644029fa61ca69c023c64d19,9
bd05d67789318d253923550b574ee43b70bbb955,8
a6977b4600d10992526a0bdfc0a2ecf9ae8ca0aa,8
21df65c07b61ae642c4d07f5c99882d0c2946bbb,8
3aeb4b5b96791a06fe484881c443f3ddb9d2a53d,8
b483de2ff9119976e15462a9f9009ebf514c3510,8
9f0e8b40c85c586173adc7c4c337b0f56af54545,8
29a3b1c97fb7bd3cb2335eb7983cee14f349db7e,8
a654c1c321aae1e474371bda4ddd2e39af74cf5f,7
72ae752ac4560f37f93ddc0f7233d02859099cf6,7
99481ab1675ba5d78ef76fefb844251e7e48bd34,7
001348302ca2ca0fec4a32c94c4e6ad03f5b64f0,7
e8b2a96152cc25904614a4ad1ed3fe447ba1ccbd,6
df8b9dcec62366371fed06df582c9ac26ab48d4b,6
ddf7e58a369c23250c7af2aef90d27763ed0a5c4,6
f3afbc42f350ac05f7a2af56c2c3927fa168c6d3,6
a6df99ec297e3d6d7dc218a5cda471666ca88597,6
34a03efbbc0cc02ee8e1c597edab2ecca849afe9,6
b4a71ede29e1b669c35b9ed91266571b26525087,6
b67249f40b6804b8b51da9c51a62bf654d563518,6
3878a0f72011f45d67e417a82184bd4f78f734ba,6
8e98263899e7118f596041daa18bae2cff70ebc5,6
88e6478596a1cde784973c6f827e93dd7b2aefd5,5
460c943ae5c3b7b36fe194b0ff3326d3e5b01574,5
8590549b006af399735b101af5d88c37f74dd91a,5
b8ef7adeb79809679dd3dea5599f9d5c28dea178,5
0066ee0d76189a749833aee8027a85e1d59cf03e,5
7fbe452ecaf76ff3193c423a3524b120bde5842e,5
d74abde232b0a145154b5779bf737e2a51b8a9a3,5
8600bdcd482d6775016a3341f06b60453eef136c,5
a2ca5d50e369dc1b7c6f57aa70cad8f8d95ec1b7,5
598ff88e2f5f157038d4c2e8cd3bc29747bee303,5
b181e9fe5f669e01af5619cac21c91f549acdd35,5
c9b4743c9c4bde30cd91f8d4f8df9b8717f3d884,5
5cc6e3be952e9681cf9eeaf5bdc54730aed084e9,4
83f4d17eb93fdb5e59b2e2094ddeaa2ec5fd1875,4
764a44fa4110ac37f82a0fbfb70d17108aa9e745,4
0733edcd991fdf96c1f71b738456d185c1163aa8,4
79ccb774e523474139584130395fc11d380f920b,4
a81c45d9d9dd12b2857e4ab00784191df1e6bd0f,4
1c9ed4d790b6eed40d1ebbc8a571cb84d56858fc,4
c06fe3cb15b5f6298f352f89f527ba15acb3b166,4
7b0da5aebeaab6a4c90b58bab3a54427c4680e69,4
e551478762250ede64e51130b1e07bd5ad678ede,4
9d12034016c0cf0e6e75dc765eb972f2231bf045,4
8c01572136ed6e0cb39a0e2dfd5ea5d8031ed568,4
2452c81f5bba0815fc9e5081d2309d5d65b057f8,4
6828be536465ebdc9b5add232b8bc7c9fd107d52,4
bf8c419e70c84692f25543872364418b58a530b5,4
d7c03b56fa293e10a7904a2a8e2abd94ab2b215e,4
8cebe3095ea373d9cbba6ed0d40532ad6e24c4fc,4
73a48b6bb497ac750c752360977ba627bc9bbb26,4
d855f760a8a0615e73adff8b0ed3fb8f4f75c5da,4
ecb0865a0925a400478e18bcd2a4981b6d975745,4
02dde9e88a562ad22ba0e7bb2e1d1e573dfef9d3,4
66fe5f2d9ff0b786f830531e7442b5207b13070f,4
64e021866532bc7b26b4e3c8317c920f1fb90af6,4
fdf6e3a1c00d8865a2b61ab86a70fd0d553948d3,4
5a9c3087ea447916fb3178396b5cbf31d44d3c04,4
444b8cf568536c35ad72622e1712fb98e68bb53c,4
ff03bc1cd5e6a5f0c27426b31dadb80b23498e47,4
04e10dc8b7c66784c71e11589e19a5c25c909a6d,4
912a9ee02e28886b0398ed6feacd968814a3ce31,4
1037d4503be277aa6da475b0c31e5f028f689d57,4
07fd426c18a20358519d41b3aeff9175b3115dd7,4
6efb4fb7bacbd3ed6b974d76b7a3bf0b9726c547,4
d118b7f930476e7f1719c50f1c173c221419d3d7,4
46115f1899fb3a27c8958bfef0442c31bd40742f,3
4684e11a1bd9ac44b7b3c1ad954fd822c8d67768,3
ba968623efe2fc5cb4e396436af6f3f36c45f95a,3
02ec4deb66efe9eb8dfe9fde8bd02e6fdd2096c9,3
2b1696a81ece93f215e1b6b1291897c7df0a0559,3
c6960030ce2550f4d777087bd23cb55ab973a85a,3
0edea2c87bae4d2c4723e2878f61bf35dbb65d9a,3
fd423a2310036c99bdb990c9956be282eb25558a,3
2165a093168c7c2f086058f2a452ae8fc88b74d1,3
0ad03c088c410acd5efdcdd7c1e1cdea0deee075,3
f0b9fa7f145bfcd0a7d5effdaa7c66d8dc640bec,3
a4423375c614a2ab31efd844a0f79a70f072f998,3
ad313c7a08ef5b607492729042c30d65257d61ea,3
8d7b715a2c51d727abab5eadb8a159110a4b825c,3
006e54dcb01244060ab512b035c94f9e6679dbce,3
f7ddfc51af68242b2f780b84376093d8548a2d6c,3
e6aa4bd537acd38255acc54791fddd82b74468aa,3
185df6706089223334dd0249cbbf40e0e92a55b6,3
ebd9565aa9166f2619e503f9b7f03ac840a58d35,3
ede2b66c75bf39f64a775748d91abb31e52b26fd,3
8c620e9055c8333b6b6239a278828fd98f05fb99,3
07f740fc6f5a8d7df1bec988f4166b339a8a790d,3
d529c8db45778c609b2d7f27626fc549d181ec40,3
a16fbdd223a71781803acbd9bd107ba1353fc2f0,3
d7f941157189b7dc18469f20b49554828b47bc8f,3
22e9718b789f31b496acd88fef0262fa4576acc5,3
56d262fd618e7673e830a5206aeac9a312c84287,3
90aff17391becc26aa54608887339af5b98fab1e,3
aca5e84581c604f3b4eef558dabc4b7f507095f0,3
43b54c4e1738d1f3b2753dd20cd8131e3c2de67c,3
b253d31400e1b937361c4d46f448049c4a03b4bf,3
a562deeec43fde7f092efbc65459d76bf19ef2db,3
830d323dd9fb352c46b2e7d04e4ea49c63446dd9,3
b4ab39f7e2ffb394115a9be1b443cbf6869fcf3e,3
21f17ef72719b49ec36519babd9a4b4f3ac12f04,3
a40b6ab8dd423bc75fabc73e60004d2cebe9e115,3
bae29feddb5f1507e5aafda862c26abd226bba95,3
ae34a2fe7770229c8f1d8acc2ffd97973e877685,3
55828519c5c69ee8066f9bc0eb35d3d9abe834e6,3
a83f8e9f8364531cb0c6e0525f10941ad959c94f,3
d432071333db9e92c7f5f29c725067614d3d565a,3
e519d8456b3607420c71969f4672d6bb85754a71,3
5e13b14ada88b06fbc044df683b3d9a76d02b1db,3
0fdef2a573d5b9f24cd75ae04a9f16935d35470f,3
f1ef50b1a1cc710185a13a6b141fc40ab465e481,3
bd168a9382186fb780a3c1a34c5e03c1ad749ed5,3
fab5ab866877994c8cd7927e2cbe8459303ce631,3
464080472dcf2ab06f6fe75e318e809a6ec360b6,3
859d6a5a76fa7b4228e3b6ba65400e566dcddb8b,3
2032fe760c37347140e5c2892dd350c4a163801e,3
5b3ce5de655d16f393ca85007ffa0f984142a9ac,3
c3fd904d2ffc3709f2c354b2008d7b4aefe3c649,3
716024a0608e2d892c4327b90a47f8868b0f2624,3
5ca2678f84c0ac57a6e0cc0b9763b12775ae0714,3
0d149c75ef2e43b3926992323d426ed9e867a71d,3
3a9af692b45ceddfbf55e6d9e282ac9d677633e1,3
c8414a3ad2289446493b093b7f09be9e87b07b4f,3
07f1996920acf9dd389468d10b2101d5b3d9723f,3
8eeb59a0eb8bd4f8404f83ac654de0f2112b7bc7,3
2318116c5a753b7eb45fb9058d2ad549b181b372,3
ec18a0ec36d77ba4b4b5eaf568e392adee6774fe,3
76f023f31e038d173444578801f4979556d8ee32,3
37f6c26889963cfd6ad01ccbdfc03b947b3a7520,3
670b3160029d20d067409788abaeba5104deaf0a,3
8ac78f1b3a1d5324a4affb35f0ede0e4b2d92ab5,3
de938e150c8edbf29570c2840c630982e2faa477,3
f8145940df0c39bb7d6baec400b4b5db6653f9b6,3
8200d2a96321632dc4f9a57e7f549ac9c6b1bf1f,3
2758683be69d717bfdb216ff5ee46a325dec9974,3
42ac79f299c450a7344bd1f6b8506b76e27fe900,3
b4fc73a95bd7adb5341caffcc37d0e397b4fea0f,3
bd3a920c9774f9c978f3d455eda6940bedc8af44,2
29f4ef77858bfd54c3a78c3d71c3b6dc0b86626c,2
8228a121ee9a1fe6f7ee581ee023fde16923c136,2
9fca427453aed857e2276c2e6d708f3b99e1b98a,2
b25f8beb6c6038149f83c84265822ad36ac33316,2
8b278afec95917fe292a5cc2d5308944a3eb5b47,2
f0d0bcc8737a8772c0336de2385f2c56dec34936,2
fa7df850c4934868bbd6474416f0574aef1cd9df,2
14798ed1aa9c167f6b88c4b216edf769c50f0056,2
f05065c20754aca527d964c31fd628b417cfc79f,2
2b1bc4e768d82cabe131fb3b2f672c4f292ebc50,2
c338039e05521de562c67a3b11f5fe37b6fc0f1b,2
e25e83d2c8833aa1c25f5c6ec16b804e65e20b02,2
69656d428bb2e10b40de268480fc80ad04fb901d,2
efddfd7565295549f8aafb7979a8d190d0e0b2d0,2
06a1d0f87382681d2a45308715d698743498110b,2
8b3ecb3e24237ac684f08201fa151a129f601019,2
88aa3faac1419c32088eead15dc759c6a7805623,2
eedfea6b1e8e9453ebdec82bd83bb23609b4e2ca,2
a1c68dcfd6c1ee49ccc1cc027e97febe2f0e7135,2
7cb1392690bf9c43363e139e69db2dc48e95f9c3,2
369576c414da3ecce7005bd0dbd6d26728ff6e73,2
7f5c48e566c34bc6f9de2b9be308934a4811a501,2
2cfc281054a01f52c089f580e373f64cbdc66bd0,2
9188a453d27637dbcbc1ae865a2288dbd72b546d,2
17ed96394c8efd2aace2d6d2b848d208e05fcc6e,2
0248bafe03af9f5bf7c40c22cdd97bd507c862d5,2
0a40248f7a3396b3fd0e04696d63b5743758ccf9,2
1bfb914782a6a9d6836e1745d815c49613ab0375,2
171c1a363c062b90e3edbccf693e49d115ff77f6,2
3eac795db824f112f198eb3736c801955b87796d,2
7f3e8294d718f4c0502dfc218d6544f9c46a1c21,2
aee69b141d5dc6e2d782c12a477042a27ef1dc55,2
fbb12d2058e085d37c96b3603e77d475ebf08516,2
177290a8482d8217ffa5b7dcaa469d01578929ec,2
cd6da85103a68a35e889ba8eea9ee7a52a0aae34,2
07379ee463842ef157cb0cbff5889b6db3e18dc9,2
808f4633a774f1d71d759eb8b19f0a8a337f0a3d,2
4802fa90eadbe0a36684ad0e1706d9fcbb0fe0bf,2
b30fa3248fa4607b555b721e5c5527bca0ec99cd,2
7a1c64c7c0fea9043b792e68a0f27f305fb371ea,2
3fc34ce57a07c808084645b7d22c836fefbd0dea,2
7e6bdd406fcea577ae13ce68d3845e553f31bafa,2
d8a0dad434030016d6976de5b5bc67664131314b,2
0ed3598e1d64c3dfe197eeede43bf5ea7bf01e0d,2
e1317bab0cbef511fe644917f7a894bf8b54a268,2
3f8c1f2ae89bc22d999b23e94df4b2c103a91fbd,2
b4b1e5c8cfb1cc893182a340bf488c40c1eafa8c,2
cbed648c2f1b47f158969fe3cfd5d29725c765a7,2
6c72aead648a67376d932f8bea57935ddca22346,2
fd834401cdb79043229f82175a3912d737602c16,2
a05118cbf9dd10dc1fc13f9540de313db937f49d,2
ba5ce0a4d5049d2c3ef045b3284e6422b45e5ff4,2
ab3d9f205f610713cd2e2d3edb9254b4877e0a33,2
6846e21b7c760ccaee892313248d6f9005265182,2
11be224a1b508bda9d285e31f548eafcee0b57c7,2
f3b88ab7eb80a07807af29b83a3572fe85ed364a,2
d9ff0b56cd74d56b138c17292855c0cdbb3d4a29,2
b7b67ea17c78e9e41cc858233a032f9a13585c55,2
208d634ac5c7d2c7446006f97687aef6c6351978,2
d7f077fe19a1c5579927c53f4c218b9d4b847210,2
50c8c3fc4badf1bfc26ae58656039ac1980bcd6d,2
8cd2270cb0306d9bc164fa1d95652ecdd41973e6,2
58660a5e0c8448e956cd97d8ba21b6bb6da040df,2
a1a35a59abda5306795fb4343ff680518e7ea222,2
183f1fe12b74634a2971d79baaff09c28be55a93,2
21b5faab96bff93e907d4e1b4361747894a6ee7e,2
8c4031190f0cc60ecb247429106be9319114d2ea,2
ff4fe4f215a8c1055b53c757fd19a0aafe45b679,2
85dd34fabebd76e116870d42f625730bc5904667,2
9a2582c4f6f1f792fedf6c2be385a23f375fc4b0,2
c23fb43c72179c557caf86c74bded106dc46bdf4,2
a03fbc83eb59e0e8807ac246581a9e30cd11bbce,2
81e11d1761d47ef46733f30cf9d4bf3a61c30dc5,2
0b9c2c7b3869e06e967a7fc9ab611ba48b5a03ac,2
34ac3bfe7b158065cf1bc15aec33e908a3abc3c8,2
28d980eaff385b7feddda385e9f1cc63e5b39bdb,2
fd31d9ba1605a0dc065bf51ad300dd6d2596b6a9,2
365a876191a528188028b48083bf5e1870eb1f16,2
1808c1c652ae744d878f64f1ed9c218f4f4924db,2
81ae4913c0b0f80070bd05f0638f9fc90ee03c98,2
66776d6f0c2fc97717e32603d009c23442bc11d9,2
f9b0927548bf38a8a6c8eb1a5d529f2f57a02839,2
d0dfac2bc3de760927c36ae872a1da63b400ada0,2
8120ae210b65a20b183fe9883bb5f626b821b95f,2
05bd8b64358548065b12604cd9c2dd28d84b8f6e,2
8f92368e69d2211b73d8cec01ff8e17d68095922,2
4a743adf6bfcb8200103bad440b7674abb790b2f,2
0466f28ab10997359ff9fa32a863454e189dbd38,2
bf8339e4ad2f1468d79ab9e9a55a447adcd2ed00,2
adc113a9caeb7c8094d2a008dcc935cddf2c064a,2
b3830045aa56b159a2ec712a999c34cd7a45f638,2
f873ba124af4867e1310d87f0ad49404ec7ed2d9,2
1ce60b9dc5530a0103bdd8a6e26c3f3d6902806c,2
1883d4c4bac2b555ab67ad0f47c2cd611593d114,2
bf76d20f2d2630c1ca0b08d1b34c8e5f5c0ced74,2
c9b0327b2a8d338ec0de776f957d85ae68ed1fab,2
24c1f6130ab71f42601684d9e22874064c0db3f2,2
43f0f9dbd348ad48d5494af7763d17ccc923300b,2
b891542593afeb532abfa3ec759f3f48938c723b,2
d9e772a6e1ca92d63507702ba4945ebba2cf063c,2
6ea7989476260288e7d4507aa0fb8a4d73aca9f5,2
84d00f562b81eca976b15cb42f9b09554383c995,2
bdca5710a4788d5e8b6ab1c5cf9e8592a32ad109,2
352ccb7a3cf2223bb98443511c3a203303f065d1,2
fc4869e0d463e6dcf8979481a7e5750baad221de,2
f1f42f87935a2510b4ff66037b8417ad2e2f2932,2
a912c6eec34e29ab032c3a365e10f2fd9fdc838b,2
9f9b52ce65c57ecdba01bd2f211c2d0a4a2d3258,2
a30bf2868c743bf5f173dc2c884eec9ad723b82b,2
ae517aa25e0d5d13100f3c216a82441a64ab0257,2
2a3972456969fff4186e9ebe706db86324e18707,2
d05d95fe22d793f6a4600131216cc7780dfab48f,2
1fd0c4fc2039731cdd78adcb8d55dd9f53ddc6eb,2
15183a71c44dc06e67dd09224ebe82c23d247a74,2
2dc7125278d103864081f14620fdc394ffa356ad,2
e3192f24b4b9b9575142b11cda8d470b24da9772,2
40767e7824a699ddbc9f8cb43a0638ffc29d9074,2
80a85bb4347f449312c2e6ff21990f1b829aa235,2
3e8a9cbe4ddb3a4b8e35781d0cd09471c76d7829,2
f124ab3a5a6182b55f42cd12bb318f0fdf9814d0,2
e6e415721cb547423176cfb95c5588ca4185d5da,2
6a09dac72937c0bc4f06c652a9768346837d82df,2
b733b0033fb600e0855c08ed9fc389d66799949f,2
5177ae3fa47ad2b113275959dc33ae0ca628829f,2
f6d5b73bb81d8b4da86e718abf502cb02d1021cc,2
dfe9dd6a0fa3bd9853b749eec2ec068b332efc2c,2
d2954d0a2b4e89eac0d42e83753186b2f73ab724,2
4a0fff4ed11e0444f524b094ec183b6ba6cb9e31,2
7681b0673fa0a90002732786251cfe6b107184ff,2
b8ea3d27d16f75614644313f1151334fcf96ac60,2
d33e12af2ce3573fe6f172f101754562f1ac0bad,2
17f189786765d0efab57f41b4780bd998e30e115,2
3899d928170bf3e173a7afcc1a877f813bc60c8e,2
fa4cd85a78bafe0cc9e3921385fff952b56e37e3,2
2f75126894e3a0e2c33b94b079780cbe58e3899e,2
0ce45413837399dd56b925342e4b618a7baf3780,2
01975a16a86ac77bba8901ce9bb92e945bfa1ab8,2
90d2fc8a2c6455dbd9b7ba947e0848c7486ea763,2
ef4ee216c6134ad203e5c85b6cbac731fdbdebc6,2
c81f5f9b83dc3173eaecf097b8fbfb8ef90a18eb,2
a829d35162247085d597c3f1d2dfbd0218480670,2
5c7496b4dc0a427f4ced6cb0d04bdd8a5dd79fc8,2
76b0298ab4e9b5ee3fc891b3159dde8607d8ba2f,2
0f3bfaa33e0b903434a2c03cb61bdc95cbb748cd,2
f21f66e7a184ff121cc25a61604463aeb360f04c,2
11432bfccfe6e888cfd10c3aa9a892f0e5ec9708,2
b54f861bf4bd486af5cac4475f3ec37f6e85deae,2
159113d5b3e640e84032bba4f2a3b0e4ac73f8cf,2
bdd72fbfdf1a7d7d03dd7d17fadda9b5cf3515bb,2
bb08d39c7588e31787cdf56f7d87b3cae2226fda,2
a0849521c948ecd3ed947a0ca30c63e0fae9093a,2
e17f0242c4b839b7590ca2134c57cf7f27b82a32,2
09697bd4bc0f4f0f1f599066a980f16465101e19,2
db7606731a31bb5b450eab282fa959a5233bbcac,2
f61b6311a816adaf59d544d05a98c097cdde82f6,2
cbf7010c238b9279dd689650f6a1449387ca8936,2
e16e53ad561ffb0233cad99ca4534aba55d6fdef,2
446a20210b8e5fe1116944f2990d221c8c8c099c,2
982651892d29b5ba554e9b136c32acdf153e2838,2
9ddc78f97f66b23d5c46e0ea429e46f4be7040cb,2
bea7cf4ea0644df87a542e26ce532da08faedf91,2
4565ec66fa65cf5ea06031fbb0506f826106cad6,2
6bbeb13caaae6c3f8467ac6befde50d11611a6cd,2
633c449eaa07179621d41c19f38257e30d4f794a,2
0cc92651e033fa6c6374da4dc95b3f8771f0144e,2
18cb4f3448b278e60aa8792ff45fdd85628c8a60,2
c1614c91fe1c7d820c915a7176f72e6c2a5a9714,2
875c85eb9814da5feae1342e5f2d85742c64f11a,2
8019499c33ea373c4d956d1b2f6bf96ef9d93f76,2
57d2c14c459b07d2041a8e241ce00dfff65a4ad1,2
424e420e5468475d5b84c39ae3843a82892b23cb,2
ed15d2ae1b270d21c583fb0d70dd077db6c2e2d3,2
684f16b1f88f545223df51799bded208074db2e9,2
34a321927c770bdaffdd69782a160cac57fec83b,2
ec4f686ebff5e37930a3c679e2ba31e7689e04e0,2
cf69de6e24049125108c752da9af1c0c9971ac47,2
88294a3e4495c9ebfff56723b00f85eec66dd626,2
8d35ad2a2a1a196edd528e75ffc5602bc60a9f12,2
503ecc25c784a381155d4e9ad87bfc3a6fcb5e61,2
f02f50a72e30a01297e055eb66f5f79251234a06,2
8603c740916f2ce7d6b9fe0d72fa22b37077d9e9,2
4cc38508037df188ca41ad32ab9aefed92645b3f,2
524f123819835557cf1100d7a94e803aec65feac,2
a8778271f77fb899ea8968ac48a5994165e30eb2,2
24c13cad3fd0bec768be8e6202a6b2af3800cbd2,2
b393b2fa54cce1561dcdea9e5b4d8adf8e87cfc7,2
d707e1fe73cb6c23399e3d2db25f9673164b5ec1,2
d1ded3fa5b82747c7cd1e7ea4b1eb910097f883a,2
6a06d120c9f7f806f22ba936584c1a5f19310928,2
8462b925fdc230a26915df06ee103ee8dbff3c6c,2
091109cec77c1eb64ef5fccb637ee964872b43b0,2
509c5d4b22f7218622eb30f57afffcbade2238bb,1
3a5191324aa0cae2fdc4b6855146dc9145f2c3ab,1
1697a1d965770f287c27574ede65a9ec878fd660,1
2d20bf742214cd15c99e9aa5eee5804f2412e468,1
6abddea1d679a5bb9f542db78339169125a28b6f,1
f9c39bce210d3165a1e9fb42bcb201ca5cc75bc7,1
0d6335dec2bf249b6de0b1b8146d6fb66c661a76,1
3a22fca602b613325568135b50f880e58d5e4b7e,1
ed61d907ea0e85169475981c40b4859ebd89690e,1
ffbff2f9904eb920b3b71eb427fa0d297d808de6,1
5920860c52e04b7bc6ada3d2f3fc6a0bcbc87b26,1
e3e3be56ebc4fe475efa08ceb6dff9d5c2940e8f,1
77fa495718fb0747f4549b257f2b9ce7f2afd13b,1
08f24affb805eca67be5ffdd536519899c81fcb0,1
87a289d80df245959f594e799057b99a9f1fccd5,1
963d1d0ebd0a41512f7c80c51b684e9c4c0b8db0,1
d4790da67c55ed91810191c5aa8a8d907decda8a,1
751b3d068b7c6d011a06d8b4d1b3580acdf134ea,1
c8cd0a2f10547a640ca4079284a7cdffbee79944,1
b66ce7e66be7905d77df11160a1f3e3351629daf,1
98d4a86a85a0b760793784324cb41645ceb9dec2,1
49b794d13d8069d30e456fa99b49793136779b9d,1
801671c6f3d3c960a1721318068dd9ff6861b56e,1
da8f86afad28679af1e7944f67fd840c63ee9b60,1
c9638f5212f24a4850caef7dfb6436a3cd192034,1
d218fc7297aef45964413d3eaaf45241ceb21369,1
807a982600954acf6ba1426ba4ee9f4a9d852afb,1
f9b871906b6559a93641d3cad2cc3c38176ad07e,1
a3091876d676bbbfda4294742ac7c0f07d37d60a,1
1784394fa1af334fad843fe7dc2f50fa7665408f,1
09cc3311c5dd5200810a521e7350e1adc8f0be9b,1
9a31efe834fabf5c6a2534650f85d44c830531ef,1
1c588ba6974ccfdd95a72572ce0b33ea8b8bbb9c,1
826599e0903d464ed517912832ffd2ee5f278aff,1
49bf411be4e6a73fb666157729e30ea1b6c5c982,1
1cd4d8e7f6dbf9f8cfc3a62729e52f93d389245c,1
780264410e713c6c6779a626dbb19b9a1a80beae,1
0f5c6e033f653c5d8ba5a2103df970d468f4b8fc,1
8364884334d7991b533d34cdc17f82e8f00cdb84,1
10a53453ef9d5fcd0d93045b060bac9c95d20c9a,1
ce4946d853b59358f74d8fda220933b34d5ce53c,1
9c795b1db7af64877375bfdc045e3aca1f48423e,1
07986b89032b5b14603f878a6f1e081bddb41a01,1
64103071435e0ac2c91305a8d08c5b296aed97b8,1
034016a4fba632180376f200e1ca5d3f096b2981,1
836ae15ba64e29455526e4fb679e0fd2e3d455b7,1
22d1d11d655f0e6aaf6b6a64f09556f2bfff59a6,1
15f7034c9f20256e80391e551b9610dfe33f0f73,1
b270a0d461f671660c59b5bcbb9d342fd3be6d86,1
64de23e8fbe7ff93e4eebcbb050413bd0dc33960,1
a31af9736a2c290e94aa886a37d8f478149e1a9c,1
090fc86b773be8db05cbc7317775b2d0cb2a66d6,1
e5832d7cc2f3e62939415fb33cd964728c629820,1
6a6e101e4d8e3175a6252c1c2e10f21fb1dcd177,1
f0e14bcc6fd24fe14da93697dd2043375bda6edd,1
5e21ad543937c9af484bcb6c05817498c45c1a28,1
f78b680f1f1db272b6f045fce405cc2ac1fc4fca,1
c00f0d1237207ae368c289d130565c0f62959088,1
3dc20c57422d72e77cbe370b0bcaa954c592573b,1
c3ad2cfa455d0f3f179e7a8c2ff8c0c6b3b4df31,1
956fc180311dedd6b54d9324d74abd0cb896fb92,1
d110a951665781723db2f12e9a4833acf00b19b5,1
d075ed102a9bbed431e170e2de010407497fae32,1
f2df0a7447771668c5aa407b8426ecce2c4371cf,1
9186864afaf195be20b9d05843302a6d526c1fd8,1
9b47adecbcc7668e57d1087e0f164dc9c8125b7c,1
16ed30faf24f9b5b5a2d5d6fe3851e3bfbfbb720,1
c82f37d884992207267b508cb081031bcafe03ee,1
e79d7bbed0ae187a4cb69b5490b93d2b3279b118,1
410e5974816cd8ed01defda2e7d6844df718390e,1
0057d8ebeaf7058d31d370ba4b62e49322941792,1
f2ccf9568256a52b169f381a8f1894c748eb4263,1
33af94801f1bde34d9cd8172927f873450387d4e,1
9714dc0838157c1ad44372f559aa1863bb560e6f,1
3b74f140db3166a60868c6ef7d08d2bf373f78a2,1
2de56d12d92aab619fa05af4a56657742b73b2e1,1
10a34637ad661d98ba3344717656fcc76209c2f8,1
cebd2c121e6a6d8d067e86f1b343546458e3469b,1
b235caac6ccbaa170972007b535b7eb1055e1623,1
287919c110f05049982edcc86004b1cc9c8413e8,1
4f728cd7dd728021db10a8546c3f89dd963336a8,1
89b28fd2c0b7437759ef7c850336164b6fe86fb4,1
b289f043095520581a9097911ad19e1c4da198a6,1
a3fddd82a838b1d18fa12b9494fb07c76d264060,1
f649e6758cbf3ea3b4b9dd6ec300fe90910c15e7,1
e1ae926a13ba0d979a6b6927bae032a3c4217bf1,1
2d56e05d4a6ef2c75bd16f16c58a8468ffc49b33,1
1282f1259020ac7ed4a06af9d6e420c155884533,1
3ed9dea8415c927097c9742b5fcc26de3572f0d7,1
ea0a62279f175c196f9b93676faf6eff73b4ef65,1
28296fb9731b8e4ef59bbfee0c720cf87bf22d88,1
2d04e4bdd8da39d2f7e112aeeed7cf4c397e9e20,1
b89d09e8d6eaa65aeacfda7a5387d43930ff3685,1
095ff000855714e43547cceff6a764b6313faa9a,1
c1c89bd3b0ac365e36ce5b9e85c1b3f283e75574,1
9722ca0cadae85e15d03a6201dad4ee70e741b17,1
b905e9691ef685e822ee8a47df4c2fa70f44bd6d,1
5c821754a77ce131e706c6d55337b9ef5cea4514,1
0429c3dda751a9351dd69623d0e4fa7928d585fe,1
2c24396a3b8f36c46c8b49aeb1a975a78a931545,1
8d5493a1ff66de00c6460b25c734066ce48448cb,1
6680bcf55e583017c9a8d4583b334b9fed349f8b,1
7b3fd352895996c31b9eb8b2c718c204cb4ea32c,1
7331318f4d1d6c5db6e265e32208f948d95556e8,1
5551d0d8dd422ad2a7176acf2fb95e3a00628999,1
e0a06be88a3874f029723d40a6cbc06f836842a3,1
9d5dfdfa5b5e0f8740854336997c8391579fbc7d,1
a872ec1c35e198f65e6fc8617ae5f38a41175715,1
b0f36246595630c9b1a07a1db46a721c6c6bb250,1
f6f90f68999ed52280d57b871f946b912e8b30b4,1
d8e4ad15f7e85a3992b6f3d427fa5e6afd35c51b,1
e8e492f654105fdc23d9fac3fe1f71a7a55c1099,1
0644669ccab595d263e948c36db988cbdb1eb5a3,1
da508d1a6bd9d1dcc61481b0ce497785e58cb1de,1
a22aeaf0c07744de0c1749bab83b72dc590d6936,1
12eac3f8cbdf493f58ac2f8cb62205cf9a2f670a,1
ddca8fb2305438e7404bc83645143bfc6f3a17c8,1
be3cc824f5d82ade5c8e675d3a69d1aed683d772,1
44a3322d4c0be7c12caefa677df2d1444de90a36,1
c636cac979a9b63b46767d370ec40ca140c9bd04,1
ffd62c5ac75e5c2a972e2721fc47a4ecb28439b0,1
3a78908f871583b946fc433a86d089f5adfaf1cb,1
f7c304956c63954115c622950ee3b378136ccba2,1
9f18832b6b5933d21dd073f05cec3083dba57cf5,1
beb940b733b966d499102efb0248a858c3995e71,1
0351583fefff3fdfb9ca933f19b0075a4e725b2d,1
f4159c58ba258270c15b8dabcc692ae5b67f7935,1
6135911706965c3826abaa305fee0f6c2b1e4c7c,1
09e69d02739902debbc8e1a0743d0fa5eaa88ea1,1
7bfea7171baef927a9c780e7911c0d0c3b279dc3,1
234a03db8d0a293c7b4d13875244748a05c112a6,1
d0428871a1d2808aeb7a06a2867b6e43cb15fbbe,1
029332d2cdfa86c6fa7988bf838584e5b00eff56,1
b09e6a42530d39371ee8d23c5caa3224370add33,1
de63b5621cecabd6116d316ba3207d4fe15a8a1f,1
4ff8948632e5b0d9d8444f220c2ddfa771749b21,1
872e371675df9bf6d8d510a768bd8c111107d4e7,1
7d0f70204dc32674c9a75cf5f767d71a02389bef,1
b08dac0e84ea2795de91772b7987d67cdd27fc77,1
60b15e1c00efd02612ffc013f13a3f8cbd3ed965,1
1e0d542c7486f19d25d928d3e6212a417f80d123,1
119e07e79fec44bc25471d8e31435306922535af,1
ec1cb8013f8446c00451f60232e6d413f72fe6e7,1
6655fb0185f2961842c92eb96df5d6aea25fcff7,1
29630736bd81f3a3d2b56930ae38c7848dec80fa,1
248b19a08d7f356fd46b97545a0f4e7614185ebe,1
d713049ddeeeada56ff20ac0f876c7333b933024,1
c4d20310482ca31ecbaca64ce8a734a7a1e58e53,1
989bc985d84a834796d89f63948a2a69e3f5a6f1,1
5f8386fcfefaa6fb383f0c2d526a12efcf47206c,1
d2d7d78809eb013a5d571a4c521c49e4c3911714,1
18c1faf3ae4fa9c092c46219ded37a0e6487d706,1
0ec286fe7a6099584da898003a4f35c0e161fd6f,1
6163da4e74699d80f90b0d5436e8ea5ddbea2540,1
d693e130a7294a94aa4b71952ed3c77bb556e960,1
9bced1a16c4171c17251cf97931e1ed14c1e0f5d,1
79dc1d94f51bd3fd5ab5af49da9db1fbe26e52b4,1
98d5def900d7c08f3efd8eb3fcc9e423f0e017f5,1
0c5ba60b1da07e04c5cec16df88e6b56e84e29d1,1
e66a7b00a6bbcaf6c283aa56d3871f2a49b7a90f,1
15e4c6152a6227b5080227eb22829cdba19ee9be,1
7515052e38d533e5efd61b1f6a2ac8f58c82d094,1
9b1aee7a52236f01345ace7ac97a2ff5f852a284,1
9f6c442dcbf1c192890f4d83c4a27b80786d9c99,1
0e781f6f50e8a32950a6c93e1bc7461a57058948,1
242a2b8b267f2fe4627dfd2a66f2ffa09cdb70a4,1
cfac52cfb349002e4f64d8ba1e048fd401f5ed3d,1
a019546773a00a5aec550877b0f53f2842df5461,1
f3e07d5c0f93996159cb22d547f793251cd39693,1
4acf8e5e6ff94b9d924c3d9c13300c0e45d739c3,1
82ea56e6756a00b8681e521792f1d9b5858e85d3,1
fe6b9ffb4b9a2045846f21b0c7024d07d69966c3,1
a73ccf15f0a1aea966bc5b3e5344bd0019871109,1
cde9abb8756b6aab6dc10127455b26365ef3e126,1
edbd1f8a7cb0162160dad1d8a43eb3c70ae5556d,1
2e5ccd297e47a24135532c39d3c37bf9803fc44c,1
b55aa23e3354f2dcab2e3a456d49413cdca88410,1
aba803772837725c19462c018fc42b6e08abb157,1
e6120db880c97439e1a5b45319690e225811770b,1
579ebaafacbc52119574c57d35d85d25640de4d4,1
52aefe9ae5f43fdadd7d2fcca5a7bde0683e7fb6,1
de519a2619e451a6ee407abc3791e9e02eaa106c,1
c894f305565735019b0de56b52ef9f4d5642d68c,1
01b053b82259fc721fbebc1db191a0ac5a556112,1
ec6e7fe3ef0d0b9e593fa86ac2e1709d08ccc642,1
55f54bff6fb29174e5f56da9b0093e36d05f98d0,1
5b51bc472772f858044d21471f99d35effa50c9c,1
0b9629ee1e479d827c192d3b4a1a62ee202d570a,1
8d15cd70503331a042e2557e648b5bb400169225,1
59606c1a0b0dd4e2c0fda5cbe6254ec7a5556bfd,1
a20d36348217f6f8b631be6df7c62209e32e8ad9,1
9a03eec4da6a2452d56ba9fa0b2193089575b84c,1
460c8cc2265732b55011dd48af09765f1d97506c,1
1d0ebdb21c2886d64fc1f98da89439d39cd6bb21,1
046b13bcab75d2c99769b9a645498354bb8eab53,1
cf1a9a95ea6edb3cecbb796cb17a76726f509248,1
c6fc42c534c8ed82224ef093c1a013270684cc3a,1
8b18811676d18cb3dc2d672eaf16ccda720cbeae,1
6ec7fd440344e07462027b38c958f02ee4e06c1c,1
2d72a2b27a285cf92f2f6492b9c2168debd2c5e5,1
41ea030d3f317045924577f42446647a9c5c4299,1
c7f47d9ffdce9fc08e1b02f88d40e6471b956558,1
24616e5c91d65607f0321e075f9dd1d207557df7,1
3cbab276f2ad545a78f133df401b3d41b8011458,1
54e079c302bce38def7a047dc2808c2e01b67a6f,1
4b1a494567262d720b8d40ecd116d1ade9c91837,1
df20eef8649bb816d70a45d8a97a852a8b84fd94,1
4d64e19288cbc917b6584ba0be3dc4b1c3653fb5,1
1907889f428d2304287872ad1d53b75ad38d9e33,1
b8f3fa40826bac52d5a726f97da250a994692fc4,1
51d7e8a361a116cbec925be287561a9e172754d7,1
51ea336cd745c8fcdafa9567b056f2cc883b56f7,1
128b2253bcda5fa28e5f5e50acee812c38568289,1
d7cbd1180cb8e1548a7f54b8f4c24e881a0b63af,1
c612cc5607763b39adb11d34aca392033941e23e,1
64ae8c4ea7f2d606bd92d9adecf3a0d025e0a378,1
d78544053acd0fffee16773a9109fc2df5b9097a,1
451af37d0e9f1c9934918336acfc8b23eaedf537,1
751fcce42677dc9bbf88d927cfddbad2b062e223,1
d3ecb57a3b509548b5a0833f0a29332a4465a690,1
7e32ead9688a25b63e24687378cbe1a447bd8737,1
2eafe047108f486969eb181a50b36cb0354974d0,1
54272c3a94129cef56a3f0329c8ab77d4d323682,1
cbfe10f2ef4317ecd9abafc8223ef78f62019833,1
86a873afea208341a301dbfa7ed253689aea8ad9,1
3e3823d66f59fc4729d0e60b54efa3b68ffc7de3,1
d58e0e8be826601f979e3a596e06d5b47553b7f6,1
3d6b1f25e528bf9178a28cd8ac6fa80b1b863300,1
709da1d18fb6faf892ea1e8985902b67c13f2c50,1
896cb078e0994da9f647fca7f5a2fb2c75417728,1
a2d24b7d781e7ced25bf4482a6372d3c7b4e6df6,1
d5fac801d3e36c6495395cc8f0fa4d59e01795e1,1
cc6603cb9e4b048fdd88ce620bdc3c968cf82978,1
7ad1cadb1c370aae23f94573314efe5c645c3364,1
0a39435a35cbf65b5bb6f609937cc5dcd7d8b9f3,1
54eabcf0020f15fdd808e0e080566c8a846f66be,1
24d838d4c1aa5d28553cc7bc5646d733a1910ef9,1
326bf4d71bc0b2c8ccba8d87ea5605f7a2de5bf2,1
e951167d2339df220953bfe5af7bdc4bca7d313d,1
9f1ea80e353ac6e16db1d858462db86cdb3b94b3,1
826e44f0a22997b8321174616412f647e1590396,1
5fe16831853952865a07f9bd817594fb1c873c55,1
41522086c3c9fcd175793a956e8b64fae2255b8d,1
16d4aa41c762d51d2893a77942ef08de83ecefa4,1
3307f2c8431a42dc5295801ba2b164f8f9755ae5,1
a1542264926ac1c75968dd0f1d58f832401567ae,1
6c3de5c5709fdd5fbfee906b76f6219743a9b489,1
b49e07cccd9c0395f0ba70210124774f4f0b772b,1
77eef37b94913099f43793c87805fb6530950499,1
59b44fb0fc32e4eb7506fbea872ccc0d8c7f05bf,1
0332467df54760369aa897ea368d7e525b1f4490,1
6dfc46e543687a4f3456dd8b7e6e8113073e1dfc,1
e939de95f4e7933f398fbedb76236a8e930b3e53,1
470b2bfcbbf5496b5ad6e970fd37f7094edeee13,1
d7ba0e91d0d7dbc4924e052c301b48293991d813,1
41d460feeeb9797802b1714d0f1db5f9899a3b1b,1
4a6083065e25b58201deaaa2c167cc8bbb35b2ee,1
8c011cdbe66924a338aa7b29b4de2d57121c8391,1
97e9b17b60fb631e82ec2ef89f53037a1ee4f101,1
020286b0cc9063618b17142a49eed7d179a050d1,1
d7e3c489b6608da037169cbcc067c5ae8bb12e09,1
0ead5eefa1f9e818a53c73276bec8f4e71e384a4,1
c952f582168dab7feb5e65e5959cfe353c4d295c,1
4e8a50d96c2b3ee2d2829d0f808bf8be72400a2d,1
98de9786706369d6529032b96aba00c04e107e64,1
d2323bc751ae93240b7700105bb9b889f299178b,1
9ae8708224e1a5bdc12a4c4e0cdda2f8908463d4,1
5264af647757ebc24b76f5fce23a868386dbd533,1
3c5f4ffaa9af917d2d360461f5fecbb2d5413f68,1
c251b271354e7595f8e66f95abbac501c46beb76,1
6262687e257f7a4ba26f08d903d5c2f1682933cd,1
0a723bee66328321af8be70806807ee57322ab85,1
9b7420b303e25a9f19282b78d717d326cd5f7453,1
4bb7e47749719aa5e5ce0dca9752bc734e3930f0,1
2370ef1a47f8792fc3afbcdd088783f8cf66a776,1
b78ff41549be85b747d5596014c99b1b9ccb6ed1,1
76ad63d5969fa303f28a70752427d0cd167bf033,1
1c906bbb3f621610ea2b9efe57c4a04a3c2d86db,1
29895741b70f042991320eac2e86ddb910f46317,1
f9a9f7549f9fcf40e1c7f56dde3b9f49d33ce79e,1
54b83aa76398880e390e65e8461b479dbe6eb054,1
6613722757359ba2cd036457dff9dc1f0364256b,1
9ed65190aa162194a22cdcdf943fae88f9f26751,1
bbfff94fa69c51355afe7db14e2d4232acc6b5ef,1
24ca0cc6d26e2f0ef79af6286cf16cb7f2359f2b,1
5a24f6baca01b5d81a2f245a89ee67b7b4443dbf,1
ee92fe1214787728de032218827fa31822c77522,1
60fe63d9e9660a5d95b4c82f179a5dee403a2bd0,1
f4333bab9237ad2bac5a2a53ca5c015f1794ecef,1
624603835e65360195ef5ea7f844171260277b91,1
9af06ccb5120a1bcdb7a8d1965c0e14b70813ba2,1
e9859ae665cc271232e042a8271ac6396545256b,1
d033b0a3c9092ee99731b6dc428e5953f8aa479e,1
90567f283620ce1a79e9745c56bbad1e567c8e47,1
5fcaabcbdd15ae5d1450f067a33cb9e738cde4d5,1
5b2d0a7d6dd28eeb72360517f6aa4b2092db4e2e,1
0d5e59d0152120021499805b274492883b79b2c5,1
9cd1baa1c4be928f0a0b3fcc33c7f6a593233271,1
42ff052ab0f3deeff18d937b472dc2075a3e08fa,1
a89b4840b7ab0294ef1b38443aed7823a425a487,1
ba1322af6ad52b21bfda27509c5a565488fd7c61,1
ad0d815a6c8046ec99f65390c2fbb409b92806ea,1
86afce3160b50d8ad6179b2e27460dd9c8081cfb,1
3ed1f7679bb9cda232dba699331055c1437922cd,1
bacb43eff323d9421bfdb02024dcb290c8b781f1,1
b5629b4d3fa0fe6de96a917f5ae2ac813c143b6b,1
960b944916bffbdf3b88e2c66812adb5fdc03578,1
4ba80314a3e370fb92a2a0cd027ea218424253b0,1
c08693235affebee5e9e383e771dafb59d7bb0d0,1
9db1388d036b3cba7097dccbbbef3e7c57c3852a,1
5d7bd3bc7f61c722c87fe52206566499981523ba,1
219e0f491a48f66003bfa1ddf0ed24d4097e2911,1
6d23c4c3bf1d93e074922c3dd8e5b8b72e430985,1
ac6bf57aee126ddc0b7696ccaf150b09ffb20f64,1
9301fca8b7d90402e2bd46fe7989f7f8ab303a85,1
e849c0cefe446c514652c13e1f0e368b0cf9f85a,1
d4ea33ae2e78d8f3f7cff7bd225c12154dcdc28f,1
088afca439653fbd80ee70babf9a6a3b876a2b34,1
b59694409ae4e409caef4adaed4eee09fc2c04b7,1
f34c876c15ef9361979ce750538d306b6fe4666c,1
5c3d7bc7ac6927e7d40058722e312dc638f5b83f,1
d3aff9ea57c07e87cbc94070b075d30f84ebe142,1
4ce1f3b3f8ff548a9f0aee1928f2abf140f18ca3,1
2444af5ef0cb0f4779dff5ea3806e269595a13ac,1
e0c5df9c175fcbb65f20ad68a21b11c0d5fed40b,1
9fa2230e4e5e160706bacd7ad84209a9c5db94bf,1
ac94d21d5115cec87e980aae65f1346d0fcea632,1
ea8d32adac61472fdc9d8f4c969ac5a192d18e71,1
f066ac77915520514de3a9c6242d986aab03b591,1
91833e85ba9e047798bf095e3cf3ba0f03f91c01,1
318bb8eacf3fb5876a3557c71d11581e92534cee,1
73f9506c3ef1accb294b3a89e3ff5cc293e0e10b,1
3f3d91f0f96079a0561a35cea24cbbc1398f4005,1
b48e4b2fb58ebc94700407d7dc91fb85b1c4ca87,1
8294afb7dc26d92172512986ab2fdf9072829bd2,1
29c2a26d56301ca10f12b9f38a1f839a759be54f,1
dd8c64b16a7129992ee6211b33ade2e51100920d,1
0991dc91270111014e101e579e0872b2d119eadc,1
37d64f85db5e5150684e8e8b3e8e58da50c07c28,1
5bec3310eb962924fd6f624847fa8b754206e2fc,1
93dbb392acffacba9623f2a887e264d6fb01a492,1
bcd0b37e44cc4f795c000ece12081079923604e4,1
0a6d24409dbc7c2497c021462aeea5ef64752e53,1
8e4f34cdd4a35de9e7e98b659c2bd1700ec53844,1
5eb403e3fcaa5a70fa2dd49381dd78bc8c8e09e1,1
a88b1415344daa3c7172da195d4378c05a8899f6,1
c02664bfd8309fe32cab62077a56a1fecb59cb03,1
2c32995f5918025ea01d3adb2f49044e7be6f7fa,1
3aa44ea61550fb2583ddd113c1fb2c9a8abd4b1d,1
3fdae4acdab070c944f74ed26b4779e4ff205fd1,1
0bec01fecfceaa6c99302307e027b5e5f7555679,1
0a93077d297bc0e044be65be5d7f1a5a0805d406,1
6137162d7f9b1a96501297afcc2333ae270d403d,1
6c2034217d7ea0f499942a2f0fd57553d6bb2530,1
a5f788b1a9308fa5de658dc0acfe0f56baf28c21,1
f9585d0e71b5aae1d1b50092df467cf2dc2ae7d1,1
0e42001006533191e1d5a9c95826e24751fe51f4,1
a90ee2f94e88aab552663e93d95cb8e1262bb002,1
cdc487a141b045b72bc89037329bf21e54991269,1
b64730b51e8b444967dbc2ebff924547c5f3c344,1
bef2b8b2c7b5fac74648c82125b10add7f230164,1
221f54fef8dbffb5ef0b04241953f023650203d3,1
d643c8d38c8bbdb3cc70f63140badc7f29cf48bd,1
d7660f140e2e988eddf1cee85dce1ad2351dfb8a,1
c4f5fbca2b4bc01ddb574b3f6b12dcd27f6909d0,1
62b7e6e7aea8040de6a25af7ab4412a341208c11,1
cd2775bbbb4e73b2bcd2f3e67cb1a59ef24e26b6,1
c3a58a7877f8813c112bf843d3f951fbbcec2c82,1
ad2b84e9e4f516491b487c5e955b1885d70571dd,1
12a8a631a7a71cfaa9fb9f138ab94c23b113f910,1
28dcfee3e3d8111c18fabb4e017b1311e9816bac,1
30a47933e85a8ead5ca487c74062621b5bb6864e,1
adfb1f1d94b6ccca7dcb178479aaf3e6640e6c49,1
5b8fa1f9901331e384f69babf384b4fbf3d79e90,1
83a92bbbe9577cb7b5be7feaab2dbbf04186a480,1
659b582dcc27b7f44c451ffa6f5b2e8d9b5ad3f5,1
0968f65a081f48c5c07e3c10cb89fcc1951fe769,1
831901ed5ff8eaebf2140c175140b3ae09377971,1
e8805f282fdfeafba2ba745aeba9b77a19965860,1
5d4a503f7f33f203bb7331ae6b573b04194eadb8,1
4bf594747bc060ebe9f223e87b3fec804005905b,1
2fda633daa20bbc8f460dbf346478fd3de74d95a,1
a9f7164c287aa3a773b0bbc36587929c19a0e2f6,1
0444d1134610587b568d564948fa9cef6ca0b521,1
b32f95978185fa8b27433d80ab84782ce46edf30,1
bd1208ac4ba45e2042b8cfea00e1ef2dc2b4d17f,1
53360fb233a24556897614ba4340401bb4eaa7f1,1
d9312e26a0428ce111504c5bd594d51e3d441808,1
b2a6524f05de9841bb2941311fccd988671083a1,1
8a9bbf17da56b26e615e0ad43780482dff9930cd,1
b6146f04f89fcbfab24387a6aa3d9a63416d2773,1
6772f94abddb75b78408f114c902132bbce8608b,1
c8044a90b2ce9fce10c3ee5cccf99e87c352e193,1
242b2fbc413f2f36a04aaaed2d48096f3059e6dc,1
c268ac2dc7d01327c8f9f8d65dc03f1464cf30f1,1
0a30c0704ef49d13e31f4d403409fcc482bdb6fc,1
92611620be58d9d234f0998244b6ce04c2e9bc81,1
d8152cf7fcc6c6caacc6f8bbe66f7c9b3861f775,1
fa2ce64c5c7d5d01cc5f7c185a26a4939e621a4e,1
5878f3ed8a57802af9a41004a423220a429e39ab,1
112b90e65a61e25e66d1933f4f9d7556d2ae37a6,1
04fc0567f26eb6b39a567215d9b932bf10edc7e3,1
e827191540a1f429c01d25d82e9ed290477fa304,1
5647d65e12ccab71baef713cbd77db440a7c9f98,1
ed0e02f1183d9728fe4b12a40dce12ee000573fe,1
6c946ce0cc118d6497b175cfc1df4d4c2dc0f42e,1
f427e26373dd75068c6fc9da9e8bb6557dd3c4d7,1
d5e2f3b0e40f62949b3d298631e17fa12b4cda1b,1
ba69f9476af06193d4dd5bf88b4223f73d77c8f7,1
8942aff37eb63491157e962f2baa9b331839a5d6,1
18dd6a27733f2e6cfa4be31c23fa55f38d661fed,1
c5053ecd476b23ddfb0d9ec10672ea2c9794a24a,1
b45570a3defb5a20f7036199396bf7bda677dbe5,1
1a95572c08b9f3714612ddcf82782757ee590dab,1
5dfd48eab3533f00446cd2df3b3b81297bf04e87,1
821efaa364e4f3eccdb579007eb08373de58ba13,1
680dd50437af41f19699ac1f4964a60230c0ec9b,1
63ba2bd417ddb893080b0218fa8060871f086d96,1
e65f74c6308cdf35f58712a223852b00d2c454d1,1
64e821563fc1ba645c1972a719e22a71f496125b,1
288cdc47195700b28dbcab826a74e86c35cd33bc,1
5fb7ec5537623852a24a4b8e515a578a069f4898,1
42ddfd0e7c16c931a33ca6c1be8b671561cbf08c,1
5739ce1af44607ceb63c677179c95d4675a804fc,1
db64a33903503381b2077f3a9303d87f86bd040e,1
511fa8a737d5969fc53644e0265bf3bc85fb0cd1,1
cb04f9b18f8026e9987253105ed3d2b18a016465,1
3b01e47365b113a8ffd009167abcb2d1cba07ea8,1
47eba2f6b5c30086e41cb496c4b082f3102a0bad,1
4f005be4fb2ecfaf384a45cb29aeab4c4cda2029,1
f64b7451417761ab8a8a3d9cdcebbdfb1b9c6aa3,1
b9f7f5843143b3417ef60a0b2d9fd1028bc83ca1,1
d57bc34d3b799dc41ce6d4f6c71578215b6940eb,1
2672fd224dd8ea7b1e1e557902eac32ea8517757,1
8eecb6f41ed8f5f9c38c7d4a024b29a99d50e932,1
6cc3f1a34597be3726287eb85292d626a8c3d7b7,1
3ff91421ab5ece8bdd4760c00f616c2d524542b2,1
a7c923a4d70eb991c6536e1c913665d5276af4d0,1
152b8b7c289086c9b4b9e8bcd596fe040a4f241a,1
018f9c1f0a540271bc7a6186b1bee9f16b0829e4,1
855deb069817d93c1dff249d93aa36b2462e690a,1
f07e935e018aea20b58f524845131a82f73b2cc6,1
b224c1c6673c6633fc2e8c1b4b46887a84d7e118,1
60664a4f836fa3bb1d1137a6f21311fdf9f7a91b,1
23014a212368ab94c0b3b4e64b044f024b3a81f4,1
fb17fd0564e502480f9a1d0c2bc5543d5e0aabdf,1
be59e3191313b4eeaac5ba80020a4d4a60142db8,1
b114b68589e5c0bcd5ce8c9bcb9ff3ac3d2e4adc,1
818af2c5cc81d858d2cfe5bf819ad6ddbbb1ce59,1
ce5aaa093450fc3f0b0a7b02435b2a44dbcfa3b5,1
ce7fae506aa1c34d537be8d27e064f15fd198ae3,1
598b2a1e871d1b528a9045aceaaf8a223f24bd9a,1
b0bb21e88a8189cb841c3c1e3e071573a330da6b,1
705e259ed3d50aaa909ddb9679e2d4fa590927f6,1
adaefdc5006a095c4e3f1d0800dae23241d263e5,1
cf562b8c3ee00f32abbc97226e7eb321a526c7b3,1
1691112dafd26958d844f07909cf3c8e06bd8042,1
d6cff19408daa5c66be0577af71510ae92b1e098,1
e056e18f8828383fd238db0aed8e702f0e621c96,1
8548906db7ede282e8a6e85ac4ec313a033b4437,1
b762808b26239832d5dff684d0f293e2c0795f2d,1
03eafc2608b5343c625c6ae2126bbcc6440a973e,1
3a9122e3bbba088d5c7b70ec31d61334c6d40158,1
838d211f7a0407cbe21c2a27e962f8b7d87d8ef9,1
fea0f47569f5af3ee265576cd8cad7f2f04aa979,1
93dbabc975e96e55cb2ea1f1c7331d4661a7eacc,1
a57d6f8a74772d7fbebda622885fb42c10a64a63,1
008e1ffd7eea9a6aa299084c364059377e8f1634,1
7be5a1ead37c9b04918136ebb0e5ae3f3b314231,1
dbc6f449887e67f6acaf73979ee905c5a1fb2b0b,1
e4cd54bceffcd42c80b93385a1c37e69e28fce5d,1
746fe5f67f176564b9562cec9937de7ae6710f89,1
6717f0edc11023d78c6e57ba94caf1cec4604e82,1
55bc7b18e460d0d077310393ffbc002e6fe4eaec,1
1829ae8efbb0d6f9600168bfea560f5795d4b427,1
1fd0f5d50e245da9b19f458b94c1745dd72204fe,1
309f22b20ce4857415d5c228cfb032b9b06a7d2d,1
a43ccb1a69467dbb4d8c2f351faf60ace4ac1548,1
3a69bb3567fbb0b40b8d66cd04752bbb811ddb13,1
940573fdceafb1ea21befbf67e5563d39c39cf73,1
c6005161bd4f80ceac10e7fe53b1609e37e81c37,1
30d6352bb15beb71270b7eade8dbd218cd153286,1
b1904a3472f479c7332b40dcb3c5a09988041b1b,1
b246a5070d663f1d3e68eeb11f7be657c8af1666,1
7e0d2e2739603c8ebf8a286e0fd0b8d97df69549,1
20e42785769f14cb06ec7418b9dcfdfa4deb68d4,1
401c831582752a8a7b878e284fdbfdef4432e252,1
6a73076c55d8af36ce2bde8a923226e0ec765bf6,1
97f1b3760515d94d4e1fa90d3290603605536bac,1
8092226a7c8fe78e9db90409c5f1ff721f0c7f21,1
1e8fe667cc48c59fac289b85843cc4232add577e,1
0a5fbafbf191267a74aac73402a39cbea2e000da,1
2bf320c883dcee420a7fa25feef2e2f6add7bea7,1
482a5e169d9f750a82a433a4af2ab8ab9dd906d8,1
caf7e67639580f33c015f1c53deb24a09c0b0b44,1
117af33639aed4feb4c8082083ade90f8d2e48ce,1
fe34e19c58aff82dbe8b82f891ffd6cabcaf4666,1
39cb2d8ceb47f7973e1432caa31346f28803a493,1
b1579de379204fe126dd1601626e08f4a39572eb,1
41e21eef66d0df76cc64482a5fed83225cddea07,1
f077e40cc696b46b5f88d6839e80172420ccd35e,1
33ded28e56f6f975f1490d8bafbb0107ac562983,1
80adfa0232614760dcb66333e632911e8123004f,1
9acb74cb29c2e7edc09ffb3f2cdb9357aaefa79c,1
32cc0df93d29dca154ac5bb0c326782c3a22bdd1,1
d57ec196cbe345de217cc57340ba23a33cbc6637,1
05d63a936f48ad381105747d96d8b86214e3487e,1
91a95b997844dc696be974c3b0e211d6cedd8b37,1
685da7dccf4d91c7f6d219e2e75520a15d6ef1c6,1
b7b6544bb2a9a2bf2802e1c505c5f28d54323380,1
3959b9288cae63016551afb027c9c22d35828157,1
0dcab3bda1eacb5a818f193b460062ba24ee3f5b,1
9e6018482670caf1dfc3d5c5b462d129cafe0807,1
cc9db10c940448694f6658f94d72cf516e01ce9e,1
c44cbaa883e7c9d7cf63af230314b86d40d6960d,1
bcf42c5684a1e6951d9b53481299bb6236aa85d6,1
6a09ade081b9ad83160b47eee5883dfb366d9773,1
d515489eb557cee2aad5c8b3149c1e79037a5e34,1
dec3c0886a1cb7e02b2bad344a6105c5b0fc2883,1
666dbb69b87eb7ff91da7eb6ca8419b820ba5b60,1
770096132f65e8083313517e3d37e3bb95cae8dd,1
85ad8e0cd2b02a622d1916b938a391e3a55bc21f,1
8f616390dde25c955d6225adefc9fa3daa536388,1
be623797402891fed9ba989d10c93bc9453c800d,1
3c1b1b773736db1458589a9b891efd9c732178cd,1
d70ea8adba610eaed005a1159f9cd3d38f016d4c,1
4f177b8de214d16cf3ed8a0ee30bbcdad93a7f42,1
9032e22d015e5bc0d072538dbd2240fd3c1019b6,1
f4a0d22932e5d3bb612182d1f780726b5b643604,1
140a7e89b34ba1b30a8d3cbab7e8f0e645a029f8,1
1c8ab3bdebf54424d058d150e5a95cc5882bf2fd,1
420ac280f331be893ddeb3f04f00549a09b8eadb,1
e3ee058bf0da14250919ed9224b3f4483b59c8e5,1
52642f9847da05ba024e9df0917731632537f0ea,1
eee3ac00d98dece952c35349c1e35b82874b36ee,1
0dafa68652b9f0b4c15264e6e9920dafe97b925e,1
65f86970903dd5ffe1e3f9fb74a7714ad2690612,1
f52debc904cfc66567eb2ac55635fcab198a8276,1
afcc3e025fcc5fe13bfd46651bc0ebc21345c1af,1
941689ed29a946f847d0e5e5b8ecdb248a7cc309,1
1d5676517c7f1a04f88c06513b3b60b9aa00b0cb,1
8f3995110beb2db6acb32633876660459a0f2f74,1
85d07e255c74fce545db71485e1dfefbd9634a4e,1
18cc3ef75348299c319ae781372d95731d309e56,1
f0e97c0d62c499a263810d729cdf431ab5218689,1
ce712c58031f6ed6fd1250dc6d04a5fa028dd18e,1
c94edb7a308ea446a528017aee73c6e425d01198,1
15b7e09d4be7c4c6dcf65d62cbcac6cd1eef40ab,1
20e5c51c063bf0ecf5617403e6a7fd479b7a4033,1
b2fb6f5a1b148ec0fa4a761816e0abaa38a81a09,1
5a3cf991bcbd151d75786a605bcfe7a0a913ea1e,1
b80c4822da38da57b0838f97dc54b139d4cc3e71,1
7d04baa1cf04652ac14759b27ceb50d41ca4b880,1
a4c6a9281d666543682cabbc1698c031c496fbc5,1
c3d60cdc7acf07afe78f624a5dcf760be3bf2e4c,1
8c5255d1f5176afe6a5411fe38dfc45861160e49,1
53d163ff0f89d41b12797b4c06a4e221c1514ddf,1
c573119f465d3253dd46a465121b98fd93061690,1
1f1f01157adfb2e46becdffcd5d69e35f8b136d9,1
553f37ff6a6253c02ba86d6b72e2e6b90b688a12,1
795bcc3fb63c7607f7cd5408faee1233f53d37b8,1
dd3b134826d97063a67d4924bb2aad71eb704369,1
c00cef6061b2944d23fd41d65b89f3780e9696f5,1
28bc4a3bbe759d5cc06ae63c97e103242f8197ac,1
b452e909aaf61b89810ba7e8df794d6d87b2324b,1
6af7ded6841d9a9f3877fff847079f0ce518bd91,1
c17d29d72a4c166975ffaa4e001ee7ba5046f9e1,1
a1412d483ebdc48a5ee9212a01318f80490c20f0,1
60e67653ebed4e42b48c947cb8986c4cc9165c44,1
b60e12591e78a46fa6d0328f5c2935dca281e184,1
363dd6f8fcfb5ed8a5f3ff3d67f3cff2563d1d76,1
84e36c512a62dcc1dd973fa4147f673c79833915,1
9437cacf30082362fd8fdfe5dfde70390ead0210,1
9be36f6473f214b104c54dd334c19da734a697bf,1
d270d721f483b2463d89c86407bbce0b95e538f2,1
c878f73eb03c5598ba1d6804de73c7a5b7adf65a,1
09d270c73b101d30f1ae516ba5ce3c3c43e09aaf,1
2018edfbc416ef35511629b918be32f302e0d83f,1
6bff21485c9973a4f30346f8b2a692611b6d2433,1
336a2d065e5fb6c22f53b3fee0985126ef127f62,1
d56727827c4eabacf61bc0e67de607eed8af9843,1
28bbcbb3a6ea8932448c443d06395048e2f23c7b,1
d6a528b5e3dbdf2e4b4559c65936289d0858439d,1
f382db728d1637a74c6ea779b561268139e936ba,1
bd61152a2d8686fbf5a7ba840334b58fed1f5352,1
311e3cb1da29d9d4ffc7dd15be6dc85be38f315f,1
59d2806a637cc60a8bbf6d2adc044d8da471ee87,1
270d3493fcc3e765d8bade0a1d14816e761bcb59,1
3e784473ee9c5fa12a0790ed61ddf2d51288b02d,1
95e0fef46dac5c1b63b92d3c89901ca438082ad0,1
844ab55ed2b0a08a2ab41ba7dc2b9052172ec30f,1
4b49556bdbb614754741b8c2d60f6c79f61422e8,1
fd37291735d9d255d22133ba8c15d67cf2aa98ed,1
9157ecf7515c799b9d8b8378f30c3302982bc7b2,1
dd85aa2a98d65f830da8085ce4c84dc37adb713f,1
9f4871d944fd7d78cb459589b3e6434c033ec39a,1
58d64684d0f00381e44d7b34a20fc5c3d82dc53c,1
5fc6ddd839ded8e6a6a9a16ff9bfe800c14f2ae5,1
0d250d0ddb3aa7b7bfe4dfa2723e1593a1d48bb5,1
cbb2e29e6ee5e35c6e1fbe13a068322ec80cc9f2,1
ddf868be86566afae45c1baa8a955c4414284633,1
70db9979275a99e26fee57a5b0355b7b8aa7cc08,1
1b7b5b88684a02548886ec40ba2c682211a65359,1
bf4990431b8264862495385908e162ff7889c2ef,1
ebce54497d64a6db28db2ee07b785451714b4f18,1
5bd2f2b8e078404a86088af83f4e137c6bb60a9a,1
8b65072a98bb2902d8186f55bd1d1af074857b73,1
8485bf38c4843acfc9e114dc29be6c9e24c5e24d,1
8b4768aedab715c3b2b03d5b906bf96b5cdcbc6a,1
55b3fe1b35097c4a06f2f9ceed4024a36e1d6770,1
b762b50ec6e8c0878d0360f6da11ad60976f4bc6,1
2af65e6e710d0ee613b065120491301a09c02720,1
35fddce0c80af8375b73e2fea4148ac161fdb47e,1
7ed644dd922daad88751a0175cf8de2f7d906c6a,1
65870eec9b3280306d57be3438a03295242d2676,1
3a639dcf615e33822af679864da385cc82d73b93,1
93112cb6591aca80f8e4ae91353b56de2384736e,1
c80f2c5a5e6196e3354aeba9e75e50f46d276e92,1
388da3249bd4bddc6b6cc979366246fb67dbd778,1
f432c35dae02bba2e5ce287dcc8c5745d66135c4,1
b06148cfd162e84dcede7f9d478de5007f449bdd,1
6c6aa3247407b5e0af76d0dea0a3fd80c1aca0b5,1
3dd83d1ac9078d8d95b1c6707cc971cf134665c4,1
49ed7e7e2c5bf3c223529f1b9161c33061aac134,1
ad7126c1f0629850bfc70f8b54992a0849b8de42,1
739bab58d9a7ffac752eac858d0f2bf7e8b855ea,1
83eb54ac7b7e97a998dacabfe1e81a8c18e2ac31,1
ac5762cb883c5fa4e404de3f5721825e52f3a683,1
3be7ac745c777f6fb8ccfdef9ed91cdb39d740c2,1
9644930757cd60624b13489eacef59f37d411a32,1
7ee17b718dba3597b331ab4ced9156201b728be4,1
dba4afad31e18126f8727a30749fd9f674eb1d06,1
be0c46032f67b6eebfbe375eac1684bc6cb9ac2e,1
c01e38c34a7e56afc94ac39294c1b38087c26c57,1
da756d8c8596a3b3aee9beba0287ed336bc76236,1
82d8670682323c013b1059e1943b307237c0ba95,1
a60b6643066ad4729b1d23c1e3e4ef305698fa01,1
dd9323df5c88da3e374d0860896e002113cb339a,1
416d2b3374a5cea56cd06526c304e544bf12c446,1
6098f739b15eb7c1bdd256c0bdd5835b4fa39d05,1
f0d137f8b4b8f8b91d89490b133be22013066b69,1
7b434924b8b018b0192471c06337302932bd3f46,1
c581b6225b7e7bdee449b2c00e654a8698bb7073,1
425d6cee9089aba4593e814189e9f22c6931feb1,1
ce7da8023263f0fdf2c4f21b9e66beca49a09ed7,1
202b548398d5ab67e4d1fb03c360f80749badb5f,1
c6f64ff57dd8515b8c6b6a63c02ba8f969c833cb,1
93485b9fdf66d405745f044b67df220fd34b054d,1
e92d1d63bab91dd253cd35ff1324db4ab5e0ba01,1
f825ab6fc4d77747144efe104b98b71ca199a25b,1
4eff732b374bd68bfe9c944d7234f5b1d1189533,1
329a5617d6a6e128fb289bfb22c89c42f6ac36b8,1
56d6e760f284262ce5a6fe04ed788d4ba969617a,1
ebd6827337d1a7202bc84fb8387447b8775b8015,1
1a2169fac1e77bbf40b6737b82040adbe9a62d2c,1
852ffa69d9af2e1fac9c41253cac48c700d872a4,1
dc33640084bf288666f75b7899bc207d068f4b66,1
7a61cb30dcbef37fba35983cceb974eefd4aefdb,1
801146f6468eb6f101e7f5d982ee53adc86361b7,1
33bcfd2688104659b70863849cdabba2b24ccccf,1
0cbb9858bfba1444472cb034d9d921c0230e989d,1
55e43b6956a600502eb2b259d8e65477dc0f41af,1
552aa2e33cf3128e0a9ee86c5cb9f1d23081718a,1
6d485e02cb3eda87a5f0d85e593911d739bb5f9e,1
62ba30d18f87dff3960da8704d0ff2edbf97b138,1
1727321d1bb6b083012903fc7f9547192b7ea9d3,1
9678e30e6a1aa9107e517c02496b9d80f1b85b6a,1
55be5f01c97af4711ff91db20f8bb40ba4497026,1
196d8d7f7416fc0983f94213f85d9ef09c961b74,1
9c16e39608facad6cbe26939b0536844c6c76861,1
9d9431c2326aba396e5aca765162e089a583dedd,1
3eb3e4b8a6724689a6cc9b7731d1ed20c1d49adb,1
85cd9fd78bdb500c563b2b5f652c69290cfd5251,1
6a69c9979f0ec2255e98f0e6fedffd665680de3f,1
5d24baea7ef5ba1f5a6008d57aee6f1a303594a6,1
4481ca33b0e64ae028f613c4bcffc1fac1cbc993,1
8c45f68ae5a6713637e26981583a4e5af3090760,1
d5d3b2e021229cdb25ebd6f79a43b049086381a7,1
9a6bffdb56a5566fb74baf598a2801be5c21f9e6,1
89a5fcc4219ca9d6f97c5383ef41e045deaf9581,1
ba2c2154c9f929733db15501474f6fcf1461e34b,1
c029cd5f4253fed3e54c0d8102eb064f20c55973,1
aaa412607b68364dca0ccd54c33f9a4f4dbeced0,1
017fc235f3a22b459f67bcb0584d4947b8330c8b,1
71ae1b54f77cf397ff4bb0e5348bd143df8a96c3,1
ad1d7c9c1e66bfe56f2f432719583ba04d3ed1a2,1
0b7b1fd1fc6e4f0632d8e1547a6b8187db2e4916,1
ad1414c853a964b78b1a475ba876213b752360e3,1
8d0bc643aec54a91fdd8c68fd7ee75f9205a1948,1
95105186c38bb97156dbb93e96025aaed983756a,1
2caa0b78b9d92ad6c5bad113b13e7a05f359cf90,1
d6551ec276f05df07f42b9e988133aadc3d26c50,1
7986db33bf5427c3e3e2fec4fd9d99c69a87c4fe,1
c6eccc280b7f89d0d7b971b23ddaa3e8a6b11d7d,1
4da1e6259863e5bab08be70ae376087f0867417e,1
d05b0719f2210d84a31239ef38fb5f4b88f2d9af,1
e3a05897dd4e7290912a066e14f49c8ca23190fb,1
db07ba2ab51ddf28570cd728c3974953a0989f33,1
2fdad90dda90389544ffb2fc20d55cf34dc7ac45,1
680fcf1c195bc14bc0cfd20c7cba86e2e5bf4470,1
67444f255d6e20e631a850125bdfc5f07fc43ba2,1
e15bd4976fad4fad00c654afeb4de954fa9b657c,1
01dcb463b22fbc8d94259de791a34533c6c07d83,1
718aa0a5cfee6bbe4268c6d08b7347f0a069129a,1
153af987a5285cc27f9416732b072e4dfcf1ee4d,1
f3dd148505426ae20489f16b57f9527a5abc608e,1
3ab05c9fa639952f76a64263e9bcf75a96b38583,1
17fb3ba0161dbde176297f2c2d9de13283eddf00,1
f7efd82f8ae5608189d180e39b6f1ef6d2500e0a,1
9782738096c5885603d7d8f2f6ea723a3d68fcdc,1
92ee8f0166f179217d8a456576822057fd09a78e,1
4bd0df699f9af888c4127a593b49b19561a08b1e,1
f9e001bb2daf914216fcd96448a6375e49ab0ad7,1
2d84f54c1bfeea4e649e3691866256034ed15397,1
c792df82bb4e91b51762f05f8c6a47cd9fc656d6,1
060f07592c2d643c9213661be736c4c1b53c51d1,1
0eaf6e354f303a2beb5b6b3220e90e7927cc2eb5,1
932c43c85441bc17e2d9f6dbff169080bca09608,1
d837fcf080cc6bc6017cfc52ceba15e198d924c0,1
f52bedca30492caf7399b461b7c7b9be15c121ea,1
573753d40d2519f3af7c5039fb3a1d977e91a607,1
6aa28a1a4c866367aaeb1bb10e37099ba0e206b3,1
c679417dfdf86220addc3ef7385fbf003dc0c421,1
d247de0fc7ccce7e6911e78270a1726e8f772892,1
bd7013dd137a8217f3a7922e161b9d9ca8e172ce,1
ed83d5a3892df7f5b4552a0fc6e045959132fec6,1
0e4e60e54302796e0deb110ecfd7621148940a6d,1
914fb7ed10a1aeec96a181bb90d686bcda3676fc,1
55a2014e9326017bc267513bbf382a1cb4a0cc36,1
574e10e36448e80a791fd7f8a94063a328ca3697,1
55db22124ce9ebcb3bf7aa263c0286d68b90dda7,1
698c1475a536ceb1724f0a4a1aaec985b4b71219,1
6e67e0ac27d0fa7bbb5bd388bf0e11213a993a34,1
807894e803a1ce9b4c0ea18ae4ce5f055ee8553f,1
1c47b803be2787fcb63e51cdd11dac5357ee4fdd,1
50c2e01f700f771be94645f8e620b4f1b99f7ac2,1
76b8cc5f15f41fc9a26d2d57588bca3c0fea998c,1
55463fc4d44230306a344492e9b9eff68579c3b2,1
02c0c83577f1d21d819dbfa30cede13b714cb5b2,1
1c56040e39df03154e620e6585e71465795f528f,1
3c9b9a77ea750a24c60ba96ec8cb07c11c756d58,1
529860e552c1312f0ec8efff4af5f1b4b3164896,1
91fddbabcefa168477a78de630c25f4d424c4e8f,1
1122c7c96fe8a9fdf59c6b2333c2eae0d434338e,1
92dd8d2f82331daf54b8fb407166bcbf1e305495,1
a2152d0e8fdcd58a2cf0dc08cb057fa37667f738,1
03e8033d984bc29e372979f08d514cb99ff5842b,1
627b0e11f8162d3fe0764575880331245d240e83,1
a91318c387a1d530e27d511965ae641d52b41a6b,1
e367eac49f6777a3d073c3a20b58536aa970a71c,1
a852f4412558d45c77dcfdb1f94078bd147a89c2,1
75a453f3bb1d62337d64956a3fba3f0ddb701859,1
fb223ac519587c948abf9a972442684f6ae812af,1
97ac40be4baedb1cad13c367ec57e346f540447b,1
ba5cc5fed7912fe049adcd4c027c9e814d636a17,1
f4a13fc74c7d63ddaec61d2eff4a01d69faf944c,1
d0e002e759a5e266c1f7504ad6750f8645aca443,1
0d615f803e5dfe3a5e167b3b54043f773a2a3330,1
f78432a7db374708f579d9408f5c7aa127b2161b,1
a908a2db11dc7498e48b97948a65171f66fc2a3d,1
8e5f43ff93106e2d348915e7764090bfcb6c87e2,1
94f6521136d5cfe67e9470c9a0fd6728ca13ed5e,1
7b82e3a0033ecea5f73918426c96ee50b4bdb429,1
9f874d44ea15920a48984bffce9436efb26c7ccc,1
7f5171f15264788ead3dafa57336cfb002501e76,1
3a509d7ed4db9d1ad971020c973d5f768f0e83fc,1
4d95c373ff29caa442f4a2dc233e0130c7f0aa34,1
7f500dd1dd028b78d39e5ac8032fc017c0cb146a,1
20e3cedc0bed69b8614fd6058b05b043e89d8bd6,1
907e2e92fcc9b1ec1af95659acaec6a76cfffdf6,1
43f0a7e3c84ccc9991433afce957c62bdf354d24,1
c9c548ddd34fe0338df7beec8192cf85fd954fce,1
9e0a072b8b8d904eeb3870608991ed8d8e084e61,1
8e7a8fd59756d02d91de2e7b55b4a8df2429b15e,1
345b2b0028b253884b013426d1123a27e84288df,1
f106a12861d323830be0536715a75a296b5ddb25,1
b23f36be481b1a2e9f832663547c3f804507ef85,1
0a6461eab037c90faad5223ca945e8bc89adcf72,1
0154932a7c82d36c995579a978b249aab99502d5,1
c0be798ac550507c3facdfb86fc2e99c8510c417,1
84af47dc87de9d6a7af106324ab8e0e806c3adf4,1
46a67b1c4b1e3198a52a49808f32a5c1781d2e99,1
fc47352b6c993207b73900061972ee3dd5bd9bd4,1
b36aa1b9b1cc9b91499e289d85accd59c9ba1a90,1
aa2159770aba5b763698a969e0bf338b26a2bfdb,1
ecef25ef12d9ff2ca64be300f5c3c44f4ca4e2f6,1
7bf5590176c524c78227a7057f9dde976f36c54f,1
059718b31c135e76d4b37cffb4aba11acf3f9de5,1
fa913f25e51cc3330d39dbb3f0b8d5bdc0fb4174,1
764753924bba182a2f73e37691537b4970e2dfb7,1
27c7a3fe56018e34d1001566979026efa8864377,1
94482824e4ca2ae82d32255fb58423a42dfcddc1,1
0611a6173548d03913477c4520d9d96f46de5a70,1
20dc50edb21de86fdc10d53b33134c4d1de06fcf,1
d78c04130d6cc93e4ffefc442ef0d9076285b4c0,1
18d3c8dcfb8dbeec1a30accae8eb744ce5f8f9c7,1
4dc7ce0eb0c0adbb89f7baa97dd989864c63bddf,1
285c0352e5ecb2408ab3f3a0f969cf4d5975f8cd,1
08fef59b2920634ca7ff519f7b819faf265f31da,1
7b4c5010fb4bcccf6d69ea32a72e3a4ece451bd8,1
4128b5cd2cb99ca81b4f315c6a1173e489c8b189,1
13b0b7c313ac88f4bb307bed4cc2fb1206ece61b,1
22b4d3adad6276d3264e705f550e70f9ab11ee89,1
6e7c5a50086bed4e2699e276c1826dbe9e94e0a2,1
1723d92066ecc5e52903d22621ebd0771b1b5b9e,1
62b5b680f9df7cfee2dbb783aafa5ecfb19aebba,1
199ea9c0ec26b35cab3c885dd53e02f7221fdecf,1
bf48261f0a506a9b8987068554640ff94a199080,1
0c8e4d7c021d99d92b3aa6903f0f46be9d243c41,1
d8d2a6c1f8ea1fd00f86de385c851bd939709027,1
5bae04d172743a17eed3a8ad8211ca0cd9ad7718,1
6864dc00785da5574c385e649fdcefc15f5403ae,1
a7f27cefd06c732575c45a61bde471e01c19ef01,1
edc2e0644fbb2404aa969b6d20a9099b8699648c,1
e49088a71c475a606d6786b27a3deecdc5ae2f23,1
f46ee02f417f60e194d2d1a815c4b2cb315422d0,1
5636c676e27f9699d9b94bcd72972f51f7644dc3,1
e91fcbf71ca747a621ec5c704735bf45db600855,1
54ad38aac00924303d2c35a25b206aabee54e40a,1
d5a460eaa5ac7d7687ab4851e6952e5f69cde2ea,1
1d29abfe877ee40bfc59bb0103da1b9fc8626ef3,1
782e0ba382dbc713a4a2883248a773b5126d9744,1
392298534e6b4856887c14b6f284ff7a301be762,1
a5a237effe040a07393e127cd0b2bd6e099db870,1
a32290a429a29226e11c9e1b7cd3bcf687d99fb5,1
9199180c1832b7d1043805f550bf5d530b2350c5,1
34241822f2a5837f31cd97152f604bdeb924bdcc,1
92fdf1db9f1a7e0128c1e32630673678ba004303,1
2d750e5ecb9a54ab5c9d59b298cf2cd18321ef67,1
37341f0ef73e13a927a933d3eb2a11a4e737f029,1
8630da1e6a86a37b26ea03e6eb9f240d3bd176d9,1
6aa836202f2e3188f640e6ca068c46233e20c08b,1
48a69ee6f74e409c72aa0a49a9e57aae0ce368fe,1
380650a7a0d8204ff224a133b8128bc178c6dfc0,1
da3b7966bd4ffa5d3a980048aa43926dc2056aee,1
facc62dbdef9ee545e11832314094ac54f9e0afe,1
0afed91148de720a2094f60f8b0b95b1aa364079,1
62169cfcb65f312508ec1c904e99b3ec402c4217,1
c9c9858518566dc8219309baac34746bbbb36fc9,1
eda17b4205283b6bd88414b188e11622b86fc6c2,1
57f16bc7e08ac002c23a8396d17dcd4e146d514d,1
399db6d4ed28412abf72fae80316e7636924d327,1
6c9f1f6d334c17d6da599533246738bebe7f3796,1
a19bdde116357eaa8be35db21736f5271a88cb25,1
0a117c549ab24388db9470846a96380b2bb614a1,1
271e39425a0197d989015cf6f45dadf4ab015b9b,1
f988bba0c5762d79c061eb1629bf60e70dede937,1
4f1d88ce705053cfe49fde939c5223135bc4a020,1
627ddebd07da8769ceff55ae3a5392e798f1e262,1
9e01e8d8e2c84b69e07de97e7294706df2769cc6,1
63eb1aa8eb4d7658a46d26dc4c6bc27700eeb302,1
3aa71f05f77d9412eb3c5423208bbc7cf0912b8f,1
183a0493082aba46a64bface30ce6589de6dbc79,1
4aba88240de6884788ce807cbd24f2491825ae89,1
2ca974ed35f3e7162ab7d9ff7c4ebdb82e9703cb,1
5e01b55d08135b0cef0a34422865dc4789fb82f3,1
9e63d8004bcba6a89b603bb1b1aedf26979a3702,1
768bc559547d0375618c08a35cd99cafeddcc494,1
09452f210dca5e8676471cfabf788b81a52be129,1
ae10924c6358714b62994e2fc29b44c52505a3dd,1
8824574f2c3149892504d6736401bc5d9a33218c,1
aa5b6f8f2507731d13b09ebd596a059b85db9075,1
a086f7431577ccc6a2e5fc68a3a62f86e867ca9f,1
602f6b097e09290227a707b9ee005f0e23214536,1
30129e9bece90aeaee306bdcbd5350f2224d5222,1
ed0f1c20eb2e4c6b1530dc4d05df0aa5f11cd890,1
d3a5d1794f92c1bb8ef96bff940ecdc250cf0d91,1
02cd88d2beb3cafc25ddd95f7103b9bc68882d3d,1
f9c7e45ad309be98f18ccfa295b2c8783dbc6e71,1
11e43472182f63912eff0c914b10df04d7bf5c2f,1
129461c8063b7cdf665bf41d1ed5bc5f7c14be34,1
07b894540eccd71eecea674a314d79f712ed5a7b,1
49aa5a8fe67eac65a58b8f162bec332d7a4fa9aa,1
26320e118595595921d82e7f894b8a4e7ba8ac81,1
8e0446f15c4fee4978415f8189f6be87acb9eac1,1
a2e3a74972c6b2d7463d7e58a5d10cf361e6b6a9,1
7b2f6ab5cefa4898f3709bbd4089c0a2463b56ff,1
d4f97e3c658097916d80b7ca42130edbece46e3e,1
791d9d0cb9762106d68aa2fb78b806691a7b1381,1
a9fefe8d6f5854355f96cb66633e206aad1c716b,1
43bed71321e9b813383683d47a73019211948358,1
9428d293dd002e8d5dccf6c503e9858d3d9640a4,1
83e5a2e05abff1425d22e8af93c70a1a88021519,1
f681417c3b91892f05b549b58f7dd0eb8419ff41,1
94bd18574e3de8a062c9c71a2f67c056920135b0,1
a07b43ed19c0227b91a773286ec398c413f47430,1
9559ec91600238decf8e87e66932810255c315e2,1
78e9b9ac2efda1aabf399490901d725434ec526e,1
c7cb63be4d1edd6d0d3fb4a771c2bd253f43068d,1
b711b38f27b0d81d432fab2cdc009e4a85043a6d,1
7af6b14e01daf711729f10d6ccf59ddfa31647b9,1
086c714230bb9ed8771dd652e733d375c24ef699,1
b43c82466f53e44b37107d8ce13b3473ca5d203a,1
8e766b1334b3dd6a86084f33c6ca7887d93ca8de,1
8fd5f2c3f352fbec35f689d4cbe1644c04298b05,1
675badcb0906d916e6d90c3f46992930bb224c26,1
ad2da82188a035f8ebf56010c8a99afa554f4c51,1
c7784916d186477f6bacaf287e0a063bc64e455e,1
e853d5e0b4e1b1f3ba72668dbcc7d45f8004b4a6,1
3f24f06579589bf3be8cec909f1205942de8c351,1
e42273cecdbd1d60d0ff1f294ca58a5322c35166,1
817587484b14ed422ca7592cff3be53445faee4a,1
fbe54a5b7a670e3abb02a61b8a68a132637aee6b,1
40580521635e49c8180e1ec5bac435512c4bffd9,1
6cefa380b41d171254d4f5d9344497ebb40971fc,1
380a6e53675665059263ae24549a56498a9c5628,1
b781997159fb394dde7cf79bc9fef316cd1a3ab5,1
306ca9ac6a7cc58229ce9004e7daf9e642eaa09f,1
765eb7d7561d88608114b05adbd13127074fad43,1
e11e239dd23dc51f72d2cc42765d4899103208ee,1
f9411b7eb55b585b884142add0b95bc1c5e4f209,1
612d4776d122d24d50703a450c2453aaf14149c7,1
eb9c95f513f84654ac0464d9ffc92dced00329ad,1
7abd0433123324dfa40633125a6c899e767f8f0c,1
10c0c76aa8dd672aa96dcdbff49d4aa2bfef12d1,1
68b8b4ea77543a98f61f3a82b69a873e8cb2ad72,1
850871bc4b718de2c10f390e5eba638bf788afb7,1
4b8da25f59925ed1fa5bac1b082f263600fd8e7d,1
968a6fdbfe8de7988b6779f67b228421e2d320c3,1
e1d1ae009e6382bb8889a70b9cc8b9c5b242f689,1
1a6877b3f1f3dca1c3361d56c55e0de8012a4f3d,1
1e4fde8a1ee2797c940c08efcd4c4a75b891b058,1
1b1f2592f6638d92dfa4217067087f97e666877d,1
dd2050556537c88cce04b4fcfa964039a646a541,1
c31f757114ab965ddb7e0f8286d85b39b4a9731e,1
d967acf786eb0309366e7222d4b4691cf70612da,1
b094941dbd687a79ed4a164298e9212a402d11c2,1
2119d9a55b7915486fe50382b90c3abcf9d0ffb3,1
5eaadd869c2b9ee7531a8938b1bd023c9310feef,1
2849ab036227dc2fb57e6e034d2e56701f92628d,1
03366733bdc84f0b33c3506df5a8a529306c225c,1
5fb0a7c2a3b12f05f1b3f5567a3d9c0ce078a752,1
ad3a025bc27935dbc334ec908a43a4b3cf492521,1
dbd53cf1e03ea927d93bd1c0729929980135474d,1
00266a7dd59229d6285a00e1ef11d007383708ce,1
b4a8f3c17b553129e858fdb69c9bed9719bedd22,1
1ef08318b34cfed66511eecca31c52deb1e48e19,1
ebb16e0c610a92a7298eedbe1cac4767907fbfb6,1
070a07bc96f1b23f415766c338018a56022668d3,1
a6690f3435654bb7f0ef0719b8a0d487366af2e9,1
b1e1f475daa15a4dfc2a8be38f25b689c5a2e8fc,1
23adaa2820dbe41e789ba5b0dbb4b433ac28a1b2,1
ac55a2075eabf6522568bb6db6ae0cea6c7b1405,1
93b438d66c4f02c82506d2d637581b55bbb0b6a6,1
34733fd6385abc869c1ed643ae24a626627b2478,1
31456d3877be4703ec20693d05982c7c440eabd9,1
75fa25257aa1fd8ab3206b3f7ff7fd7e8bead236,1
4ca8325bfc6c163ee630f58e490d9c49d7a6f830,1
fb4bd80ff2c98a9b7a9068383b8c767f605c60f0,1
7903458b09932b1479a5c41a63b4ecf4dbbb0a31,1
b0a8b8562a544e14ee87c9a250c7e397993289c9,1
b2317b2d59a178787fd0424c95f89c1fc8d0a167,1
2015669376bdbcbe02400025f9b2a28300263151,1
412eb48421a88a227efe11af11f08d86dd7a47e4,1
ebc78559a0f036e93540228d86956838a5694203,1
ce7b382b3bc65b26d5146263cd6acc2565f6c3ed,1
7a34cc689d2b0a851a965836cbedf8d05cdf8d39,1
67fd61b022120712828683640949ea473d3d2b47,1
799f2b81d640fd03284310f8c8d5abff74e79cfb,1
134cdf75561bcd39be5bdf68f92c86cafd1fe71e,1
121ca46a8ce54cb6fa02f873b7ed18ecd9e581b2,1
eb10918e8ae4e7ffab8ff969f81bee5aabdc7852,1
e6d17296be480ab4384e5a04005ee41adf0253a4,1
18d62e2ad4a103c9f6de9506593d6fdce6ec99be,1
f247021534337fcde1c77f9a1013c2498e300cd6,1
15eefed4017e095c3ddf60bda490a3fa4c9f4336,1
8ed6e15a9c8a1ca0ad551bd0b6a7e67fad7db55a,1
3f288f94325c2375f4aa337aca9eefba3ed719dd,1
41f8c43abe90a1aef5f568c17b454b8aa9de40d8,1
e3c44f14c26049c77b3c9c2df74c935d2a83b68c,1
b0dfd3972d457b610d6baac269eb42de2c24ff17,1
269369a034310f0232aa6ed6484895168d383579,1
ed4a51bbbbf71cea7522f0a546f2af3080000df2,1
a060b1a677cee74f9fd8c15c8786f9a278d77067,1
b229d36d112ba45cbdc17cb602fdc74bce8a25cf,1
02ac66a899947ee114cf38d39484a515595b6c2c,1
2b9858734702187323335547f97174dd10c18a3d,1
d6d36df1173232aadac7179bc4b41f532a3b8d05,1
9aedf48cdb5d0c6879c8febbb0c0479e1fddc33a,1
bb95d264c19db7ef078fb1bf9abb0a2f897901e9,1
2adcd9743f7dce7e9606dc35e7d731c6b7ed4fcb,1
e14a7aa7d5910511ff875f95d0675529b11ebd48,1
13b8c698d3cee7cc8144996bf3831ec2cd456de5,1
7f9be4187033b0ca7143bc3c97960655e57da1d2,1
161f0be614eef6da306afcfee113d6276c0e9ea3,1
a04eb993ad606bc651c57f403f97035f035e1af1,1
eeb4b2b57b4ef3c0b5a0106053f44a5812ad280f,1
d562adf117c321d9013a6a2b15d773c5e05ad024,1
1b7749d585b948d3a306ecd9af1f8d36bcb6962a,1
9c0a768d3ee49e9e4110f7e01be1cc19dc675ba5,1
15281195eb5280d112b0a8d76c8f8f0e81072b36,1
e8a899939f4644235f2766f3e9b4cbeeb0a3c7c3,1
8f71267eebea7cbe1aecd184e8052ea8a70ef0d3,1
331c4324e134a77aaf3bf02424a29cafe390cc87,1
6acc5a50be5608b9a290fd19cd9875258bfd9eeb,1
92a38e22715408a454beb127a95539252c5027ef,1
45077b3755387976523282e6e0b1cb9b9788166c,1
04ae8d61b729e8b43bfdbd650aeeddfdf05b4e42,1
66d9934528a6ed96232770b8ff703fe4d9e8500e,1
de78fc9c98b87b4b1597a0b15cfae4722ec36dff,1
3195854482754199ba6dd2f33ab3abec0877092a,1
f292645ed12211d397cd4e812801ead9a8d27f64,1
366ec32ae1bc2dfbd5d5a342412b34e1c814da08,1
d8897ab7b9bc02fc542bf138f5a118e05f605da9,1
ddcea9e8cf8e2991c04d799470dede3b016a4808,1
eaa7ad4073e4c9cc6cb71050da879b8123f5969c,1
b830304dda2b868891ef082e1e243acabbadd48d,1
cbef5e175104edf06fe47112a97eab6f3f525127,1
5cfc69f5b95f887f633f5d893ec8ff106ec41448,1
9fcad92f7ee1fbf0299aefd52bcbeef4e6934950,1
d4c050efb17adbcd5355654ad010d0600fc557a6,1
86fe154b7a00e7f486f0c13fb9c4fd01d4c33385,1
bb5a3a72397cd4f96ae10187fa4cdd4135d19f72,1
ee8be866aaf89f0170c17c20f700c871b106cb4f,1
d7bf6e6de0d7f79eb978ca2d62003dcc88cc7c9b,1
b7ad0bf22c31298dda4ce062408b8b3c97e4f49c,1
9360dff93a43f78f23f128f48ab5845b985c5354,1
e75d4eb1fe962c622249839992f6d8b2f72d7bd2,1
71b09f1d00f1631adc7793f30ef382a5653727b4,1
b2db1ca106f76bd2181813d5a0dd1adc759a3abe,1
65a288bf3b29f4caea4f84af93cb865a65676a0a,1
d5381037b8cbe3d0c7be7af78469e28c73b82f2d,1
76449ddb32eb6b9cfd7e202fe49ee944b6c7569c,1
4603d8b1d1d1efb6029342ae5bc12fa820e65c47,1
011d40b2c2e423119a0517768cad7a13512be118,1
1ccdde1283f271377a26a8ccf5c58dafc2728983,1
402885bfd8f4916913c84d98b18ace8d2a8c5d62,1
7c126addb371d15012fbb350fbf9bdd2fdc8914e,1
8d6bf7479df29ce224aa87e99ca58a757f0d2ccc,1
68aefab54a999a3eb625361a582d59b6013d4af5,1
ec047b1906970d91d3eb4079ae3d30e6daf56b77,1
83d4e00efccedea05b3409745bd450498b97732a,1
a3aa12ef6849d0b03700143e8ccb25714f2eaee6,1
f2b0dcde58bb3661e8d0b8cdfd3fa6bbbe18cde3,1
54ed49dc7e53010f2adf2df8120c191f8cb684e0,1
ca1e0ea0ca05eeca349488397ad61a0101815f41,1
c242c53e6b6af4e8d79e489b482cc7725f49130c,1
e48ae48e00b44142a001c2907d61128504e6e69d,1
b58d6a13c859b5d0b533987ffcfe753a2a3f4c91,1
5d0c16abcff3b4e4ec530906d1d1e1fd3cd558b0,1
58660abb5c7522cc75ea55fb02d98d392fa514de,1
4ad52cda399401e9092bda3b751b77e852d52b5d,1
15af375a9397b724b138c3c0fa96be2a61b75345,1
4d00896adda4f89b47534f6e33ff16983397b8e7,1
adfa02b8a1cbccdef2bc7503906ace2c904e2efe,1
b2a252b3f4913970b5214403fd591b0a9f8dbfaf,1
0494338c7e54afe3e61214b32f3ba2d7056070e2,1
a245579e249214ddf76a3704c20300cbcbc776d8,1
613ac6d66fd9a1dbe5c2441e4db500c328c66b11,1
1e6c8f203690eefe89336bed4f0fbfdb686345b4,1
82048448f42ae4581d61c013d7ea99994dd2e16f,1
da785f07318ce58a2a075e85baccafca87f3657c,1
5d26a465fff6bd952ec2fefaa8e27d8031e88faa,1
9090b5332bc8f733a8bd7605b74dfd0ecee02164,1
d75630b6bebf740d0bf5815b19680b499178250b,1
8af7339ab16a7a1499985f3c8c4dab769ac25933,1
c2315744b3596c3cdd442788a26e66b2d866283f,1
5dc3bf67cbce39de668ee40a741a8eaad090c667,1
3a55120053609c74bfc33caacc47cbf1e9ae0e0c,1
d2677c37b97485430a1924366295472e954fe56c,1
61daa9f98d58fff0d65ed6598ab3efcdd5fc1096,1
1f3aa5a6104ca93033c7305058af2525f76a51fc,1
161cc8d2b3aa3ddda12a0f5f4219c62c0b2702cf,1
d289c4fba24d6beece628e5e22b587681d73cca7,1
373677726a57fbbf4a88e2c72bd0bd6b4e91d3a0,1
19914b69c53c35eacf29ad5d289e334e8b829895,1
aae27f88d6617423c55d65092351039f4f3e7a0a,1
c09c73ec3642f43814c29d5e33470a070a617b35,1
3d092303302657bee776d19bf1058df81e1b55db,1
f0c95f86839fa6c56b0870ddfec5dfa21c96b94e,1
068ad8bccdee12f0e1b3c895fdbb1e9a2d34c626,1
8158a8284b6d831e9a9716ba7c4d2fa5a2ad2af4,1
76f22032044646b937ed44d3fd63890570b88d79,1
7fc098bb1e9afdb9d60d253e00fa5287b719ad77,1
0326977f8301d418fae97dc0fdb366fe61ce083e,1
c240ddde9fb4218f61188cda884f18c37af3c34c,1
ab41c95f456d1849f48d2bd0af95b429ca8c7a12,1
abc3a0f3afb027993cdb5ab2356b523646027163,1
89ffa92c50af655f48309a9407f7ba11cd0ec876,1
f3d85bc0b0c086d260b3121698333b7a4acbc152,1
a67d5688bb7a0311f7f09aad857634bb15490b33,1
adc3f3d02df5d766c826787687472fcaf1c91e72,1
c9acd1e4366c1a4ab03c71456d1b00318118f1e6,1
1de6c3328836096f107168ae36b0aeef7cdb4986,1
fb83c4e085f067653c1ff56bea046c51b2217d15,1
d895cc329bcdc803991155f6198ff0bb02dd2979,1
a50dc25afdd6618047b3e5ed260d862ee97f6f6e,1
52b9447712def18616d41ff07ba1f1e7923f5f72,1
fdb305c10886f51dedf1d5863a9046b93d0a690a,1
439334aad779ef5f66035d977dda5653c8776a85,1
d8879055062c0213d88d1d51e6e19c6d9ffb34f5,1
fbfd2e0bd05191795a664401f8405371dda080f0,1
ec6ad77b859f9c09cdd9135dfaf1acd63fb16e6b,1
80502e64167733311465e9d5d0ff87e71d4a6d2d,1
365e92132e3b70ab5478c473bd68d84c8b60acfd,1
26650b032f5a8139009bbe4ec8da4e2884566b8f,1
29834ea589965c97d6317bffda16e439f3f41440,1
e2baa8c13182e81c59f562bafc0b0de0899d1e40,1
7af40f36c778e7bc04cb42189e3e8eaae2eaf9cf,1
cdda2fbc0a3afb2cbbf50ba9a83c0d47b8ce5094,1
db528c6f52804ff7187d1d5f7941df3878a71558,1
493235fd83581c36d872d8d3427af3a0f0e1ad52,1
d16f565a2d893698156de251b6b7ee2abb8a928d,1
6e40e4f5f6467026b2a79c3ecabb6f00f082ef0a,1
972d024da20dcf9d19715a279963599823e6e11d,1
3a15c13f521c2fec39a7ba1cbca8706ccd47656f,1
7aa466b9b31180f680d1a8745d82c0d5e32c9509,1
21eb935edbf89b6d04d142d3409bc84b9ffd68dd,1
c4f624ea583c703998490f622cbecb869ba19a53,1
ad0a1539f70c41d0e85d308a4a73c966abcb8642,1
cebc237fa333a176d1d94d4dbc8eaf2b8caa2ab3,1
8f352981be146fb9dd2ad516f8182b79c6087dbd,1
d00d816781010b4a98f19be91c1b37c06b408598,1
b9f3b61654cbb9dcc7648f941d75d7702490aa1b,1
d57d260da753d8b7814de1f9e5fb1418ea04ab29,1
f4a8373e5d01ab5f499243869d39a67d44695f3f,1
37bd81fffeaf311a59b2182c90499ade0ced2f47,1
19a6bdc9531c19ed5e611e38ebff797b8893ef6c,1
d17411e66877c6bfc8d363570844d9587a36d060,1
013c12da87f002bead395e0680091e2f2b677533,1
cd467afbc76fe276ecdec4ec01b6bf9ea69cf674,1
26c6621e39784f7cf0ee0faf5e0a06f9de5d1ada,1
3dc1b6c5d5eb14ccd417dcebc6ccee4988a9fc05,1
0624c56b8e323c11f9da16b0f5718f2197b409df,1
acb513a95dda175d5a491bb035bd2f4f7a8cd1d5,1
cf8456dff458666ef6f22f0409fff226a5989e3e,1
fac169a9b7918e25065e7df7ddcbb762bad7b92a,1
e6a7912ca7f0a05566c642af5854bb5ab7123e32,1
fa68963ef54a5ab31a3ded2581ad969b598714a6,1
ca588b200a75976e18c013e93c620c53ad80886c,1
0922694d7bfb1d1cc25b2cf6d62750be32aa071a,1
52903232062ce401f67a681f514c2c22e45fb860,1
dbcac49590aee38a474d9f8a1e1c1a03220ba19d,1
28c1b29dca2e446d2e3468260a44a8dc814ad09f,1
f216e3cca9f22809396566749459fdeb66ef0ca1,1
9ff6b4d93824ded8bc55419c72d564389681bd38,1
d7d43e8c66975aed107eb577a618722b070ed006,1
e20a41189d0e2fc8660f1b9adbcbf0c91fbd9bb0,1
6403534a12e81945a4666719d18341f3dad714d7,1
a2a72ee0076f4fe1167084fba6377ae3c0122d2a,1
bed806213fda2679656c14d12b38222d3c168792,1
3204ef88e55c9a8c28d6767e5416caad7edcbd28,1
0af0ceedcb78189a607207aca5d4f3dda6289c60,1
7b0bd43fcf62c1280e79a643df8bf3de7b46a525,1
ec9664a67787c2e8380e57e5a23978d3eb22b927,1
452d4cba0a3404655782774f927867cdf4c10f6a,1
b35701db41dae0506e7648a9dc9e10d28ab9649d,1
256d2495850837352235823ab71449acb51e30fa,1
a5f3ac582acda4fdf03b4fc0ce90a2ba0a19dde0,1
969e6341072ef765a3e94e8b6e77b4d5c04fc62a,1
2a3c8822b62d7aead4b11ec3c341f4201819ec5f,1
fdab97c11663552e33e40fefdf7750728e5c21e1,1
1aade5a64f70032856895bfaa07def44fac41fa9,1
245a3516b276e2f5d8112dc55da3c4d58026cce0,1
326a2d8c93ae91a05590d8d8b29d896f673cafbd,1
d92e50fad20347de2922cb2c891cd820e3bc21f2,1
0993aea8e925685a1d1b8900de75e181aefbe692,1
272c51d2a32c82135c8feec857fd972f2e008488,1
4e230be9a593e9247f1e48fdb93b15b975ed6ed7,1
c1d6b6c75c211d6968f6c040b8e1c296756290f2,1
be9ce8d8ff9e6109afb89ba13fabe4f493d42ef3,1
350f2366fcfc23275ec6c508b3f55b8c07697911,1
10a71af065ed049792099aa9f6fa7c277913220a,1
5aa8253c6da06a01aabe7a27756249dc87b201e1,1
64cedd8ee5d5b52ac4c58334342fefd21add5af5,1
db8ecbbfbc5317447ed04494a20d1c2607673360,1
2f515e249a958d6c9e5dc8522c5149ebe8f1ae93,1
aa891e298fb9de0f8c5f1f942e6e488862fcdba7,1
efeee7f0b5959c352fd81a159f46ce2fb4c89fae,1
8f8c5ea45e918ff5b41447421542d915a16e312a,1
303e65f54f8ca0bce6678d1c9531e024cc022d28,1
2c6ce43169708d15c5d4e673caffa29a30e52ab6,1
3bc0ee408fff76d781227d16ed1f0c3ee9a9adbd,1
773766501407caa6d5737ff9655f559fdfd7016f,1
1de1c303a952888360813d286f5c434756f3e9ef,1
a604a9a3a6822f0abb0782332c41476f84d9458a,1
61949e62ee3bb88f6bb668ee410352a8e2df53de,1
6a0029753700f12dfd6bc1820135a2c27e3e365e,1
4bb79715e37cb4be3ab6f8f826d33b3a939cb444,1
b5d8d8965fe86696837dc5a4a8e10c5963101521,1
b6411790a8fce380f2adc00658b8147e728704f2,1
87ec3c0b92dabab1c2906ad313f132a58cc11c0d,1
1f36ee9ea87f6ba74a5550ede9ff7460a42dea5d,1
e6f0227233dabeb11d3f3620295f98415ba65a24,1
1d71106589c2aab3ee72926ad623372ac947770d,1
2309fbe12027ed55e8ef60ee2cdecd73f2669611,1
009775758c68768dd9b580fcfd46610dd65be0d2,1
2eb039781ad09eb6faeca36f985853176374996c,1
c611fda6152009145112b689a863c56ad86eec27,1
4b0dfde2519fc4e9af4747ef4c9c76afb6f6612b,1
3c9eaa3f14c09e4f465d7424dd58f721aff864e3,1
a58902baa9ec6fed9612636c448acc9c383e251f,1
c13052494ce6021f0113575d75a21f5c422e2a8e,1
055903a025b8fd68115d89fbe22426ffdbea00da,1
95eea48e26670be47f56eaffa2125e70f641ab61,1
078ff945da89b5ad3d9c4988e502281a0252ef81,1
810b9a50285140d0b1c96aa221d842bc719716d8,1
7bae46bc5117387ec8519c6ae26d731391720fef,1
63f3d006aeaaafd6863aef2c66460f2746cc355b,1
0c9e10a733f08086978e19aa7a3ca304bfe6895c,1
fa2c8047f978d8c2fc3129f6572de9f6b740ae25,1
6778579f556a183c63bcf05d6631dab84f2457c4,1
de6b571d45d93d102b6e18edec072cb51c9dd960,1
a38bac75c2e8079fa4a6bcdfbbe511c109da1b71,1
80dc4c9d79dad749a45ec2186b6ae3c4fea8af15,1
e6943088cceb0533d4fd43ea1d2dd8a9385668d8,1
797e834328ac742c7710734b4720ef78271da2fd,1
b68e660ab7d559a3ade924ef61241783d3311981,1
e96d7f30f919e38b05d2b212ecabb2e0fad4f5d8,1
8c82d7e9e3d9b4833fcf0a99a5ed08ad3bc32c1a,1
39601ab4a04a3815af36ec229347ceed6b569d3a,1
57d554c48b4b3eba5bcc38f3c917604cd008c07a,1
e638838812739ae040158bfa48c76692eb682365,1
74c25066dcd2b97dbad13feaf7a4f87056db76d5,1
c7da77dcb59ac094f1663c14ffca3c400b276dbd,1
2099bf891f0cfa14ff69f2186e92d6c5801ddaa9,1
16c8713fec964b7ef979f797a994df7d90b14837,1
b5146f614cd65c1d35ba4fe8c1e4c4338142b65c,1
95329ac77343e21c198a77b46517680ca0f661f9,1
cfda9de2aedc1d8116f9b3380c864ca2826cfe9d,1
b0e59fe35b28b86e4ed0b576e872785ab2e24a64,1
bc46c2f310bcaad62a7f4943b67adacf46bbe576,1
6e43ecb2d6bc9d9ee026fe7ec5f1db6c96d09d6c,1
dbd4a5b5270d19393d07d563e3b24026e4c56d54,1
528585f688145b749e65a219a063eef8095f1803,1
2245dfc994ce92585703ed0ef70c6e9358da3ead,1
47be33a2025cbe9b8a0e4a10b41dca96b1d9521d,1
b3d6d6b1fb356693764c0aa55bd689fa84d483eb,1
6e4d2bef3166dbdb8a1389a4c71111ba60ae41c3,1
351810279f1f4c89ac8710eebc86efa6b50d893e,1
728e6b0ffd97de5c21e044517e656e63b2c6f479,1
b11c46f296cc8b90f36591d885552ed96bb76d04,1
21071104ca60c411752f5ab62ca32b8f80b664c4,1
4c2d15d37b60fdb78ee8fdd7fc2a18867fbcf8aa,1
89746b0214d9c593352ea8951d1167481353dec3,1
0811f189bbff07aece47c14215e514f4d8bb8159,1
08318100e32344b20a6231e416a22380644b2cd3,1
04df234324943bfbe8c7ca481ca42e8783efda08,1
f9b4391497f9ce1c8971a41b3c46957a4adf7a5d,1
41343f23ffeda6656f1bea634bd59b78bdabbcad,1
4e0625b39ab7946c620a1e3eba9ce577ffa783d3,1
223e7e0e25c6bfb51f385067afc9382ddef1d49e,1
a8c17585c43b52bca332b210f9313b00edda095f,1
a2a3edfeb63d591d5cde6cecebddf17047fc7dbc,1
5356833f6d46bd138118bbb785a648d50cd5cd15,1
3325bed3e9f902703f041fbbcf5defa00d01242e,1
ba0c67919f32fddb27fea36927b25236c46fc40f,1
a092749dda0f717a034463912d71c96430cc768f,1
0bf3752eb2d9a3ec439fd4e56fc6704b19e3e73d,1
cc8cb8fc50482159549ae81194828cb1e3334059,1
d51ce4befde67cb69e7051c90c25d563fb693516,1
10cef686240470c0ff596114205c71ac54f8143c,1
0030434f51110a5079c3d70894a438cde3e69e28,1
7cc0d547ccc3a15a2c45f36fe7f3e716e7406578,1
620a068523a88a0ed9b7befe56712a8febb9ea2e,1
a897179f49fddc95b5f4f71bc5722c28341f6521,1
e158ea7c33cb257cfd7cb222fe673b5ac0453266,1
b69be50cc8ecfc48b2979ce49f52ea67942be04b,1
933e60f99566e4680670e9674eba2506e8684ade,1
660bb71441ae78209a548586afcc082ee074077d,1
e1c833f3946723fcd00e3901f718c52dbbe289b2,1
f24724b6f5e09cb0c9fb0c359e0fbc0f4766f7cb,1
8122e741bd12563a22cc6651663cea15518fe74e,1
080298b42356de096f468f5ec6992043b4661bec,1
fe31241e567908b7c1419ebfe8850475c671ac22,1
160abca8fcbc2c46664ecc12738b504ec037bef7,1
aa9307434a20e868644d83acc40965415bc99055,1
932bdea539b2bc12d6806629ea7e1a64da9ac461,1
7b2729354cbe5566d7a046ed2b483dc5ad0264a7,1
03f150aa6f8d6e941c25ce6e4eaafb1272d5194b,1
d0dc6aec6b19e792abe75694f73ac9be92a966b6,1
85b15ba66524f13193e691fc853e47da197eaba8,1
1d8ff33a6bfe37e4821df4cd600a8c66a09f93b7,1
56b67c5550c32a685ec20fb1fb00b42ea77affd4,1
b66178a42bb5eb3313624f75bc2dbfbd95dd4d85,1
c8e5f46b707579b5aefd203a37cb904ea296a2e1,1
cd94c28f8300c9816e2f79c53979614d3d9b30d7,1
d1b16136c50c2f34d687f435480a985ba45e0a41,1
d296a563941a043e8e3630bac83d25b986340870,1
c384964c6f8155e44aea24be1220bd838cf6c966,1
ed8d10358b75eea6cfdc97d9d783edf55b9fe51d,1
3e3396340ea208e57c086ef0597b461c9d5fba17,1
0a5257fd1d0adb32aa55ba477735bd9c59e90447,1
8b023b490c17b0dc4c226fbade9bab5648c0774f,1
4cb124cc1b2220e410a4b7578b4412e899b187d2,1
d0131f9a2e088f8437a1b7cc25e480b52827480b,1
36bfd679d82c2c17e8600277001e805da6630dee,1
01c8e25881534f81eef7c571f1c94fdbf75b1ed3,1
aec5c2f95a35dca479db35001b178b04640a340e,1
c3c16718bd106a45a72195950991891743dbba21,1
26f1c0bea50da40c0ecab0e1b77c3a3d12d91ce9,1
25f6c92e9571e218aba77448266cb584110b66b6,1
9e122dc5d7f2fdfb2e9949f7429d30413934f0a4,1
d3061b57acbe62a1e0797323a0737b53cd1d09bc,1
da0278098be1838741aacbf1a36cedc70b3d1bec,1
46052e9892b417d7d30c62e803c298488b8c8f28,1
c8bd4508c20f013c795d64247fdea18237f401da,1
3ad42251708268a5f7615523d39af89c898d48c2,1
0777e4e27bc5f9c08df5bb3c45c4451b3bf86c9c,1
e4fe09bc6aebf95b938b084aec9b6d7a6cc9a54c,1
2ab2965cfa6c57ab154d37ac7877fdbc7adaa7fa,1
3f2d480f483fe96b8c46e300e6c8a0c61a5cb2ed,1
b6900d57938ebf250d56d98b6a633fdaecd20f41,1
5e0a05b633c040836abaa65f8ed51589f245347a,1
c057233f5f1e3e4e3a64ad292f46ebc33d690231,1
3ae111fceac90fae72256c2375f73cf2da901715,1
ce57cf65f4704320c2f3f33affd218a8672b35e8,1
0c28e418756dee2a818a88df813850aed4cc234a,1
9c432bfc5d84c24357870d007d7556c1549d72de,1
5b85d0b01fcfd737bdc993702408baa2d1bd388b,1
1c6537af2ad3cfb18bdf352f3151df5b3b4315ae,1
4698395d2fb4c541d3d48f387bb77d66beff49bd,1
6776c5852883335f6679d5f3cc034caa8bdaaee4,1
b676fc64061bd1bb4d1ab592d358e569c0d95c2c,1
587a1ac7450a92b120d7eddcd745cc20c1e7f6cc,1
8cecddf250b21174fad62701bfde89026f201044,1
c736c8dcbddb38d03e63a6c2fbb37af322ef14ff,1
8459b0770381e7ec0f6e4c70173cb52792cc2d17,1
fc91f2839ff21a48254df4f770bdf2f3e20cb1a3,1
01572966c343a8c132c65a4eaae758e2fd059bf0,1
cd6a637727d31644625b0dcdcab47233388c4678,1
de3529c3b08337f8f2c226afd88738571efdab95,1
26adf8bf94ca58d1471b3405d7ce668ca1146d1b,1
7aea400df1b9888eee46c498ba8e29148480d0b2,1
03aa0c38775737d15f16d1c9472517016f644a57,1
993fdc06ebd411b38897d87459bd472b95ad9eae,1
787f597f2ac95b3f22b939660bda619164e0453d,1
2e4a08b109c61f93a2947ce9c750ab2998a51307,1
a011408634c0d238928136e4b8b0a4ea3a372739,1
79f66dfd05784e505cda892445700dce9181413b,1
f5c6cf15553263bc0831d13e0051a0113bec837e,1
15acb06ad44ea4fb05e4ef8086561540d1fae626,1
59aa7e443f70e44f17f2bec5a92403a152e1f520,1
e182f6c63861adf58a997c2a29094086915122a0,1
7e122d95f38442628c0ab93897230a03f59cdbc3,1
8642ed2faeac9bf377daf07986fbf863752efd42,1
e037dd66f1b0a70cc909f987966bf7cfa8427cb0,1
9df8b362c216cc225af24e4650220adb90fc2f26,1
924f4a29524dd7368636e69febf71a97c29d2384,1
2766f38a057fb75d9f79028714fee9e86bfc4366,1
71b7277da82172d44d0985c023ffa4b01f712ab2,1
96ce98f04e105d76a9c17db6ec1ace91b9753345,1
b55ccc20e2eac3aac32583e1443677ff7ce3ee04,1
130521c9af709e2631abce557b58ea4bc811f250,1
bd8c2c0905e30cd6a041c0e3a6a601dedb01cfb5,1
e9ec7e6807e6ad594b637dc408c0cb7dc61a8c9d,1
4a4e4b1c16c37b4175c249e61ccb207de5583ad0,1
de22e0a43eddf323890ee2ad4b48cb4ea4d91228,1
5b485652db457f8cbcff3a2d56b5d4b1da60ca6f,1
e11961635cc48bbc64b5f6307740ddac580d7287,1
625f4d4519a8c1bca90bee260ea63affd2fd7279,1
af614ef434e76021e74da6ae60ddba39cdd039ae,1
2f017401f0fa9c47f1994ed89af93496cf28f8d7,1
bde61b6f35a6440e2a4336bf3b84dbbcb5dc4eb6,1
7035c3bb6f283fc1b99f93b46a03708df1abb303,1
c20c6b09d10f1dbbca30f3eea02058b77f70923e,1
976f736d36a5292bbdc7591502bd06c49413a764,1
f8f99d9893baa04fd6d0731f31a95481f2323573,1
afd58aa10179b24561a5cf8ac427c9b1701883cb,1
24451ee477452e513aeb35a3a037bcc2d0b1a619,1
23aec95a0419614a4cb1905f9e4c8592e8d31080,1
270defd7647ff9044d1097a3eb35a003bf69efb3,1
4d5c5caadde859b0c4559fdd4715b2b3bd734716,1
d3e6633a06abfdb32f63aa8e6653b9351ee16f25,1
d6d849339b88c01ebce8cb331792cc6f4bef549a,1
a8e6faf2469189f2488b2d6ff4bdfdba47c2d0bf,1
cb6e0e5a0b672f24a3d473014a8e97c95413a39f,1
7a67ba8b2bf7f222b3bbdc0adc7427171e9d3178,1
0a5be40ab84e9d64c33b0317c4e2620958d74cdc,1
97ebf3e30712d18122c16b77d07074f9c6c089b1,1
920b031af806186885221390963042466e8ae095,1
03d94493e93944b1d0f3d296e34bb5cf8524b9a5,1
917531b46adc8a513bbe75286f0e2b0ad37014ec,1
f8d5d693800236892d2791616721898404a9cfcb,1
3bca419b18f48530c02a1db067d97a08e02151d2,1
54128d78494027b3fecc387f56e012010ae372de,1
ede0e21c053c8874645e512d4769a99c86ad64c9,1
ae43637721aa2273f4df0ee85e3c520db98b258d,1
7202cc8c7aa375b14182218b722f7b5bb1aaa448,1
185cf06b0c66524848779d4920eaa3bf18a38d6b,1
832abdd31725e6346c228304601123c0d86cbd3d,1
a508126cd2c24cb445380fd16a87c7ad3f6c9020,1
98e41a9eb63080270c82b8201648817ef40f4d14,1
9876889b1ab360e4da453ecfb4a40a8ed13ac897,1
f53f77e4c744059d4d4582be3cceb1e58b4fdf51,1
be81cf288d4f56da2044a54729de2275ae87a29a,1
740ebf96018b9116c7de4212cb4d29b2e22ab8b2,1
98d96c68732d99f117b4cd9f1f70ee6961ca4331,1
cd557d2c962b921b181b2f1c35ee6105e1f9405b,1
dda6b6fa98d62f27e86afd3dd733a7e319ec3800,1
0eac57483400ebf55f533670de67d4c9995337be,1
e3247cb17ba0dcc77ec46781dddcce6ffc1f9084,1
5cfd2af4750747622cb74f09da7267aa3cc1fada,1
3af2e043c8bfe93b62f9e8a86f9451ea96464e96,1
f1ae3f99b645e59e5f95d5ac8a7bb7d8be166ce8,1
7815ca0ab30dc3a57f4cb7d0b02df2ac943da503,1
141d450ab87a94767cdba5eaf554e5c423ce9438,1
bf4392ca8524edc1a67faad88ff04250e1730f25,1
d97dc194c2c48123d660808fcd1896720bc3e062,1
f3a22b8d31382275e7a959bbeba5eaa423ddd669,1
41ee91f74d010c4da45fd7dc07bea34a7e3f72bb,1
7293f0324f5db68cb4683616c811b83aa56e3017,1
f672c89e8e2efec9127ff572a4e4d45ac27619d5,1
1ae668caed5f39d21d961583d3a382129f600de0,1
1d72c3bf157506c16a26bd580c435430e4a079ff,1
bcfc3413f5de0147bd401c5008c256e8aede9591,1
94c43fc50b5c0ebfe6a6271fd24b0560c50e14f5,1
b726ae6dadad952ba0c32ffd28f0cd41d20627eb,1
213c4738cc35c04f021cb47d03c4226bdf330636,1
649ac462c79da46131139144636df2247c162cad,1
8b37e6a6b5af4e77716a02ce92514869ed77d933,1
6d8265f9cab2659ad50e84156b8d88bc6f153ff4,1
071351377b81a149e14ca725931d366ed521b9e5,1
1d997907243f74c9421b796c1bb7fa293bf143f4,1
d04068359c7cf6d4635400441ae37170547670f9,1
7dea0db20f07dad02fe24a2ae6d237e321401805,1
f87c7158312d8c4e5bfc278f7a009f8d658875da,1
25aed66cc26a271aaa27277cf71c55634232e634,1
79bfd74e1b51c72b0a2776cdbaa9f28ef54c3a8b,1
f1db2ef67a4339b5f3e71ceb830ef459fd7e05a9,1
64c31585336070e9a4367c0ab9dbdcb79b64cb92,1
48888bc94193c9de363d08381de7dba574969747,1
9325187c6069891a8be5e5f429f72fba540bdd4a,1
23c937f7eefc204547570c5351cbea2aa4c05df2,1
139045d8fc453ecd85af1c263525e3e00ed4f122,1
e2275e0505d443a275090a50efd66d007dccfc8c,1
bbdca22705846918ca92ef1c80b1756ace456781,1
dc0ccf70dfba53149efc9276ca982702b0ed011c,1
10e05e8f7e1ae5dcb00899f097d2674d426ad3b4,1
d7b32de372ff66947b753d845f9cce5d33e0558f,1
05d7b07640f6fa0ee5ee2c5b06bc0b49f266fe0f,1
71226d7575cf8e8f8aa8cd0f81e5b1b18cdd59d1,1
5883af595151778b9a0bd6e06269a0ddf135fb55,1
c2b245b3e65e1feb5c9c8b02fe3ad3bd2262834d,1
7b0013be24863bacb76c5ce05b10463790d5777a,1
2fd7da776346b0b15e580778985e2f856d48eadd,1
11efbdac41194b017770c105effe7b66167175fd,1
dd1bdf51b0c88d99f0dfa55fd8934595edb28f05,1
dfce471ef89d60d58c959b74b3e3f8a045104b12,1
3a7d985862cb62e118c10a1774c0a2596bb70b12,1
94a31ae242dbcc7d975d12e0708b1274f8bfd89a,1
e5192d666759a4b7df16472f3e4b4fcbd32d1468,1
3b082504100c7a7f7ff6301971d6fe95952e1ae8,1
33f8349ab35da63e7e2b89031140aae52cae7aa8,1
649135a373a71bcb2b24acb4acdbe8686128eede,1
a531afb317d266bbb22769c7d6a282dd6337f3ec,1
f1da0fcca65bec81a4c586e97fe8ef05051e2959,1
a8b7b302b5eccb3f8417e3fdd7586465248b8bee,1
4d2f0e8753573bfb666a630800d531bbe2d78126,1
3c389c701faef24ec61ee965a747b8eb4d795a6d,1
10f8b6c9b6688aa43de16899ea8be2a76c8ebf7d,1
5726bc429257654edb2f1cb71ca82880409ab668,1
201c871be9c97325c7b8db021074299c4829508d,1
f8a1bdb9351f0e8a98acd33670c709691d48dcad,1
0e5003d858ace78a3cdc5bca140f191df6d517e0,1
ebd4ba485c3f9d2170462e39d9019d34df22bb85,1
b4243a90bff1b637600163c98976db3f55bbb810,1
8d64b01d262d6d70629dd28af39dc53ecbf191a3,1
72a7e543805fcb89d8e037ab3aa14557836e2cfe,1
346cd40db605b71348773969f2684b56ef35518a,1
c887320d3c57d3ffbabd9d0b11a1a1d01670a32d,1
c4330135e7056c87729154cc035b76a8b25f5625,1
e3192e47c25bf1c24fe4060945fe24c22c5a7301,1
c24248c4a6d0f60fbbd6f743775e25807a7d76fa,1
28762a2a508e3dafec937331de991b8c9a6cc100,1
8a84388faecd5ed88faaf8cc5cc78fd0753bbe52,1
ac6646d06732ef65a0c4bd9003ea4f5d60a39575,1
d5eabd8bc8ef595befc44a229f4241c6998e9f5c,1
d58c8c5d2de625ac5265a23020f1e3c95b818408,1
c07caf3287725830642f40c28a86ead23e2d7252,1
208bb9716551edcc997a635fd45f254f821d5e6a,1
8babbbd736c4f9724a9d04550713e768ae4e8f61,1
da5b5e890d3e1530548eb98c0a5fbdad04be73d5,1
df3daacd706b58cef4c93a6505a1439798046199,1
c72baaf84885fd81275f8b3d57cc94b92c99d524,1
acc70e0c936ffa64670f0bbfedb65b1aff5bbff1,1
08b55089ccf01a9fa2fd7a71144c471c3a960de3,1
3af5b2c7edf2ec930b53a031cce3b60d023e9b58,1
03cc3f5c4836fb975fc813938b1ecafaa2298efc,1
5eb37d5bddbcdf813de95d3360d48365dbeff242,1
ef9482240d8e641af58c97a0f6bcfe7b069d0a53,1
b25a6b3d238a7bf775ebfec3f9c3513924c89616,1
7ca4ed2b8f26aaf952db1a808e1c8409145ad865,1
0cd2d0da09c49c9e7631a934c91d407fafbeceef,1
a1028e1c1f80eea467d1cac33206e9cf63a9040f,1
ec7f6175b79deecb7e481f508a52a0a7a5845732,1
768ff36fe3beabe47aa45c217b3451893ebe5b32,1
4735352ac59fae02323a4bebfaf33e537618051a,1
2cf1f3f02a237e7c11275744996220fd1908661c,1
b9de0fd1c1bc9b673e91c1482017c63d632d2fa4,1
0df7f665a15346a610cd68e42315963fb07f5f95,1
9a2ae1423fb654df6dbbaefd84b90e1b31c7f2ce,1
11576901e5c2df80172bc4b15c2a7d30d88e2f8a,1
c090ed08d59f4fd55e8f8a9b9f4f6d4884d6a30c,1
03ee0ff9703f92fe8d24a83373050e6439e50cb6,1
4f1d9632d55478d8037a46ec05849b51cb9a029b,1
f9b81d5f540a13a09c09d3191b0728d61b750758,1
3686dfa71c53ae75a6c216d81741c4b494635cf5,1
8a26912a0b6a41cf17b52d182e37868230d50e9b,1
db754364b2c5a50ec832172278ac6298dda3b188,1
e2d9711bcb5d98b605b86cb577d4a390011d38aa,1
6ac5c95133f006047c51250bc37101cfec3296cc,1
79deb61a93f9a3ebf9ed2973bad39d1f33bed18a,1
09ae002f05f0d3cc5864fe71172f02ba944b8e72,1
a264e2706e916919930048aca98556b7efedcbe2,1
a837d6a46b8a5455864679aa70c9c17a9ec53b7a,1
8b7ad231977fac519da7c80669d45ab404481e73,1
0ba1cde11669196ac94dbff585f14f938da4762c,1
b4d0a603e230701fc7ed4e8dcbfe73bdd4a0b104,1
a8cff69c2e8d79e31ac4895b1263d021893d68c3,1
5a5c34ebf0b287029c7fe1a45498e6f6e6c7bfe4,1
099ee3e941660c1569782e7fd3399c08ed2d2ad7,1
606fcb347303a978a90e3aa721ace4ec0036481e,1
5a35c8950ca6e5b7ebc638e9b962dee2f028253d,1
42a5f68b07e1612b3e179ef227a8390a6ea3a4ff,1
f766058ad1852f817e23ee3b71258a7ebc30f653,1
8db8509e50d004534182dc86a622592e6565b5ae,1
21ba4867a0440d96bdd934da36dfdea66e2c8625,1
505c8a890b23c7c0fc9efe952bd642b9b29be040,1
6a730a9b6c0a2c4d0ccf265060930dab8cb559f1,1
09d0214ae7f80ab38caafe7ebfb83366a08ab9c9,1
64eac45832153523d82ede8ebe4f83f0831c0c2b,1
0e5444526af36256735c2643c98d2dcc3d8889f8,1
02252d11752f57973bcb59e00e78fa37f5168092,1
02fb67eed5831dd611198168a56dc842fbdbec11,1
9a197994a44c9408bb20210cf7ad54855046a98b,1
de76305fdc09f5e1798446bc985f7136e57c392b,1
40e58e9dc524852793da4a3cee67569bb93b8046,1
7be3f1f915575dc6fc13dca39abf5f48eaccfe98,1
4d1846df2c0a75071457541c2c10a73212d6f994,1
df5973a00925e097403fdba1eda34fb2495533d6,1
4a80d2c76d1dd4abd88d4ee8b12cbee904732f6d,1
d1a3622dcd7b2e1a4611b14e21248b884a2d7369,1
7d784ad119875cc42160a1e9c9e8256be3726ff7,1
4e03a6132242ac434d02b9825a06268548b8f639,1
c0d2da38f9b08b27023e717ce750c3f729c2171a,1
342deab27c1693b428d2c1057a2c89d46431b088,1
7cfe82168ffe1c8bfd5be4c5458285b04b5496f8,1
194c66aea03aa55ac519eda23ce5733e9a3027c3,1
cedc71aedd3a0ab8593be834e22bab3c82558861,1
b778ca244d29c8c521bebd72492753171c2817e7,1
c8417d85661351a5c47d6fa6eacccb7440bb65fb,1
19f4714672c1591f2cc8aaa47efe55634e7e946d,1
df4c31e1076ef12640e486d9e236e2900e7bfc41,1
ad55dc4962372f29316256b7c747b978860892d0,1
5e82b41702dd4d3b2e60b7be9c2d9c6e7a8c11ba,1
6c235db56b788061736ad0df92938d05d38ddf4f,1
e62ffd989daefec77db3a32ad3324d186f0d8223,1
e0755c8570a250420e903843f23e8da1c530a663,1
ba8f2e29f2cf1d01a8dbc359b992de35f6f8a358,1
ade6190edce5289cc59735b3f782d7662faf13b4,1
8836566ae9efde6c3a680feb01482ebe47f7f635,1
91a68fa47b4a0f07b9d818976c1e4d53795eb548,1
6876f686432538c5010450c4e55ab60c513493c5,1
b4fd122438093ef7cce15a002070c1fd4650c0cc,1
0f562c7bf53a15094ce3708dc392a9197d13b9f7,1
0f619bf0df018dae2fea20b5fbe6c87d99f6c1d5,1
f9e4fbcb2e4ddd56afcbf7d5d4bc99b335494102,1
63817d49e32141b89f6e4371341323fd927e9355,1
fbf17c669189b5cc29dc8b56ac9ebceee46a31ca,1
c74c9cab366324b2a6d426aeffa39a624ed43ad3,1
9bf58cdaf2eae6294eefe1eca2ca504f0eb71c9b,1
1cf6a7da3ab681836f60b9930670cf253d058711,1
9389d04364f283591acbef34c9d26ab5c188bee7,1
3bca57aeb042a04b56b223a203b30f9752e4e77f,1
5f067476a45d3ba00f443b45f7188dafaed0b475,1
69e842603b47f757f9859db52f3978cbf4866f0b,1
77258905c94d0c5e0b16e7d87c7b57325305088e,1
013394d5744c3df491549826a8a9b54ef7fce6cb,1
7260130d4f034e818bf2825ceb3b7d29f24f4b8d,1
aaed427726adeef3fa1ffbd19484d43eca151f60,1
a4f19fcf293e4700502f6d39efb2dc71ccbccc6d,1
7c9894471bf1c7e1b12930b0ee0af14ac93b0ad6,1
0738b141ea2057c35e4d9e1dab9e3295e45abe56,1
553db0c3c198993791f96529a5054c1c4bed2c7e,1
7b34e7bdcea2bd73e361bf4328c7a3b8a710b14e,1
4ca5d24ef13ead315ac554500184fb80a4bd212f,1
d46e7b894534ef582fb4ef76e4752b054a835ee8,1
739e444df6ca5e39b658f68965ad1145a2600e73,1
7a89af190ca341f0583906386551d9c5aa853e1b,1
4a3561937d7785b76a5803018e17334e79865736,1
fac91448717f60631412d80b73f23d73b00e7d9c,1
83d6a5f2555c5e51fb2eba04f97b2aef82e3d403,1
213953f3d42ece7df07f1068769dbffa068dd8ab,1
b3d2fcdb286bbb9d7af4d6688c0c9a3f5d78ec00,1
ec8f2c64e3fc1652b6092f3040c463b4e4d5b121,1
2f88ae0528a0b0342c36d46be23654296e410f2d,1
32630b3ec8f7a40caa62c38c34a396a4e7f84a0b,1
9758331a14f9285d1580a7f271dc3fcd541c22f3,1
bea34968a720554d1e13b0004e85d380f41ede23,1
cb501f32549582124d40f5d7fda8de45299c1814,1
601d0d27f4ff98cb449933515d1ce4902c38cb79,1
288727511a45d56a7f6df178fea927e450d893ae,1
d01c30dc519da9c41bd806c8df007feac2fb5194,1
fbcc5bbdd8a99d1bc312bb1d12d172840d4aa076,1
e701b15576d5ecdbd010366875d65c629d39bf35,1
02dee2a3d90144867b798854fa650464221167c4,1
b0c1d7e8debc3fb38b5302efe66417222cd235e4,1
d32590c2478ed02f398e81ce40fc2dc781a8588d,1
ef43bcf55d737cb77e2df685a2b581423999237e,1
f9a8fe52658b7c50f06e0e15330337ea7757e647,1
0ea9f678dbf3deb28e166ae4404079657bfadb55,1
75eb41f048fe75b2da820bf0eb05d247e760781f,1
5a32794922b95389acc786d342053c16727f35dd,1
aea40680cc0df0ed775fe86d6b171c54297ec197,1
ba49ee48b95c4291925c777e5bea1f82682c1ec4,1
afee6c54718840370e950a045f413080932677f5,1
e7a052ae225317758a5f479322f7d957ab6b1192,1
604d8bcf67269364a9f1b6c0d138d65df9235361,1
46fe11e194e589cebb0c50b11ecc2e7d8bc9348d,1
e05f74edb5bac583ec0fe4313e4009eed15d1bf2,1
88427349ef4550b2075fcfc8473032db460c8a87,1
6f3f88a3fa3e5b55c531feb56708272b65b6e588,1
a3f1da9ffd15e3053dad6a9558de501485cc36ef,1
d891abc992fcd030e4f36c43387e8f74d1393f8e,1
a39877e3c9c042294c930d6de1ac25a58c8d9bb5,1
312ec5b5d3f2c6dc0f0de1e2688cf5484f10de1d,1
6653e142f4518b9d9c4add8adca83cd6f55b4ff0,1
c831f46b140c8c369d811ed7019c5d68848108ea,1
19811d08be12c3a9d07c2e71bf612a41b98eb46e,1
29e84bf5c4e5c233459c26f923456cd4b1c2ccd2,1
