Année,Origine sociale,Nombre de personnes admises,Proportion de personnes admises,Type de baccalauréat
1997,Agriculteurs exploitants,8309,78.69861716234135,baccalaureat général
1998,Agriculteurs exploitants,8356,82.60181890075128,baccalaureat général
1999,Agriculteurs exploitants,7838,82.69677147077442,baccalaureat général
2000,Agriculteurs exploitants,7712,84.40407135821386,baccalaureat général
2001,Agriculteurs exploitants,7009,83.79961740793878,baccalaureat général
2002,Agriculteurs exploitants,6884,84.3007592456527,baccalaureat général
2003,Agriculteurs exploitants,6986,87.79690838255624,baccalaureat général
2004,Agriculteurs exploitants,6921,87.1991936499937,baccalaureat général
2005,Agriculteurs exploitants,7117,88.20175982153923,baccalaureat général
2006,Agriculteurs exploitants,7108,90.29471544715447,baccalaureat général
2007,Agriculteurs exploitants,6879,90.89587737843551,baccalaureat général
2008,Agriculteurs exploitants,6518,92.29679977343528,baccalaureat général
2009,Agriculteurs exploitants,6651,93.20347533632287,baccalaureat général
2010,Agriculteurs exploitants,6256,91.905391508741,baccalaureat général
2011,Agriculteurs exploitants,5907,92.39793524167058,baccalaureat général
2012,Agriculteurs exploitants,6121,93.59327217125383,baccalaureat général
2013,Agriculteurs exploitants,6169,95.80680229849355,baccalaureat général
2014,Agriculteurs exploitants,5940,94.90333919156414,baccalaureat général
2015,Agriculteurs exploitants,6049,95.19987409505823,baccalaureat général
2016,Agriculteurs exploitants,5974,95.59929588734198,baccalaureat général
2017,Agriculteurs exploitants,5658,94.3,baccalaureat général
2018,Agriculteurs exploitants,5955,94.79465138490926,baccalaureat général
2019,Agriculteurs exploitants,5283,94.50805008944543,baccalaureat général
2020,Agriculteurs exploitants,4191,98.7977369165488,baccalaureat général
2021,Agriculteurs exploitants,4859,99.00162999185004,baccalaureat général
2022,Agriculteurs exploitants,4506,98.29842931937172,baccalaureat général
2023,Agriculteurs exploitants,4282,98.00869764248112,baccalaureat général
2024,Agriculteurs exploitants,3912,98.19277108433735,baccalaureat général
1997,"Artisans, commerçants, chefs d'entreprise",26253,74.59934075926347,baccalaureat général
1998,"Artisans, commerçants, chefs d'entreprise",26226,77.5,baccalaureat général
1999,"Artisans, commerçants, chefs d'entreprise",25140,77.10000920047842,baccalaureat général
2000,"Artisans, commerçants, chefs d'entreprise",24998,79.00009480769839,baccalaureat général
2001,"Artisans, commerçants, chefs d'entreprise",23695,78.29951754675831,baccalaureat général
2002,"Artisans, commerçants, chefs d'entreprise",23046,79.4991203559971,baccalaureat général
2003,"Artisans, commerçants, chefs d'entreprise",23553,82.9009890535356,baccalaureat général
2004,"Artisans, commerçants, chefs d'entreprise",22624,82.0007249003262,baccalaureat général
2005,"Artisans, commerçants, chefs d'entreprise",23577,83.90092879256966,baccalaureat général
2006,"Artisans, commerçants, chefs d'entreprise",25320,86.49904345449576,baccalaureat général
2007,"Artisans, commerçants, chefs d'entreprise",24931,87.80066913188942,baccalaureat général
2008,"Artisans, commerçants, chefs d'entreprise",25352,88.10119544064499,baccalaureat général
2009,"Artisans, commerçants, chefs d'entreprise",26016,89.19975313721457,baccalaureat général
2010,"Artisans, commerçants, chefs d'entreprise",25823,87.39930955120829,baccalaureat général
2011,"Artisans, commerçants, chefs d'entreprise",26175,88.59966828013404,baccalaureat général
2012,"Artisans, commerçants, chefs d'entreprise",27411,89.80146769754947,baccalaureat général
2013,"Artisans, commerçants, chefs d'entreprise",28508,92.10092721222499,baccalaureat général
2014,"Artisans, commerçants, chefs d'entreprise",29028,91.09967361285463,baccalaureat général
2015,"Artisans, commerçants, chefs d'entreprise",30011,91.99901903681678,baccalaureat général
2016,"Artisans, commerçants, chefs d'entreprise",30590,91.9004987081656,baccalaureat général
2017,"Artisans, commerçants, chefs d'entreprise",31137,90.90033280784726,baccalaureat général
2018,"Artisans, commerçants, chefs d'entreprise",33536,91.19982595453062,baccalaureat général
2019,"Artisans, commerçants, chefs d'entreprise",31860,91.39939181823398,baccalaureat général
2020,"Artisans, commerçants, chefs d'entreprise",30288,97.89902385415994,baccalaureat général
2021,"Artisans, commerçants, chefs d'entreprise",31429,97.90050774070959,baccalaureat général
2022,"Artisans, commerçants, chefs d'entreprise",29820,96.29916682813408,baccalaureat général
2023,"Artisans, commerçants, chefs d'entreprise",29654,95.99870508255098,baccalaureat général
2024,"Artisans, commerçants, chefs d'entreprise",29309,96.30031214062757,baccalaureat général
1997,Autres personnes sans activité professionnelle,8844,66.40138148509648,baccalaureat général
1998,Autres personnes sans activité professionnelle,9168,69.30229042255651,baccalaureat général
1999,Autres personnes sans activité professionnelle,8799,68.69925046845721,baccalaureat général
2000,Autres personnes sans activité professionnelle,9470,70.49802724633365,baccalaureat général
2001,Autres personnes sans activité professionnelle,8945,69.2016091598329,baccalaureat général
2002,Autres personnes sans activité professionnelle,9772,71.00196178158832,baccalaureat général
2003,Autres personnes sans activité professionnelle,11932,75.89847974047453,baccalaureat général
2004,Autres personnes sans activité professionnelle,12765,72.00067685712675,baccalaureat général
2005,Autres personnes sans activité professionnelle,14708,74.8994245556857,baccalaureat général
2006,Autres personnes sans activité professionnelle,16072,78.00048531909731,baccalaureat général
2007,Autres personnes sans activité professionnelle,17278,79.3005324031577,baccalaureat général
2008,Autres personnes sans activité professionnelle,18022,79.50063964003705,baccalaureat général
2009,Autres personnes sans activité professionnelle,18241,80.49867608120036,baccalaureat général
2010,Autres personnes sans activité professionnelle,16847,78.10022715683093,baccalaureat général
2011,Autres personnes sans activité professionnelle,18442,79.70093781062276,baccalaureat général
2012,Autres personnes sans activité professionnelle,18993,80.0008424244977,baccalaureat général
2013,Autres personnes sans activité professionnelle,19895,84.20094802776367,baccalaureat général
2014,Autres personnes sans activité professionnelle,20116,82.39872199238111,baccalaureat général
2015,Autres personnes sans activité professionnelle,22398,83.40035746201966,baccalaureat général
2016,Autres personnes sans activité professionnelle,23323,83.49921237290563,baccalaureat général
2017,Autres personnes sans activité professionnelle,24554,82.3987382126917,baccalaureat général
2018,Autres personnes sans activité professionnelle,26971,83.49896288040618,baccalaureat général
2019,Autres personnes sans activité professionnelle,31747,83.80054904445149,baccalaureat général
2020,Autres personnes sans activité professionnelle,46173,94.90072758663214,baccalaureat général
2021,Autres personnes sans activité professionnelle,22559,92.99995877478666,baccalaureat général
2022,Autres personnes sans activité professionnelle,23012,89.70141108599049,baccalaureat général
2023,Autres personnes sans activité professionnelle,24894,87.70125066056015,baccalaureat général
2024,Autres personnes sans activité professionnelle,25028,89.29960395333072,baccalaureat général
1997,"Cadres, professions intellectuelles supérieures",111616,83.12554925004096,baccalaureat général
1998,"Cadres, professions intellectuelles supérieures",114231,84.95158627459729,baccalaureat général
1999,"Cadres, professions intellectuelles supérieures",110709,84.01557235224479,baccalaureat général
2000,"Cadres, professions intellectuelles supérieures",110532,85.33576270401309,baccalaureat général
2001,"Cadres, professions intellectuelles supérieures",105272,84.95089613544113,baccalaureat général
2002,"Cadres, professions intellectuelles supérieures",104228,86.07837469546186,baccalaureat général
2003,"Cadres, professions intellectuelles supérieures",106243,88.81411756838092,baccalaureat général
2004,"Cadres, professions intellectuelles supérieures",103360,88.53711603364684,baccalaureat général
2005,"Cadres, professions intellectuelles supérieures",107475,89.56697834891744,baccalaureat général
2006,"Cadres, professions intellectuelles supérieures",112797,91.87593161251435,baccalaureat général
2007,"Cadres, professions intellectuelles supérieures",111618,92.62520227376457,baccalaureat général
2008,"Cadres, professions intellectuelles supérieures",110993,92.81127184547204,baccalaureat général
2009,"Cadres, professions intellectuelles supérieures",114039,93.52211779756925,baccalaureat général
2010,"Cadres, professions intellectuelles supérieures",112278,92.45705627563036,baccalaureat général
2011,"Cadres, professions intellectuelles supérieures",113587,93.08502356074575,baccalaureat général
2012,"Cadres, professions intellectuelles supérieures",117416,94.18446087946994,baccalaureat général
2013,"Cadres, professions intellectuelles supérieures",119873,95.56202168367346,baccalaureat général
2014,"Cadres, professions intellectuelles supérieures",122174,95.05041389182797,baccalaureat général
2015,"Cadres, professions intellectuelles supérieures",126218,95.47648224632748,baccalaureat général
2016,"Cadres, professions intellectuelles supérieures",129446,95.29229025110239,baccalaureat général
2017,"Cadres, professions intellectuelles supérieures",133611,94.78175743259061,baccalaureat général
2018,"Cadres, professions intellectuelles supérieures",140138,95.19468521587915,baccalaureat général
2019,"Cadres, professions intellectuelles supérieures",136324,95.38082644165512,baccalaureat général
2020,"Cadres, professions intellectuelles supérieures",136862,98.92875730064188,baccalaureat général
2021,"Cadres, professions intellectuelles supérieures",142206,98.91421536235714,baccalaureat général
2022,"Cadres, professions intellectuelles supérieures",141435,98.14105499812648,baccalaureat général
2023,"Cadres, professions intellectuelles supérieures",145238,98.06818412008184,baccalaureat général
2024,"Cadres, professions intellectuelles supérieures",148642,98.2815506377239,baccalaureat général
1997,Employés,36083,73.89968664878039,baccalaureat général
1998,Employés,37362,76.90027786353814,baccalaureat général
1999,Employés,36760,76.20074210733608,baccalaureat général
2000,Employés,38053,77.29950434711952,baccalaureat général
2001,Employés,36790,77.1004044680093,baccalaureat général
2002,Employés,37115,77.90068004365712,baccalaureat général
2003,Employés,39379,81.20051138238205,baccalaureat général
2004,Employés,38052,79.80035231943629,baccalaureat général
2005,Employés,39090,81.8004896729236,baccalaureat général
2006,Employés,40176,84.30064207478283,baccalaureat général
2007,Employés,40340,86.2002649685884,baccalaureat général
2008,Employés,40057,85.99982824509425,baccalaureat général
2009,Employés,41782,87.00052056220719,baccalaureat général
2010,Employés,41207,85.09974804840775,baccalaureat général
2011,Employés,42120,86.49936337125725,baccalaureat général
2012,Employés,44506,88.0,baccalaureat général
2013,Employés,48646,90.89991778159802,baccalaureat général
2014,Employés,48811,89.80038634900193,baccalaureat général
2015,Employés,51545,90.09945987519447,baccalaureat général
2016,Employés,54882,90.40026354801516,baccalaureat général
2017,Employés,58830,89.60065795485698,baccalaureat général
2018,Employés,61543,89.60050082986344,baccalaureat général
2019,Employés,63279,89.79948060794415,baccalaureat général
2020,Employés,75889,97.6001543309112,baccalaureat général
2021,Employés,72624,97.3003389648843,baccalaureat général
2022,Employés,70900,95.60023192157814,baccalaureat général
2023,Employés,73324,95.00019434331394,baccalaureat général
2024,Employés,74036,95.39984021853981,baccalaureat général
1997,Ensemble,293150,77.16809034313016,baccalaureat général
1998,Ensemble,299466,79.67869477067491,baccalaureat général
1999,Ensemble,289490,78.87903434558112,baccalaureat général
2000,Ensemble,294020,80.35682562935065,baccalaureat général
2001,Ensemble,280345,79.88857859341161,baccalaureat général
2002,Ensemble,278709,80.77070207672824,baccalaureat général
2003,Ensemble,288937,84.08668928868686,baccalaureat général
2004,Ensemble,280596,82.92236039529055,baccalaureat général
2005,Ensemble,292145,84.43545916450384,baccalaureat général
2006,Ensemble,302868,86.91265345477711,baccalaureat général
2007,Ensemble,301068,88.05243347108525,baccalaureat général
2008,Ensemble,298670,88.26597709641669,baccalaureat général
2009,Ensemble,305904,89.21553187393914,baccalaureat général
2010,Ensemble,298329,87.59516937432652,baccalaureat général
2011,Ensemble,302330,88.55828068109587,baccalaureat général
2012,Ensemble,312748,89.8693402068373,baccalaureat général
2013,Ensemble,325142,92.17506180119294,baccalaureat général
2014,Ensemble,325916,91.2293666322369,baccalaureat général
2015,Ensemble,338121,91.74383867545428,baccalaureat général
2016,Ensemble,349108,91.70184318845072,baccalaureat général
2017,Ensemble,360981,90.86220436765639,baccalaureat général
2018,Ensemble,383478,91.27603360864494,baccalaureat général
2019,Ensemble,380426,91.34250377566431,baccalaureat général
2020,Ensemble,411996,97.65831111111112,baccalaureat général
2021,Ensemble,398470,97.63047574245175,baccalaureat général
2022,Ensemble,390665,96.13789777019828,baccalaureat général
2023,Ensemble,400030,95.65541763610148,baccalaureat général
2024,Ensemble,402972,96.11024587329261,baccalaureat général
1997,Indéterminé,4326,61.89726713406782,baccalaureat général
1998,Indéterminé,4338,64.2952423299244,baccalaureat général
1999,Indéterminé,4468,63.50198976691302,baccalaureat général
2000,Indéterminé,5007,66.50285562491699,baccalaureat général
2001,Indéterminé,5024,68.19600923035156,baccalaureat général
2002,Indéterminé,4740,68.29971181556196,baccalaureat général
2003,Indéterminé,5269,73.70261575045461,baccalaureat général
2004,Indéterminé,5382,70.50039297877915,baccalaureat général
2005,Indéterminé,5984,71.89715246906164,baccalaureat général
2006,Indéterminé,6365,74.80314960629921,baccalaureat général
2007,Indéterminé,7259,76.79856115107914,baccalaureat général
2008,Indéterminé,7435,77.10256144353417,baccalaureat général
2009,Indéterminé,7487,78.3979057591623,baccalaureat général
2010,Indéterminé,7631,75.80212575742524,baccalaureat général
2011,Indéterminé,7862,76.59781761496492,baccalaureat général
2012,Indéterminé,8355,78.39917425166557,baccalaureat général
2013,Indéterminé,9390,83.001856271546,baccalaureat général
2014,Indéterminé,8777,80.70062522986392,baccalaureat général
2015,Indéterminé,9620,82.60346900223253,baccalaureat général
2016,Indéterminé,9344,82.20286795108647,baccalaureat général
2017,Indéterminé,9688,81.50079919239505,baccalaureat général
2018,Indéterminé,11632,82.80182232346242,baccalaureat général
2019,Indéterminé,9485,79.1009924109749,baccalaureat général
2020,Indéterminé,14036,93.49853450572876,baccalaureat général
2021,Indéterminé,12206,93.59711678552259,baccalaureat général
2022,Indéterminé,11720,90.5019305019305,baccalaureat général
2023,Indéterminé,11707,88.70283376269131,baccalaureat général
2024,Indéterminé,11613,90.59915743485723,baccalaureat général
1997,Ouvriers,33038,70.39996590594302,baccalaureat général
1998,Ouvriers,33672,73.6,baccalaureat général
1999,Ouvriers,31987,72.60037676751628,baccalaureat général
2000,Ouvriers,32880,74.19944485816804,baccalaureat général
2001,Ouvriers,31723,73.59983295438727,baccalaureat général
2002,Ouvriers,32118,74.10022148394242,baccalaureat général
2003,Ouvriers,33764,78.20085232536594,baccalaureat général
2004,Ouvriers,32783,76.69973328342147,baccalaureat général
2005,Ouvriers,33432,78.09937627023618,baccalaureat général
2006,Ouvriers,33898,81.09957414230345,baccalaureat général
2007,Ouvriers,33259,82.60027319011549,baccalaureat général
2008,Ouvriers,32222,82.89896832951709,baccalaureat général
2009,Ouvriers,33123,84.20102699679698,baccalaureat général
2010,Ouvriers,31466,81.79998440221489,baccalaureat général
2011,Ouvriers,32051,83.50093789078782,baccalaureat général
2012,Ouvriers,32633,85.50056331385753,baccalaureat général
2013,Ouvriers,34269,88.69936585997152,baccalaureat général
2014,Ouvriers,33708,87.19991721854305,baccalaureat général
2015,Ouvriers,34069,87.70046593044508,baccalaureat général
2016,Ouvriers,35666,88.199218556803,baccalaureat général
2017,Ouvriers,36286,86.70075504157508,baccalaureat général
2018,Ouvriers,40055,87.39908356971416,baccalaureat général
2019,Ouvriers,37304,88.29976092977016,baccalaureat général
2020,Ouvriers,33465,96.70008957725315,baccalaureat général
2021,Ouvriers,39741,96.59941662615459,baccalaureat général
2022,Ouvriers,36419,94.10108004754277,baccalaureat général
2023,Ouvriers,35609,93.40065573770492,baccalaureat général
2024,Ouvriers,33534,93.69918131269384,baccalaureat général
1997,Professions intermédiaires,59031,77.9781247523183,baccalaureat général
1998,Professions intermédiaires,60141,80.26505445227419,baccalaureat général
1999,Professions intermédiaires,57835,79.3314404071163,baccalaureat général
2000,Professions intermédiaires,59527,81.21452739576512,baccalaureat général
2001,Professions intermédiaires,56546,80.74078304823371,baccalaureat général
2002,Professions intermédiaires,55881,81.4912574920158,baccalaureat général
2003,Professions intermédiaires,56979,85.01663657659539,baccalaureat général
2004,Professions intermédiaires,54209,83.94214837640719,baccalaureat général
2005,Professions intermédiaires,55746,85.67871634083365,baccalaureat général
2006,Professions intermédiaires,56028,87.83607945192594,baccalaureat général
2007,Professions intermédiaires,54209,89.06139615883812,baccalaureat général
2008,Professions intermédiaires,52717,89.46305535756711,baccalaureat général
2009,Professions intermédiaires,53017,90.34165459657494,baccalaureat général
2010,Professions intermédiaires,51478,88.85321734327533,baccalaureat général
2011,Professions intermédiaires,50809,89.68457098476692,baccalaureat général
2012,Professions intermédiaires,51884,91.15089334340577,baccalaureat général
2013,Professions intermédiaires,52941,93.17809810444058,baccalaureat général
2014,Professions intermédiaires,52218,92.36238856657705,baccalaureat général
2015,Professions intermédiaires,53148,92.89821887399276,baccalaureat général
2016,Professions intermédiaires,54773,92.57356296584244,baccalaureat général
2017,Professions intermédiaires,56146,91.74033104034248,baccalaureat général
2018,Professions intermédiaires,58573,92.4447601010101,baccalaureat général
2019,Professions intermédiaires,59758,92.4559829192066,baccalaureat général
2020,Professions intermédiaires,66608,98.37247083148722,baccalaureat général
2021,Professions intermédiaires,67968,98.16007625429653,baccalaureat général
2022,Professions intermédiaires,68446,96.98747378563736,baccalaureat général
2023,Professions intermédiaires,70996,96.81316733257879,baccalaureat général
2024,Professions intermédiaires,72782,97.03361019638167,baccalaureat général
1997,Retraités,5650,69.79617047560222,baccalaureat général
1998,Retraités,5972,72.99841095220633,baccalaureat général
1999,Retraités,5954,73.497099123565,baccalaureat général
2000,Retraités,5841,75.0,baccalaureat général
2001,Retraités,5341,73.90341773903418,baccalaureat général
2002,Retraités,4925,75.09911558401951,baccalaureat général
2003,Retraités,4832,79.69651987464951,baccalaureat général
2004,Retraités,4500,78.30172263789804,baccalaureat général
2005,Retraités,5016,80.6949806949807,baccalaureat général
2006,Retraités,5104,82.29603353756853,baccalaureat général
2007,Retraités,5295,84.3018627607069,baccalaureat général
2008,Retraités,5354,85.4998403066113,baccalaureat général
2009,Retraités,5548,86.9047619047619,baccalaureat général
2010,Retraités,5343,84.50102799304128,baccalaureat général
2011,Retraités,5377,85.40343074968234,baccalaureat général
2012,Retraités,5429,87.39536381197682,baccalaureat général
2013,Retraités,5451,90.80459770114942,baccalaureat général
2014,Retraités,5144,89.39867917970108,baccalaureat général
2015,Retraités,5063,90.29784198323524,baccalaureat général
2016,Retraités,5110,89.50779471010685,baccalaureat général
2017,Retraités,5071,89.49876456053653,baccalaureat général
2018,Retraités,5075,89.99822663592836,baccalaureat général
2019,Retraités,5386,91.50526673462453,baccalaureat général
2020,Retraités,4484,97.20355517017126,baccalaureat général
2021,Retraités,4878,96.70896114195084,baccalaureat général
2022,Retraités,4407,94.6927374301676,baccalaureat général
2023,Retraités,4326,93.69720597790773,baccalaureat général
2024,Retraités,4116,94.10150891632374,baccalaureat général
1997,Agriculteurs exploitants,4980,83.79606259464917,baccalauréat technologique
1998,Agriculteurs exploitants,5390,83.79975124378109,baccalauréat technologique
1999,Agriculteurs exploitants,5502,83.5028077098194,baccalauréat technologique
2000,Agriculteurs exploitants,5454,85.20543665052335,baccalauréat technologique
2001,Agriculteurs exploitants,5200,85.59670781893004,baccalauréat technologique
2002,Agriculteurs exploitants,4965,85.1045594789167,baccalauréat technologique
2003,Agriculteurs exploitants,4770,84.8,baccalauréat technologique
2004,Agriculteurs exploitants,4643,85.50644567219153,baccalauréat technologique
2005,Agriculteurs exploitants,4513,85.8964598401218,baccalauréat technologique
2006,Agriculteurs exploitants,4380,85.69751516337311,baccalauréat technologique
2007,Agriculteurs exploitants,2852,87.00427089688834,baccalauréat technologique
2008,Agriculteurs exploitants,2840,89.11201757138375,baccalauréat technologique
2009,Agriculteurs exploitants,2592,87.68606224627875,baccalauréat technologique
2010,Agriculteurs exploitants,2612,89.51336531871145,baccalauréat technologique
2011,Agriculteurs exploitants,2363,90.6058282208589,baccalauréat technologique
2012,Agriculteurs exploitants,2153,91.50021249468763,baccalauréat technologique
2013,Agriculteurs exploitants,2102,93.09123117803365,baccalauréat technologique
2014,Agriculteurs exploitants,2033,96.07750472589792,baccalauréat technologique
2015,Agriculteurs exploitants,1807,94.90546218487395,baccalauréat technologique
2016,Agriculteurs exploitants,1718,95.02212389380531,baccalauréat technologique
2017,Agriculteurs exploitants,1674,94.79048697621744,baccalauréat technologique
2018,Agriculteurs exploitants,1765,94.994617868676,baccalauréat technologique
2019,Agriculteurs exploitants,1528,93.91518131530424,baccalauréat technologique
2020,Agriculteurs exploitants,1166,97.41019214703425,baccalauréat technologique
2021,Agriculteurs exploitants,1336,97.58948137326516,baccalauréat technologique
2022,Agriculteurs exploitants,1291,96.12807148175726,baccalauréat technologique
2023,Agriculteurs exploitants,1235,95.73643410852713,baccalauréat technologique
2024,Agriculteurs exploitants,1206,96.09561752988049,baccalauréat technologique
1997,"Artisans, commerçants, chefs d'entreprise",14119,79.09803921568627,baccalauréat technologique
1998,"Artisans, commerçants, chefs d'entreprise",14619,80.90204759269507,baccalauréat technologique
1999,"Artisans, commerçants, chefs d'entreprise",14906,80.29952055163497,baccalauréat technologique
2000,"Artisans, commerçants, chefs d'entreprise",15078,80.89923811567765,baccalauréat technologique
2001,"Artisans, commerçants, chefs d'entreprise",14081,79.29830489384469,baccalauréat technologique
2002,"Artisans, commerçants, chefs d'entreprise",13145,78.2021536081861,baccalauréat technologique
2003,"Artisans, commerçants, chefs d'entreprise",13103,78.70142350891946,baccalauréat technologique
2004,"Artisans, commerçants, chefs d'entreprise",12742,79.000558001116,baccalauréat technologique
2005,"Artisans, commerçants, chefs d'entreprise",12433,78.6003287394108,baccalauréat technologique
2006,"Artisans, commerçants, chefs d'entreprise",12878,79.89825040327584,baccalauréat technologique
2007,"Artisans, commerçants, chefs d'entreprise",12046,82.1972023200273,baccalauréat technologique
2008,"Artisans, commerçants, chefs d'entreprise",12160,83.40192043895748,baccalauréat technologique
2009,"Artisans, commerçants, chefs d'entreprise",11954,82.29948364888124,baccalauréat technologique
2010,"Artisans, commerçants, chefs d'entreprise",12295,84.50171821305842,baccalauréat technologique
2011,"Artisans, commerçants, chefs d'entreprise",11821,85.09826506371031,baccalauréat technologique
2012,"Artisans, commerçants, chefs d'entreprise",11525,85.802561048243,baccalauréat technologique
2013,"Artisans, commerçants, chefs d'entreprise",11492,88.70021611608522,baccalauréat technologique
2014,"Artisans, commerçants, chefs d'entreprise",12240,92.69918206604059,baccalauréat technologique
2015,"Artisans, commerçants, chefs d'entreprise",11823,92.00062251964827,baccalauréat technologique
2016,"Artisans, commerçants, chefs d'entreprise",11647,92.50258120879994,baccalauréat technologique
2017,"Artisans, commerçants, chefs d'entreprise",11734,91.60031225604996,baccalauréat technologique
2018,"Artisans, commerçants, chefs d'entreprise",12887,90.30201107140354,baccalauréat technologique
2019,"Artisans, commerçants, chefs d'entreprise",12049,89.2981545986808,baccalauréat technologique
2020,"Artisans, commerçants, chefs d'entreprise",11086,95.80020739716558,baccalauréat technologique
2021,"Artisans, commerçants, chefs d'entreprise",11264,95.19945909398243,baccalauréat technologique
2022,"Artisans, commerçants, chefs d'entreprise",10404,91.99752409585287,baccalauréat technologique
2023,"Artisans, commerçants, chefs d'entreprise",10384,91.3039655324013,baccalauréat technologique
2024,"Artisans, commerçants, chefs d'entreprise",10677,90.79853729058594,baccalauréat technologique
1997,Autres personnes sans activité professionnelle,8679,71.19770303527481,baccalauréat technologique
1998,Autres personnes sans activité professionnelle,9388,73.09818578213813,baccalauréat technologique
1999,Autres personnes sans activité professionnelle,9291,71.50223179929198,baccalauréat technologique
2000,Autres personnes sans activité professionnelle,9474,73.00046232085067,baccalauréat technologique
2001,Autres personnes sans activité professionnelle,9144,70.90020935101187,baccalauréat technologique
2002,Autres personnes sans activité professionnelle,9379,70.10239928245758,baccalauréat technologique
2003,Autres personnes sans activité professionnelle,10496,71.40136054421768,baccalauréat technologique
2004,Autres personnes sans activité professionnelle,11252,69.29851573566546,baccalauréat technologique
2005,Autres personnes sans activité professionnelle,11938,69.49991267392443,baccalauréat technologique
2006,Autres personnes sans activité professionnelle,12657,71.39955999323067,baccalauréat technologique
2007,Autres personnes sans activité professionnelle,12673,72.59967919340055,baccalauréat technologique
2008,Autres personnes sans activité professionnelle,13212,73.49799732977303,baccalauréat technologique
2009,Autres personnes sans activité professionnelle,12175,73.40085609212034,baccalauréat technologique
2010,Autres personnes sans activité professionnelle,12648,74.8978504174809,baccalauréat technologique
2011,Autres personnes sans activité professionnelle,12518,75.4005541501024,baccalauréat technologique
2012,Autres personnes sans activité professionnelle,12743,76.20044250433534,baccalauréat technologique
2013,Autres personnes sans activité professionnelle,13162,80.20230333313022,baccalauréat technologique
2014,Autres personnes sans activité professionnelle,14298,85.80172827652424,baccalauréat technologique
2015,Autres personnes sans activité professionnelle,13987,85.40114788130418,baccalauréat technologique
2016,Autres personnes sans activité professionnelle,14726,85.20018514232817,baccalauréat technologique
2017,Autres personnes sans activité professionnelle,15196,85.19847499439337,baccalauréat technologique
2018,Autres personnes sans activité professionnelle,16404,83.2986340323973,baccalauréat technologique
2019,Autres personnes sans activité professionnelle,18736,82.7013904215405,baccalauréat technologique
2020,Autres personnes sans activité professionnelle,25792,91.79954441913439,baccalauréat technologique
2021,Autres personnes sans activité professionnelle,13263,87.79954984774263,baccalauréat technologique
2022,Autres personnes sans activité professionnelle,13818,83.10079384171277,baccalauréat technologique
2023,Autres personnes sans activité professionnelle,14592,82.0005619556055,baccalauréat technologique
2024,Autres personnes sans activité professionnelle,14786,82.89975330791657,baccalauréat technologique
1997,"Cadres, professions intellectuelles supérieures",21858,81.38963360142985,baccalauréat technologique
1998,"Cadres, professions intellectuelles supérieures",23183,82.63116623895067,baccalauréat technologique
1999,"Cadres, professions intellectuelles supérieures",24647,81.60988046753418,baccalauréat technologique
2000,"Cadres, professions intellectuelles supérieures",24827,81.69194827416011,baccalauréat technologique
2001,"Cadres, professions intellectuelles supérieures",23884,80.88046054859466,baccalauréat technologique
2002,"Cadres, professions intellectuelles supérieures",22398,80.14455934447346,baccalauréat technologique
2003,"Cadres, professions intellectuelles supérieures",22530,80.5534699131181,baccalauréat technologique
2004,"Cadres, professions intellectuelles supérieures",22436,81.54097764855533,baccalauréat technologique
2005,"Cadres, professions intellectuelles supérieures",22507,80.98956459157971,baccalauréat technologique
2006,"Cadres, professions intellectuelles supérieures",22740,81.34210902847332,baccalauréat technologique
2007,"Cadres, professions intellectuelles supérieures",22265,84.44908021998862,baccalauréat technologique
2008,"Cadres, professions intellectuelles supérieures",21931,85.29148679656205,baccalauréat technologique
2009,"Cadres, professions intellectuelles supérieures",21552,85.08152066637717,baccalauréat technologique
2010,"Cadres, professions intellectuelles supérieures",21514,86.40160642570281,baccalauréat technologique
2011,"Cadres, professions intellectuelles supérieures",20993,86.83045870041775,baccalauréat technologique
2012,"Cadres, professions intellectuelles supérieures",20617,88.38256098083765,baccalauréat technologique
2013,"Cadres, professions intellectuelles supérieures",20897,90.89208820842939,baccalauréat technologique
2014,"Cadres, professions intellectuelles supérieures",21536,94.0190343141535,baccalauréat technologique
2015,"Cadres, professions intellectuelles supérieures",21868,93.82186373777243,baccalauréat technologique
2016,"Cadres, professions intellectuelles supérieures",21946,93.78231699500022,baccalauréat technologique
2017,"Cadres, professions intellectuelles supérieures",22355,93.53165139533911,baccalauréat technologique
2018,"Cadres, professions intellectuelles supérieures",24164,92.69958184677945,baccalauréat technologique
2019,"Cadres, professions intellectuelles supérieures",23503,92.32068504988608,baccalauréat technologique
2020,"Cadres, professions intellectuelles supérieures",23175,96.92191878215047,baccalauréat technologique
2021,"Cadres, professions intellectuelles supérieures",23096,96.76959818996941,baccalauréat technologique
2022,"Cadres, professions intellectuelles supérieures",22421,94.20192428889543,baccalauréat technologique
2023,"Cadres, professions intellectuelles supérieures",23124,93.93890152746181,baccalauréat technologique
2024,"Cadres, professions intellectuelles supérieures",25299,94.67834287638935,baccalauréat technologique
1997,Employés,23852,78.40120961114945,baccalauréat technologique
1998,Employés,26097,80.30093233637957,baccalauréat technologique
1999,Employés,26765,78.60037589568894,baccalauréat technologique
2000,Employés,28598,79.70012819798228,baccalauréat technologique
2001,Employés,27924,78.89918625678119,baccalauréat technologique
2002,Employés,26947,77.30063109581182,baccalauréat technologique
2003,Employés,27413,77.10026719167487,baccalauréat technologique
2004,Employés,27552,76.9996087418255,baccalauréat technologique
2005,Employés,26569,76.60083609629523,baccalauréat technologique
2006,Employés,26496,77.39900096398212,baccalauréat technologique
2007,Employés,24309,80.00065819785428,baccalauréat technologique
2008,Employés,24618,80.90042720999014,baccalauréat technologique
2009,Employés,24500,80.49942500410711,baccalauréat technologique
2010,Employés,24897,81.69915337664895,baccalauréat technologique
2011,Employés,24578,82.49865735767992,baccalauréat technologique
2012,Employés,23705,84.09905275481604,baccalauréat technologique
2013,Employés,24260,87.20031630782502,baccalauréat technologique
2014,Employés,25406,91.80126467931346,baccalauréat technologique
2015,Employés,24727,91.3008160100432,baccalauréat technologique
2016,Employés,25517,91.29843643779742,baccalauréat technologique
2017,Employés,26753,90.90075090890558,baccalauréat technologique
2018,Employés,28315,89.59875957217898,baccalauréat technologique
2019,Employés,29238,88.39909297052154,baccalauréat technologique
2020,Employés,35834,95.1993836508063,baccalauréat technologique
2021,Employés,32564,94.39935064935065,baccalauréat technologique
2022,Employés,32004,90.8997955010225,baccalauréat technologique
2023,Employés,32653,89.60019756880608,baccalauréat technologique
2024,Employés,35019,90.199361219864,baccalauréat technologique
1997,Ensemble,139716,77.74006521182716,baccalauréat technologique
1998,Ensemble,148665,79.60088454351236,baccalauréat technologique
1999,Ensemble,153172,78.61908965857063,baccalauréat technologique
2000,Ensemble,156793,79.22759749775142,baccalauréat technologique
2001,Ensemble,151665,78.12226354448897,baccalauréat technologique
2002,Ensemble,145402,76.89809819974191,baccalauréat technologique
2003,Ensemble,146302,76.775977791422,baccalauréat technologique
2004,Ensemble,146835,77.03789591869928,baccalauréat technologique
2005,Ensemble,144246,76.29116796158098,baccalauréat technologique
2006,Ensemble,144125,77.41247623242273,baccalauréat technologique
2007,Ensemble,140809,79.39028997028693,baccalauréat technologique
2008,Ensemble,138937,80.42662807525326,baccalauréat technologique
2009,Ensemble,134554,79.94510064881051,baccalauréat technologique
2010,Ensemble,136343,81.67626144934134,baccalauréat technologique
2011,Ensemble,132352,82.4094195002584,baccalauréat technologique
2012,Ensemble,127887,83.28470765984605,baccalauréat technologique
2013,Ensemble,127694,86.55166570644253,baccalauréat technologique
2014,Ensemble,132183,90.78814519729386,baccalauréat technologique
2015,Ensemble,128242,90.7721600520955,baccalauréat technologique
2016,Ensemble,129648,90.78800865528035,baccalauréat technologique
2017,Ensemble,131703,90.45349340329525,baccalauréat technologique
2018,Ensemble,142014,88.8770675962375,baccalauréat technologique
2019,Ensemble,141733,88.05643743360028,baccalauréat technologique
2020,Ensemble,153959,94.83387333226565,baccalauréat technologique
2021,Ensemble,139929,93.98714409494832,baccalauréat technologique
2022,Ensemble,135596,90.53736445702687,baccalauréat technologique
2023,Ensemble,137603,89.61153983914558,baccalauréat technologique
2024,Ensemble,143886,90.16430424483964,baccalauréat technologique
1997,Indéterminé,4334,66.9964445818519,baccalauréat technologique
1998,Indéterminé,4322,72.39530988274707,baccalauréat technologique
1999,Indéterminé,4134,69.99661361327463,baccalauréat technologique
2000,Indéterminé,4287,69.79811136437642,baccalauréat technologique
2001,Indéterminé,4185,67.69653833710773,baccalauréat technologique
2002,Indéterminé,4166,67.2043878044846,baccalauréat technologique
2003,Indéterminé,3963,67.60491299897646,baccalauréat technologique
2004,Indéterminé,4337,69.20376575714057,baccalauréat technologique
2005,Indéterminé,4891,66.49898028552005,baccalauréat technologique
2006,Indéterminé,4866,67.9988820570151,baccalauréat technologique
2007,Indéterminé,10897,72.40050494983721,baccalauréat technologique
2008,Indéterminé,9995,73.90018484288355,baccalauréat technologique
2009,Indéterminé,10043,73.19970845481049,baccalauréat technologique
2010,Indéterminé,10520,74.29903241754361,baccalauréat technologique
2011,Indéterminé,10671,77.29808040565013,baccalauréat technologique
2012,Indéterminé,9864,75.29770992366412,baccalauréat technologique
2013,Indéterminé,10238,79.19857662257292,baccalauréat technologique
2014,Indéterminé,10374,83.60061245869933,baccalauréat technologique
2015,Indéterminé,10509,85.6968115469298,baccalauréat technologique
2016,Indéterminé,10534,86.5002463458696,baccalauréat technologique
2017,Indéterminé,10313,86.30125523012552,baccalauréat technologique
2018,Indéterminé,11829,85.99781897491822,baccalauréat technologique
2019,Indéterminé,10569,83.20081870424309,baccalauréat technologique
2020,Indéterminé,13530,93.80199667221298,baccalauréat technologique
2021,Indéterminé,11029,92.20030095301789,baccalauréat technologique
2022,Indéterminé,10823,89.20300008241985,baccalauréat technologique
2023,Indéterminé,11158,88.59774495791646,baccalauréat technologique
2024,Indéterminé,11302,89.0973590855341,baccalauréat technologique
1997,Ouvriers,32351,76.59942226642042,baccalauréat technologique
1998,Ouvriers,33721,78.20087660304723,baccalauréat technologique
1999,Ouvriers,34602,77.69968338086363,baccalauréat technologique
2000,Ouvriers,35307,77.90084504556185,baccalauréat technologique
2001,Ouvriers,34861,76.8998301458099,baccalauréat technologique
2002,Ouvriers,33642,75.6,baccalauréat technologique
2003,Ouvriers,33882,74.79965560633154,baccalauréat technologique
2004,Ouvriers,33952,75.49922170335779,baccalauréat technologique
2005,Ouvriers,32034,74.40078037904125,baccalauréat technologique
2006,Ouvriers,31167,75.69950451763334,baccalauréat technologique
2007,Ouvriers,29081,78.00069736877397,baccalauréat technologique
2008,Ouvriers,28392,79.0005286735858,baccalauréat technologique
2009,Ouvriers,26861,78.4010974577508,baccalauréat technologique
2010,Ouvriers,27148,81.0993278566094,baccalauréat technologique
2011,Ouvriers,25816,81.39996846917862,baccalauréat technologique
2012,Ouvriers,24753,82.60086094704175,baccalauréat technologique
2013,Ouvriers,23787,86.1005538060593,baccalauréat technologique
2014,Ouvriers,24352,90.6998398450594,baccalauréat technologique
2015,Ouvriers,22302,90.59961000974975,baccalauréat technologique
2016,Ouvriers,22589,90.90140845070422,baccalauréat technologique
2017,Ouvriers,22274,90.10153310950204,baccalauréat technologique
2018,Ouvriers,24467,87.60114572144647,baccalauréat technologique
2019,Ouvriers,23109,87.70018975332069,baccalauréat technologique
2020,Ouvriers,19849,94.29901658036012,baccalauréat technologique
2021,Ouvriers,23723,93.29846226452196,baccalauréat technologique
2022,Ouvriers,21368,89.30123704446673,baccalauréat technologique
2023,Ouvriers,20449,87.50106974753957,baccalauréat technologique
2024,Ouvriers,20416,88.09873133684302,baccalauréat technologique
1997,Professions intermédiaires,24724,79.47283831565413,baccalauréat technologique
1998,Professions intermédiaires,26966,81.27919944539892,baccalauréat technologique
1999,Professions intermédiaires,28360,80.4059992628505,baccalauréat technologique
2000,Professions intermédiaires,28919,81.14652898591392,baccalauréat technologique
2001,Professions intermédiaires,27798,79.96202968588194,baccalauréat technologique
2002,Professions intermédiaires,26770,78.77468145837625,baccalauréat technologique
2003,Professions intermédiaires,26392,78.7632804106482,baccalauréat technologique
2004,Professions intermédiaires,26109,79.08702632296368,baccalauréat technologique
2005,Professions intermédiaires,25811,78.46481228150175,baccalauréat technologique
2006,Professions intermédiaires,25146,79.86660314435446,baccalauréat technologique
2007,Professions intermédiaires,23075,82.19348863717319,baccalauréat technologique
2008,Professions intermédiaires,22280,83.11261983810199,baccalauréat technologique
2009,Professions intermédiaires,21416,82.44850818094322,baccalauréat technologique
2010,Professions intermédiaires,21203,84.48756773987887,baccalauréat technologique
2011,Professions intermédiaires,20380,85.10460600492755,baccalauréat technologique
2012,Professions intermédiaires,19500,85.97504519201094,baccalauréat technologique
2013,Professions intermédiaires,19046,89.34233980673609,baccalauréat technologique
2014,Professions intermédiaires,19294,92.6794120472668,baccalauréat technologique
2015,Professions intermédiaires,18902,93.21432093894862,baccalauréat technologique
2016,Professions intermédiaires,18779,92.62602347834665,baccalauréat technologique
2017,Professions intermédiaires,19288,92.57943745800135,baccalauréat technologique
2018,Professions intermédiaires,20034,90.53278503321434,baccalauréat technologique
2019,Professions intermédiaires,20821,90.13810121650287,baccalauréat technologique
2020,Professions intermédiaires,21771,96.32333421821077,baccalauréat technologique
2021,Professions intermédiaires,21632,95.54348306170222,baccalauréat technologique
2022,Professions intermédiaires,21767,92.73997699288483,baccalauréat technologique
2023,Professions intermédiaires,22384,92.43475388173108,baccalauréat technologique
2024,Professions intermédiaires,23604,92.48491497531542,baccalauréat technologique
1997,Retraités,4819,72.49887167143072,baccalauréat technologique
1998,Retraités,4979,75.49658832448824,baccalauréat technologique
1999,Retraités,4965,73.89492484000596,baccalauréat technologique
2000,Retraités,4849,74.49685051467199,baccalauréat technologique
2001,Retraités,4588,73.90463917525773,baccalauréat technologique
2002,Retraités,3990,71.59519109994616,baccalauréat technologique
2003,Retraités,3753,69.60311572700297,baccalauréat technologique
2004,Retraités,3812,72.49904906808672,baccalauréat technologique
2005,Retraités,3550,70.39460638508824,baccalauréat technologique
2006,Retraités,3795,72.70114942528735,baccalauréat technologique
2007,Retraités,3611,74.99480789200415,baccalauréat technologique
2008,Retraités,3509,76.39886784236882,baccalauréat technologique
2009,Retraités,3461,76.60469234174414,baccalauréat technologique
2010,Retraités,3506,78.3989266547406,baccalauréat technologique
2011,Retraités,3212,78.99655681259223,baccalauréat technologique
2012,Retraités,3027,79.99471458773785,baccalauréat technologique
2013,Retraités,2710,84.00495970241785,baccalauréat technologique
2014,Retraités,2650,89.7088693297224,baccalauréat technologique
2015,Retraités,2317,89.18398768283295,baccalauréat technologique
2016,Retraités,2192,88.81685575364668,baccalauréat technologique
2017,Retraités,2116,89.88954970263381,baccalauréat technologique
2018,Retraités,2149,86.58340048348106,baccalauréat technologique
2019,Retraités,2180,87.30476571886264,baccalauréat technologique
2020,Retraités,1756,94.71413160733549,baccalauréat technologique
2021,Retraités,2022,92.70976616231087,baccalauréat technologique
2022,Retraités,1700,87.31381612737545,baccalauréat technologique
2023,Retraités,1624,87.40581270182993,baccalauréat technologique
2024,Retraités,1577,87.32004429678848,baccalauréat technologique
1997,Agriculteurs exploitants,2435,82.99250170415814,baccalauréat professionnel
1998,Agriculteurs exploitants,4158,82.3040380047506,baccalauréat professionnel
1999,Agriculteurs exploitants,4559,82.5009048136084,baccalauréat professionnel
2000,Agriculteurs exploitants,4974,85.4932966655208,baccalauréat professionnel
2001,Agriculteurs exploitants,4894,84.49585635359117,baccalauréat professionnel
2002,Agriculteurs exploitants,4679,82.59488084730803,baccalauréat professionnel
2003,Agriculteurs exploitants,4611,83.39663591969615,baccalauréat professionnel
2004,Agriculteurs exploitants,4398,84.70724191063174,baccalauréat professionnel
2005,Agriculteurs exploitants,4392,82.69629071737903,baccalauréat professionnel
2006,Agriculteurs exploitants,4255,85.20224269122947,baccalauréat professionnel
2007,Agriculteurs exploitants,1948,85.89065255731923,baccalauréat professionnel
2008,Agriculteurs exploitants,1837,83.31065759637188,baccalauréat professionnel
2009,Agriculteurs exploitants,2012,92.50574712643679,baccalauréat professionnel
2010,Agriculteurs exploitants,2031,91.19892231701841,baccalauréat professionnel
2011,Agriculteurs exploitants,2528,88.88888888888889,baccalauréat professionnel
2012,Agriculteurs exploitants,3012,85.30161427357689,baccalauréat professionnel
2013,Agriculteurs exploitants,2348,85.78735842162952,baccalauréat professionnel
2014,Agriculteurs exploitants,2763,89.30187459599225,baccalauréat professionnel
2015,Agriculteurs exploitants,2627,87.30475240943835,baccalauréat professionnel
2016,Agriculteurs exploitants,2459,89.7117840204305,baccalauréat professionnel
2017,Agriculteurs exploitants,2207,88.81287726358148,baccalauréat professionnel
2018,Agriculteurs exploitants,2142,90.49429657794677,baccalauréat professionnel
2019,Agriculteurs exploitants,1665,90.39087947882736,baccalauréat professionnel
2020,Agriculteurs exploitants,1714,94.69613259668509,baccalauréat professionnel
2021,Agriculteurs exploitants,1420,93.29829172141919,baccalauréat professionnel
2022,Agriculteurs exploitants,1451,90.29247044181704,baccalauréat professionnel
2023,Agriculteurs exploitants,1405,91.47135416666667,baccalauréat professionnel
2024,Agriculteurs exploitants,1284,92.90882778581765,baccalauréat professionnel
1997,"Artisans, commerçants, chefs d'entreprise",7740,81.69727675744141,baccalauréat professionnel
1998,"Artisans, commerçants, chefs d'entreprise",8054,79.99602701628923,baccalauréat professionnel
1999,"Artisans, commerçants, chefs d'entreprise",8277,80.6018112766579,baccalauréat professionnel
2000,"Artisans, commerçants, chefs d'entreprise",8679,81.70008472183,baccalauréat professionnel
2001,"Artisans, commerçants, chefs d'entreprise",8705,80.20084761378294,baccalauréat professionnel
2002,"Artisans, commerçants, chefs d'entreprise",8677,79.59820199981652,baccalauréat professionnel
2003,"Artisans, commerçants, chefs d'entreprise",8321,79.80243598350437,baccalauréat professionnel
2004,"Artisans, commerçants, chefs d'entreprise",8577,80.49741905208822,baccalauréat professionnel
2005,"Artisans, commerçants, chefs d'entreprise",8531,77.70288733035795,baccalauréat professionnel
2006,"Artisans, commerçants, chefs d'entreprise",9232,79.7994640850549,baccalauréat professionnel
2007,"Artisans, commerçants, chefs d'entreprise",9189,81.49889135254989,baccalauréat professionnel
2008,"Artisans, commerçants, chefs d'entreprise",9336,79.5975786512064,baccalauréat professionnel
2009,"Artisans, commerçants, chefs d'entreprise",10840,89.4020618556701,baccalauréat professionnel
2010,"Artisans, commerçants, chefs d'entreprise",10887,87.89762635233328,baccalauréat professionnel
2011,"Artisans, commerçants, chefs d'entreprise",15193,85.89924803528015,baccalauréat professionnel
2012,"Artisans, commerçants, chefs d'entreprise",17856,81.00163309744148,baccalauréat professionnel
2013,"Artisans, commerçants, chefs d'entreprise",15565,81.80050451965525,baccalauréat professionnel
2014,"Artisans, commerçants, chefs d'entreprise",18063,84.50130988023952,baccalauréat professionnel
2015,"Artisans, commerçants, chefs d'entreprise",16715,82.60031626803716,baccalauréat professionnel
2016,"Artisans, commerçants, chefs d'entreprise",17028,85.19963974782348,baccalauréat professionnel
2017,"Artisans, commerçants, chefs d'entreprise",15968,84.40192399175432,baccalauréat professionnel
2018,"Artisans, commerçants, chefs d'entreprise",15880,85.10182207931405,baccalauréat professionnel
2019,"Artisans, commerçants, chefs d'entreprise",15374,84.5003847422227,baccalauréat professionnel
2020,"Artisans, commerçants, chefs d'entreprise",12303,91.69710069315047,baccalauréat professionnel
2021,"Artisans, commerçants, chefs d'entreprise",11571,89.39967550027042,baccalauréat professionnel
2022,"Artisans, commerçants, chefs d'entreprise",10703,85.69941548562736,baccalauréat professionnel
2023,"Artisans, commerçants, chefs d'entreprise",10210,86.10220947883286,baccalauréat professionnel
2024,"Artisans, commerçants, chefs d'entreprise",10123,86.69921205892429,baccalauréat professionnel
1997,Autres personnes sans activité professionnelle,5883,73.70333249812077,baccalauréat professionnel
1998,Autres personnes sans activité professionnelle,6114,70.50276752767527,baccalauréat professionnel
1999,Autres personnes sans activité professionnelle,6562,70.90221501890869,baccalauréat professionnel
2000,Autres personnes sans activité professionnelle,6406,72.00179835899742,baccalauréat professionnel
2001,Autres personnes sans activité professionnelle,6251,69.401576551571,baccalauréat professionnel
2002,Autres personnes sans activité professionnelle,6413,68.10024423914197,baccalauréat professionnel
2003,Autres personnes sans activité professionnelle,6179,67.59654304780659,baccalauréat professionnel
2004,Autres personnes sans activité professionnelle,6710,68.79934379165385,baccalauréat professionnel
2005,Autres personnes sans activité professionnelle,6559,65.40033901685113,baccalauréat professionnel
2006,Autres personnes sans activité professionnelle,8475,70.09925558312655,baccalauréat professionnel
2007,Autres personnes sans activité professionnelle,8228,70.19878849927481,baccalauréat professionnel
2008,Autres personnes sans activité professionnelle,7424,68.49972319616165,baccalauréat professionnel
2009,Autres personnes sans activité professionnelle,8957,81.5978864899335,baccalauréat professionnel
2010,Autres personnes sans activité professionnelle,8713,80.29674684360889,baccalauréat professionnel
2011,Autres personnes sans activité professionnelle,11916,77.40175381617408,baccalauréat professionnel
2012,Autres personnes sans activité professionnelle,13230,70.3985526525834,baccalauréat professionnel
2013,Autres personnes sans activité professionnelle,11647,72.09978952581405,baccalauréat professionnel
2014,Autres personnes sans activité professionnelle,13674,75.30150338675037,baccalauréat professionnel
2015,Autres personnes sans activité professionnelle,13395,73.5989010989011,baccalauréat professionnel
2016,Autres personnes sans activité professionnelle,13959,75.29938504693062,baccalauréat professionnel
2017,Autres personnes sans activité professionnelle,15642,74.30172905187156,baccalauréat professionnel
2018,Autres personnes sans activité professionnelle,15999,75.69907735982967,baccalauréat professionnel
2019,Autres personnes sans activité professionnelle,14556,74.69978446063841,baccalauréat professionnel
2020,Autres personnes sans activité professionnelle,23472,86.10102344007923,baccalauréat professionnel
2021,Autres personnes sans activité professionnelle,23250,78.60040567951319,baccalauréat professionnel
2022,Autres personnes sans activité professionnelle,23815,74.50103234686854,baccalauréat professionnel
2023,Autres personnes sans activité professionnelle,23641,74.20043313141458,baccalauréat professionnel
2024,Autres personnes sans activité professionnelle,24877,75.300420740382,baccalauréat professionnel
1997,"Cadres, professions intellectuelles supérieures",6689,81.56322399707352,baccalauréat professionnel
1998,"Cadres, professions intellectuelles supérieures",7117,79.921392476137,baccalauréat professionnel
1999,"Cadres, professions intellectuelles supérieures",7830,81.26621691748832,baccalauréat professionnel
2000,"Cadres, professions intellectuelles supérieures",8213,82.15464639391817,baccalauréat professionnel
2001,"Cadres, professions intellectuelles supérieures",8262,80.95238095238095,baccalauréat professionnel
2002,"Cadres, professions intellectuelles supérieures",8216,80.53322877867085,baccalauréat professionnel
2003,"Cadres, professions intellectuelles supérieures",8201,80.24461839530332,baccalauréat professionnel
2004,"Cadres, professions intellectuelles supérieures",8089,81.06835037081579,baccalauréat professionnel
2005,"Cadres, professions intellectuelles supérieures",8368,79.0552668871044,baccalauréat professionnel
2006,"Cadres, professions intellectuelles supérieures",8342,81.20315389856907,baccalauréat professionnel
2007,"Cadres, professions intellectuelles supérieures",8531,83.01868431296224,baccalauréat professionnel
2008,"Cadres, professions intellectuelles supérieures",8437,80.59801299197555,baccalauréat professionnel
2009,"Cadres, professions intellectuelles supérieures",9814,90.19391600036761,baccalauréat professionnel
2010,"Cadres, professions intellectuelles supérieures",9690,89.3169877408056,baccalauréat professionnel
2011,"Cadres, professions intellectuelles supérieures",13166,87.90225664307651,baccalauréat professionnel
2012,"Cadres, professions intellectuelles supérieures",15036,83.96247487156577,baccalauréat professionnel
2013,"Cadres, professions intellectuelles supérieures",12968,85.15332589139142,baccalauréat professionnel
2014,"Cadres, professions intellectuelles supérieures",14366,87.29416053958802,baccalauréat professionnel
2015,"Cadres, professions intellectuelles supérieures",13739,85.87411713232078,baccalauréat professionnel
2016,"Cadres, professions intellectuelles supérieures",13897,87.64505549949546,baccalauréat professionnel
2017,"Cadres, professions intellectuelles supérieures",14687,87.34463276836158,baccalauréat professionnel
2018,"Cadres, professions intellectuelles supérieures",14381,88.05951870675402,baccalauréat professionnel
2019,"Cadres, professions intellectuelles supérieures",14025,88.33532783271399,baccalauréat professionnel
2020,"Cadres, professions intellectuelles supérieures",13408,93.85412291754164,baccalauréat professionnel
2021,"Cadres, professions intellectuelles supérieures",13287,91.64712374120569,baccalauréat professionnel
2022,"Cadres, professions intellectuelles supérieures",13016,89.01046296929495,baccalauréat professionnel
2023,"Cadres, professions intellectuelles supérieures",12903,90.09845681167516,baccalauréat professionnel
2024,"Cadres, professions intellectuelles supérieures",13691,89.97765509989485,baccalauréat professionnel
1997,Employés,12681,81.29888447236826,baccalauréat professionnel
1998,Employés,13763,78.10123709000113,baccalauréat professionnel
1999,Employés,15314,79.69815248503772,baccalauréat professionnel
2000,Employés,16390,80.69916297390448,baccalauréat professionnel
2001,Employés,16178,79.30003431204352,baccalauréat professionnel
2002,Employés,16588,78.69816870670842,baccalauréat professionnel
2003,Employés,16080,77.89942834996609,baccalauréat professionnel
2004,Employés,16662,78.89951699971589,baccalauréat professionnel
2005,Employés,16308,77.39914570479354,baccalauréat professionnel
2006,Employés,16264,79.39855496973247,baccalauréat professionnel
2007,Employés,13937,80.70063694267516,baccalauréat professionnel
2008,Employés,12860,78.20006080875646,baccalauréat professionnel
2009,Employés,14725,88.20005989817311,baccalauréat professionnel
2010,Employés,14311,87.2994570853413,baccalauréat professionnel
2011,Employés,19712,85.1012390450287,baccalauréat professionnel
2012,Employés,21972,79.60004347353548,baccalauréat professionnel
2013,Employés,18720,80.5993283389305,baccalauréat professionnel
2014,Employés,22417,84.10054398799475,baccalauréat professionnel
2015,Employés,20585,81.69947610731862,baccalauréat professionnel
2016,Employés,21340,83.8012958963283,baccalauréat professionnel
2017,Employés,28251,83.00085201398478,baccalauréat professionnel
2018,Employés,29032,83.49966924559234,baccalauréat professionnel
2019,Employés,31250,83.10065150910783,baccalauréat professionnel
2020,Employés,38859,90.59942645310205,baccalauréat professionnel
2021,Employés,37451,87.50029204925119,baccalauréat professionnel
2022,Employés,35440,82.79986916499229,baccalauréat professionnel
2023,Employés,35722,83.79938068874918,baccalauréat professionnel
2024,Employés,37060,83.8993027257086,baccalauréat professionnel
1997,Ensemble,77664,79.12947793128744,baccalauréat professionnel
1998,Ensemble,82591,76.73604013750813,baccalauréat professionnel
1999,Ensemble,89364,77.76598151661243,baccalauréat professionnel
2000,Ensemble,93751,79.20165582495565,baccalauréat professionnel
2001,Ensemble,93575,77.49739121792854,baccalauréat professionnel
2002,Ensemble,94661,76.71194022593559,baccalauréat professionnel
2003,Ensemble,92753,75.92933683702121,baccalauréat professionnel
2004,Ensemble,94998,76.87912728214424,baccalauréat professionnel
2005,Ensemble,94396,74.72294344879995,baccalauréat professionnel
2006,Ensemble,101496,77.38393857836671,baccalauréat professionnel
2007,Ensemble,105841,78.52463516511236,baccalauréat professionnel
2008,Ensemble,104185,76.9938514292471,baccalauréat professionnel
2009,Ensemble,121688,87.34675127049297,baccalauréat professionnel
2010,Ensemble,119478,86.55066500536061,baccalauréat professionnel
2011,Ensemble,157295,83.98876554482302,baccalauréat professionnel
2012,Ensemble,192332,78.46250499742989,baccalauréat professionnel
2013,Ensemble,160464,78.93626127123271,baccalauréat professionnel
2014,Ensemble,192142,82.18994088408661,baccalauréat professionnel
2015,Ensemble,177881,80.56350658526422,baccalauréat professionnel
2016,Ensemble,181120,82.52683762553083,baccalauréat professionnel
2017,Ensemble,179158,81.59976680315363,baccalauréat professionnel
2018,Ensemble,180808,82.82546953733394,baccalauréat professionnel
2019,Ensemble,175491,82.49703841597562,baccalauréat professionnel
2020,Ensemble,190668,90.43727380958028,baccalauréat professionnel
2021,Ensemble,183009,86.67456013639915,baccalauréat professionnel
2022,Ensemble,173068,82.28872469308381,baccalauréat professionnel
2023,Ensemble,171284,82.70913410464914,baccalauréat professionnel
2024,Ensemble,175577,83.37702177773978,baccalauréat professionnel
1997,Indéterminé,5922,72.5024485798237,baccalauréat professionnel
1998,Indéterminé,6488,70.79877782627673,baccalauréat professionnel
1999,Indéterminé,7600,71.20104927862094,baccalauréat professionnel
2000,Indéterminé,8101,72.70034999551288,baccalauréat professionnel
2001,Indéterminé,8717,70.60014578440106,baccalauréat professionnel
2002,Indéterminé,9586,70.20139143171,baccalauréat professionnel
2003,Indéterminé,10580,70.40191642267767,baccalauréat professionnel
2004,Indéterminé,11538,70.89836549096718,baccalauréat professionnel
2005,Indéterminé,11879,68.39983877468762,baccalauréat professionnel
2006,Indéterminé,13755,73.80083699967808,baccalauréat professionnel
2007,Indéterminé,24536,77.09904474610357,baccalauréat professionnel
2008,Indéterminé,26160,76.60097800942872,baccalauréat professionnel
2009,Indéterminé,30885,86.29987705376104,baccalauréat professionnel
2010,Indéterminé,29202,86.39900588774816,baccalauréat professionnel
2011,Indéterminé,34824,84.39931169869853,baccalauréat professionnel
2012,Indéterminé,50377,79.00043909170743,baccalauréat professionnel
2013,Indéterminé,40809,78.000344043273,baccalauréat professionnel
2014,Indéterminé,52758,81.00041453641012,baccalauréat professionnel
2015,Indéterminé,46437,80.30054125092947,baccalauréat professionnel
2016,Indéterminé,46156,81.899320403854,baccalauréat professionnel
2017,Indéterminé,38873,81.20025901865353,baccalauréat professionnel
2018,Indéterminé,39882,83.2992188479051,baccalauréat professionnel
2019,Indéterminé,40093,82.49927980575332,baccalauréat professionnel
2020,Indéterminé,40777,91.19923063159779,baccalauréat professionnel
2021,Indéterminé,40315,88.19926053949987,baccalauréat professionnel
2022,Indéterminé,37400,82.69945161860959,baccalauréat professionnel
2023,Indéterminé,38350,83.30075155306486,baccalauréat professionnel
2024,Indéterminé,39078,84.5002811053929,baccalauréat professionnel
1997,Ouvriers,22140,79.40037297374839,baccalauréat professionnel
1998,Ouvriers,22638,76.50040551500406,baccalauréat professionnel
1999,Ouvriers,24040,77.40107537267781,baccalauréat professionnel
2000,Ouvriers,25220,79.00012529758176,baccalauréat professionnel
2001,Ouvriers,24888,77.29912724788024,baccalauréat professionnel
2002,Ouvriers,24514,76.80065164948776,baccalauréat professionnel
2003,Ouvriers,23198,75.20098547717842,baccalauréat professionnel
2004,Ouvriers,23536,77.29900157645822,baccalauréat professionnel
2005,Ouvriers,22882,75.00081943033203,baccalauréat professionnel
2006,Ouvriers,27082,77.39925693055159,baccalauréat professionnel
2007,Ouvriers,26333,78.50052168728574,baccalauréat professionnel
2008,Ouvriers,25167,76.7005973424357,baccalauréat professionnel
2009,Ouvriers,29181,87.39966455013777,baccalauréat professionnel
2010,Ouvriers,29401,86.3009275566514,baccalauréat professionnel
2011,Ouvriers,40083,82.69992572418916,baccalauréat professionnel
2012,Ouvriers,48204,76.49971434012569,baccalauréat professionnel
2013,Ouvriers,39600,77.29996681567081,baccalauréat professionnel
2014,Ouvriers,46562,81.29976253666713,baccalauréat professionnel
2015,Ouvriers,44297,79.3000358037952,baccalauréat professionnel
2016,Ouvriers,45994,81.5005138746146,baccalauréat professionnel
2017,Ouvriers,43046,79.99925661611657,baccalauréat professionnel
2018,Ouvriers,42905,81.09972780886133,baccalauréat professionnel
2019,Ouvriers,37618,81.29930193857923,baccalauréat professionnel
2020,Ouvriers,37526,89.70001195171507,baccalauréat professionnel
2021,Ouvriers,32806,85.4990878290331,baccalauréat professionnel
2022,Ouvriers,29518,81.50091114915236,baccalauréat professionnel
2023,Ouvriers,27438,81.19913586457933,baccalauréat professionnel
2024,Ouvriers,26934,81.79913141191119,baccalauréat professionnel
1997,Professions intermédiaires,10217,80.79873467773824,baccalauréat professionnel
1998,Professions intermédiaires,10587,78.56188780053428,baccalauréat professionnel
1999,Professions intermédiaires,11444,80.42164441321152,baccalauréat professionnel
2000,Professions intermédiaires,11966,81.98698184309696,baccalauréat professionnel
2001,Professions intermédiaires,11982,80.35678358259004,baccalauréat professionnel
2002,Professions intermédiaires,12093,79.61682796760813,baccalauréat professionnel
2003,Professions intermédiaires,11926,78.68311671175034,baccalauréat professionnel
2004,Professions intermédiaires,11710,79.00951352810202,baccalauréat professionnel
2005,Professions intermédiaires,11801,78.33908656399363,baccalauréat professionnel
2006,Professions intermédiaires,10250,79.93449270841457,baccalauréat professionnel
2007,Professions intermédiaires,9483,81.60929432013769,baccalauréat professionnel
2008,Professions intermédiaires,9363,79.83458390177353,baccalauréat professionnel
2009,Professions intermédiaires,10956,89.70768852861704,baccalauréat professionnel
2010,Professions intermédiaires,10828,88.6451084731887,baccalauréat professionnel
2011,Professions intermédiaires,14313,86.2021199710913,baccalauréat professionnel
2012,Professions intermédiaires,16688,81.26613099586072,baccalauréat professionnel
2013,Professions intermédiaires,14036,82.12029019424293,baccalauréat professionnel
2014,Professions intermédiaires,16522,85.72614538473512,baccalauréat professionnel
2015,Professions intermédiaires,15464,83.78393021617815,baccalauréat professionnel
2016,Professions intermédiaires,15529,85.90949325071918,baccalauréat professionnel
2017,Professions intermédiaires,16726,84.82174552462092,baccalauréat professionnel
2018,Professions intermédiaires,16920,85.8839652809502,baccalauréat professionnel
2019,Professions intermédiaires,16902,85.35070443872141,baccalauréat professionnel
2020,Professions intermédiaires,19517,92.4844808794958,baccalauréat professionnel
2021,Professions intermédiaires,20373,89.69358105133398,baccalauréat professionnel
2022,Professions intermédiaires,19516,86.20902906617192,baccalauréat professionnel
2023,Professions intermédiaires,19578,86.78191489361703,baccalauréat professionnel
2024,Professions intermédiaires,20631,87.48621830209481,baccalauréat professionnel
1997,Retraités,3957,75.19954389965793,baccalauréat professionnel
1998,Retraités,3672,72.29769639692853,baccalauréat professionnel
1999,Retraités,3738,74.00514749554543,baccalauréat professionnel
2000,Retraités,3802,75.09381789452894,baccalauréat professionnel
2001,Retraités,3698,73.5042735042735,baccalauréat professionnel
2002,Retraités,3895,72.50558451228592,baccalauréat professionnel
2003,Retraités,3657,70.80348499515974,baccalauréat professionnel
2004,Retraités,3778,70.89510227059486,baccalauréat professionnel
2005,Retraités,3676,67.89804211304026,baccalauréat professionnel
2006,Retraités,3841,72.49905624764062,baccalauréat professionnel
2007,Retraités,3656,73.29591018444266,baccalauréat professionnel
2008,Retraités,3601,72.89473684210526,baccalauréat professionnel
2009,Retraités,4318,85.10051241623965,baccalauréat professionnel
2010,Retraités,4415,83.99923896499239,baccalauréat professionnel
2011,Retraités,5560,80.80220898125272,baccalauréat professionnel
2012,Retraités,5957,75.10085728693898,baccalauréat professionnel
2013,Retraités,4771,76.10464188865848,baccalauréat professionnel
2014,Retraités,5017,78.89605283849662,baccalauréat professionnel
2015,Retraités,4622,76.90515806988353,baccalauréat professionnel
2016,Retraités,4758,79.10224438902743,baccalauréat professionnel
2017,Retraités,3758,77.50051557022067,baccalauréat professionnel
2018,Retraités,3667,80.50493962678375,baccalauréat professionnel
2019,Retraités,4008,79.39778129952457,baccalauréat professionnel
2020,Retraités,3092,87.9908935685828,baccalauréat professionnel
2021,Retraités,2536,84.30851063829788,baccalauréat professionnel
2022,Retraités,2209,80.29807342784441,baccalauréat professionnel
2023,Retraités,2037,81.5126050420168,baccalauréat professionnel
2024,Retraités,1899,81.01535836177474,baccalauréat professionnel
1997,Agriculteurs exploitants,15724,80.90142004527681,baccalauréat
1998,Agriculteurs exploitants,17904,82.9004028337269,baccalauréat
1999,Agriculteurs exploitants,17899,82.90028252512622,baccalauréat
2000,Agriculteurs exploitants,18140,85.00070287240523,baccalauréat
2001,Agriculteurs exploitants,17103,84.50098814229248,baccalauréat
2002,Agriculteurs exploitants,16528,84.00081317340923,baccalauréat
2003,Agriculteurs exploitants,16367,85.70007330610535,baccalauréat
2004,Agriculteurs exploitants,15962,86.0021551724138,baccalauréat
2005,Agriculteurs exploitants,16022,86.00107353730542,baccalauréat
2006,Agriculteurs exploitants,15743,87.60224806632908,baccalauréat
2007,Agriculteurs exploitants,11679,89.09826060421116,baccalauréat
2008,Agriculteurs exploitants,11195,89.89801654219866,baccalauréat
2009,Agriculteurs exploitants,11255,91.80261011419249,baccalauréat
2010,Agriculteurs exploitants,10899,91.1973893398042,baccalauréat
2011,Agriculteurs exploitants,10798,91.0992997553362,baccalauréat
2012,Agriculteurs exploitants,11286,90.79646017699115,baccalauréat
2013,Agriculteurs exploitants,10619,92.89650949173301,baccalauréat
2014,Agriculteurs exploitants,10736,93.60069747166521,baccalauréat
2015,Agriculteurs exploitants,10483,93.09946714031972,baccalauréat
2016,Agriculteurs exploitants,10151,93.99944439299935,baccalauréat
2017,Agriculteurs exploitants,9539,93.09974624243607,baccalauréat
2018,Agriculteurs exploitants,9862,93.89698181471961,baccalauréat
2019,Agriculteurs exploitants,8476,93.59540636042402,baccalauréat
2020,Agriculteurs exploitants,7071,97.50413678985107,baccalauréat
2021,Agriculteurs exploitants,7615,97.60317867213536,baccalauréat
2022,Agriculteurs exploitants,7248,96.2038757632068,baccalauréat
2023,Agriculteurs exploitants,6922,96.20569840166783,baccalauréat
2024,Agriculteurs exploitants,6402,96.70694864048339,baccalauréat
1997,"Artisans, commerçants, chefs d'entreprise",48112,77.00014403917865,baccalauréat
1998,"Artisans, commerçants, chefs d'entreprise",48899,78.8998967342197,baccalauréat
1999,"Artisans, commerçants, chefs d'entreprise",48323,78.69939089931924,baccalauréat
2000,"Artisans, commerçants, chefs d'entreprise",48755,79.9996718298766,baccalauréat
2001,"Artisans, commerçants, chefs d'entreprise",46481,78.9996090895185,baccalauréat
2002,"Artisans, commerçants, chefs d'entreprise",44868,79.10018863600303,baccalauréat
2003,"Artisans, commerçants, chefs d'entreprise",44977,81.09955101967219,baccalauréat
2004,"Artisans, commerçants, chefs d'entreprise",43943,80.79985290061597,baccalauréat
2005,"Artisans, commerçants, chefs d'entreprise",44541,81.10012563500301,baccalauréat
2006,"Artisans, commerçants, chefs d'entreprise",47430,83.29967157835578,baccalauréat
2007,"Artisans, commerçants, chefs d'entreprise",46166,84.9999079410086,baccalauréat
2008,"Artisans, commerçants, chefs d'entreprise",46848,85.0004535970244,baccalauréat
2009,"Artisans, commerçants, chefs d'entreprise",48810,87.399502211399,baccalauréat
2010,"Artisans, commerçants, chefs d'entreprise",49005,86.70075368882912,baccalauréat
2011,"Artisans, commerçants, chefs d'entreprise",53189,86.9996892225657,baccalauréat
2012,"Artisans, commerçants, chefs d'entreprise",56792,86.09936174406089,baccalauréat
2013,"Artisans, commerçants, chefs d'entreprise",55565,88.29932621408594,baccalauréat
2014,"Artisans, commerçants, chefs d'entreprise",59331,89.30012040939194,baccalauréat
2015,"Artisans, commerçants, chefs d'entreprise",58549,89.09940345751157,baccalauréat
2016,"Artisans, commerçants, chefs d'entreprise",59265,90.0,baccalauréat
2017,"Artisans, commerçants, chefs d'entreprise",58839,89.20000606400558,baccalauréat
2018,"Artisans, commerçants, chefs d'entreprise",62303,89.40020088965419,baccalauréat
2019,"Artisans, commerçants, chefs d'entreprise",59283,89.10047343503419,baccalauréat
2020,"Artisans, commerçants, chefs d'entreprise",53677,95.99921307722573,baccalauréat
2021,"Artisans, commerçants, chefs d'entreprise",54264,95.39916668131714,baccalauréat
2022,"Artisans, commerçants, chefs d'entreprise",50927,93.00036523009496,baccalauréat
2023,"Artisans, commerçants, chefs d'entreprise",50248,92.79923172105565,baccalauréat
2024,"Artisans, commerçants, chefs d'entreprise",50109,92.99938753920677,baccalauréat
1997,Autres personnes sans activité professionnelle,23406,69.89995520382261,baccalauréat
1998,Autres personnes sans activité professionnelle,24670,71.00097852990272,baccalauréat
1999,Autres personnes sans activité professionnelle,24652,70.29971197992414,baccalauréat
2000,Autres personnes sans activité professionnelle,25350,71.80082705489151,baccalauréat
2001,Autres personnes sans activité professionnelle,24340,69.9003474914563,baccalauréat
2002,Autres personnes sans activité professionnelle,25564,69.90047030515149,baccalauréat
2003,Autres personnes sans activité professionnelle,28607,72.30014911416079,baccalauréat
2004,Autres personnes sans activité professionnelle,30727,70.30063146334767,baccalauréat
2005,Autres personnes sans activité professionnelle,33205,70.89934662851775,baccalauréat
2006,Autres personnes sans activité professionnelle,37204,73.79988891533762,baccalauréat
2007,Autres personnes sans activité professionnelle,38179,74.90043748651247,baccalauréat
2008,Autres personnes sans activité professionnelle,38658,75.1005342399223,baccalauréat
2009,Autres personnes sans activité professionnelle,39373,78.39947432349017,baccalauréat
2010,Autres personnes sans activité professionnelle,38208,77.49944220198373,baccalauréat
2011,Autres personnes sans activité professionnelle,42876,77.79935040191613,baccalauréat
2012,Autres personnes sans activité professionnelle,44966,75.89966916480994,baccalauréat
2013,Autres personnes sans activité professionnelle,44704,79.59972222716831,baccalauréat
2014,Autres personnes sans activité professionnelle,48088,81.19955421971565,baccalauréat
2015,Autres personnes sans activité professionnelle,49780,80.99972338382935,baccalauréat
2016,Autres personnes sans activité professionnelle,52008,81.6003765591904,baccalauréat
2017,Autres personnes sans activité professionnelle,55392,80.5994907238996,baccalauréat
2018,Autres personnes sans activité professionnelle,59374,81.1996553657636,baccalauréat
2019,Autres personnes sans activité professionnelle,65039,81.29976624707808,baccalauréat
2020,Autres personnes sans activité professionnelle,95437,91.79988842076912,baccalauréat
2021,Autres personnes sans activité professionnelle,59072,85.69977803246819,baccalauréat
2022,Autres personnes sans activité professionnelle,60645,81.69987471203977,baccalauréat
2023,Autres personnes sans activité professionnelle,63127,80.89989875818586,baccalauréat
2024,Autres personnes sans activité professionnelle,64691,82.00048167725089,baccalauréat
1997,"Cadres, professions intellectuelles supérieures",140163,82.75257415454374,baccalauréat
1998,"Cadres, professions intellectuelles supérieures",144531,84.29872091734664,baccalauréat
1999,"Cadres, professions intellectuelles supérieures",143186,83.43102865599981,baccalauréat
2000,"Cadres, professions intellectuelles supérieures",143572,84.50830238211559,baccalauréat
2001,"Cadres, professions intellectuelles supérieures",137418,83.93169075162162,baccalauréat
2002,"Cadres, professions intellectuelles supérieures",134842,84.66677550200299,baccalauréat
2003,"Cadres, professions intellectuelles supérieures",136974,86.7346744932657,baccalauréat
2004,"Cadres, professions intellectuelles supérieures",133885,86.84526319203451,baccalauréat
2005,"Cadres, professions intellectuelles supérieures",138350,87.40342032611237,baccalauréat
2006,"Cadres, professions intellectuelles supérieures",143879,89.37527565022394,baccalauréat
2007,"Cadres, professions intellectuelles supérieures",142414,90.57455766564483,baccalauréat
2008,"Cadres, professions intellectuelles supérieures",141361,90.74865829545746,baccalauréat
2009,"Cadres, professions intellectuelles supérieures",145405,91.94642755515648,baccalauréat
2010,"Cadres, professions intellectuelles supérieures",143482,91.25612160529161,baccalauréat
2011,"Cadres, professions intellectuelles supérieures",147746,91.6788701630718,baccalauréat
2012,"Cadres, professions intellectuelles supérieures",153069,92.24358201759672,baccalauréat
2013,"Cadres, professions intellectuelles supérieures",153738,93.91447770311545,baccalauréat
2014,"Cadres, professions intellectuelles supérieures",158076,94.10518044029575,baccalauréat
2015,"Cadres, professions intellectuelles supérieures",161825,94.31735392685414,baccalauréat
2016,"Cadres, professions intellectuelles supérieures",165289,94.40931704335807,baccalauréat
2017,"Cadres, professions intellectuelles supérieures",170653,93.92588434082415,baccalauréat
2018,"Cadres, professions intellectuelles supérieures",178683,94.22519168503538,baccalauréat
2019,"Cadres, professions intellectuelles supérieures",173852,94.4119212346993,baccalauréat
2020,"Cadres, professions intellectuelles supérieures",173445,98.25353484999548,baccalauréat
2021,"Cadres, professions intellectuelles supérieures",178589,98.05255413537137,baccalauréat
2022,"Cadres, professions intellectuelles supérieures",176872,96.88908852868514,baccalauréat
2023,"Cadres, professions intellectuelles supérieures",181265,96.91553407401862,baccalauréat
2024,"Cadres, professions intellectuelles supérieures",187632,97.13963252690816,baccalauréat
1997,Employés,72616,76.49989991888162,baccalauréat
1998,Employés,77222,78.20028557251213,baccalauréat
1999,Employés,78839,77.69991918475154,baccalauréat
2000,Employés,83041,78.79998481714145,baccalauréat
2001,Employés,80892,78.20034415421202,baccalauréat
2002,Employés,80650,77.80017942756818,baccalauréat
2003,Employés,82872,79.09973369985397,baccalauréat
2004,Employés,82266,78.6000917220821,baccalauréat
2005,Employés,81967,79.19976037258199,baccalauréat
2006,Employés,82936,81.00009766578768,baccalauréat
2007,Employés,78586,83.20028797086412,baccalauréat
2008,Employés,77535,82.99970026547915,baccalauréat
2009,Employés,81007,85.10032566446056,baccalauréat
2010,Employés,80415,84.4003862381662,baccalauréat
2011,Employés,86410,84.99985244788951,baccalauréat
2012,Employés,90183,84.79990220784595,baccalauréat
2013,Employés,91626,87.59990821828751,baccalauréat
2014,Employés,96634,88.89972401103955,baccalauréat
2015,Employés,96857,88.39979190814752,baccalauréat
2016,Employés,101739,89.10014450234269,baccalauréat
2017,Employés,113834,88.09999226066094,baccalauréat
2018,Employés,118890,88.0001776435582,baccalauréat
2019,Employés,123767,87.70026572187777,baccalauréat
2020,Employés,150582,95.09981621942516,baccalauréat
2021,Employés,142639,93.90013495276654,baccalauréat
2022,Employés,138344,90.8997726585805,baccalauréat
2023,Employés,141699,90.70013057838544,baccalauréat
2024,Employés,146115,90.99996263218863,baccalauréat
1997,Ensemble,510530,77.6057192282143,baccalauréat
1998,Ensemble,530722,79.16781030347148,baccalauréat
1999,Ensemble,532026,78.61624439591097,baccalauréat
2000,Ensemble,544564,79.83744104525643,baccalauréat
2001,Ensemble,525585,78.93942397808377,baccalauréat
2002,Ensemble,518772,78.87357349412977,baccalauréat
2003,Ensemble,527992,80.43802826342635,baccalauréat
2004,Ensemble,522429,80.06537900975168,baccalauréat
2005,Ensemble,530787,80.25665218140746,baccalauréat
2006,Ensemble,548489,82.38415669074905,baccalauréat
2007,Ensemble,547718,83.73279765672056,baccalauréat
2008,Ensemble,541792,83.80814488597252,baccalauréat
2009,Ensemble,562146,86.40211737799255,baccalauréat
2010,Ensemble,554150,85.82929858962088,baccalauréat
2011,Ensemble,591977,85.8820149980197,baccalauréat
2012,Ensemble,632967,84.77789177330308,baccalauréat
2013,Ensemble,613300,87.17442845527994,baccalauréat
2014,Ensemble,650241,88.25670739900728,baccalauréat
2015,Ensemble,644244,88.15526966116863,baccalauréat
2016,Ensemble,659876,88.81656605627452,baccalauréat
2017,Ensemble,671842,88.1067286356507,baccalauréat
2018,Ensemble,706300,88.47772711329358,baccalauréat
2019,Ensemble,697650,88.32231282544048,baccalauréat
2020,Ensemble,756623,95.16588118839279,baccalauréat
2021,Ensemble,721408,93.90142152211293,baccalauréat
2022,Ensemble,699329,91.23070902093797,baccalauréat
2023,Ensemble,708917,91.0184215121355,baccalauréat
2024,Ensemble,722435,91.51291746628918,baccalauréat
1997,Indéterminé,14582,67.40004622140052,baccalauréat
1998,Indéterminé,15148,69.20054819552307,baccalauréat
1999,Indéterminé,16202,68.60022017105598,baccalauréat
2000,Indéterminé,17395,70.098730606488,baccalauréat
2001,Indéterminé,17926,69.19899633275429,baccalauréat
2002,Indéterminé,18492,69.0,baccalauréat
2003,Indéterminé,19812,70.69906862220319,baccalauréat
2004,Indéterminé,21257,70.39907269415467,baccalauréat
2005,Indéterminé,22754,68.89931869795609,baccalauréat
2006,Indéterminé,24986,72.9007410865379,baccalauréat
2007,Indéterminé,42692,75.79986506161003,baccalauréat
2008,Indéterminé,43590,76.0003487054311,baccalauréat
2009,Indéterminé,48415,81.99955964297207,baccalauréat
2010,Indéterminé,47353,81.59948992779721,baccalauréat
2011,Indéterminé,53357,81.70055735897593,baccalauréat
2012,Indéterminé,68596,78.39990856620378,baccalauréat
2013,Indéterminé,60437,78.90050783952793,baccalauréat
2014,Indéterminé,71909,81.2999581679838,baccalauréat
2015,Indéterminé,66566,81.40041087849735,baccalauréat
2016,Indéterminé,66034,82.69962929566175,baccalauréat
2017,Indéterminé,58874,82.1001255055083,baccalauréat
2018,Indéterminé,63343,83.69957319732026,baccalauréat
2019,Indéterminé,60147,82.09961643985204,baccalauréat
2020,Indéterminé,68343,92.10026278552658,baccalauréat
2021,Indéterminé,63550,89.80047479086593,baccalauréat
2022,Indéterminé,59943,85.19955654101996,baccalauréat
2023,Indéterminé,61215,85.19951565087892,baccalauréat
2024,Indéterminé,61993,86.4001895443966,baccalauréat
1997,Ouvriers,87529,74.80024269977866,baccalauréat
1998,Ouvriers,90031,75.99989870169337,baccalauréat
1999,Ouvriers,90629,75.70016956089574,baccalauréat
2000,Ouvriers,93407,76.8997085604202,baccalauréat
2001,Ouvriers,91472,75.80029003521857,baccalauréat
2002,Ouvriers,90274,75.39986803310866,baccalauréat
2003,Ouvriers,90844,76.19990269925682,baccalauréat
2004,Ouvriers,90271,76.39984427367209,baccalauréat
2005,Ouvriers,88348,75.89969158340564,baccalauréat
2006,Ouvriers,92147,78.0999440611598,baccalauréat
2007,Ouvriers,88673,79.80003419757197,baccalauréat
2008,Ouvriers,85781,79.6998977980117,baccalauréat
2009,Ouvriers,89165,83.29985706411561,baccalauréat
2010,Ouvriers,88015,83.00013202316063,baccalauréat
2011,Ouvriers,97950,82.59967617891115,baccalauréat
2012,Ouvriers,105590,80.49981702854355,baccalauréat
2013,Ouvriers,97656,83.2,baccalauréat
2014,Ouvriers,104622,85.19984364311541,baccalauréat
2015,Ouvriers,100668,84.39991616013414,baccalauréat
2016,Ouvriers,104249,85.60015108468954,baccalauréat
2017,Ouvriers,101606,84.40017942285648,baccalauréat
2018,Ouvriers,107427,84.79985475557099,baccalauréat
2019,Ouvriers,98031,85.40029619304818,baccalauréat
2020,Ouvriers,90840,93.1998194279148,baccalauréat
2021,Ouvriers,96270,91.69968757143945,baccalauréat
2022,Ouvriers,87305,88.30014260718295,baccalauréat
2023,Ouvriers,83496,87.60006294916855,baccalauréat
2024,Ouvriers,80884,87.99965184846704,baccalauréat
1997,Professions intermédiaires,93972,78.64555436529191,baccalauréat
1998,Professions intermédiaires,97694,80.31602226296275,baccalauréat
1999,Professions intermédiaires,97639,79.77629074033221,baccalauréat
2000,Professions intermédiaires,100412,81.25789013692422,baccalauréat
2001,Professions intermédiaires,96326,80.47486570256565,baccalauréat
2002,Professions intermédiaires,94744,80.4257956079217,baccalauréat
2003,Professions intermédiaires,95297,82.36132957668573,baccalauréat
2004,Professions intermédiaires,92028,81.92500801196454,baccalauréat
2005,Professions intermédiaires,93358,82.55194977451588,baccalauréat
2006,Professions intermédiaires,91424,84.57667258732978,baccalauréat
2007,Professions intermédiaires,86767,86.31986310909488,baccalauréat
2008,Professions intermédiaires,84360,86.56391733535823,baccalauréat
2009,Professions intermédiaires,85389,88.1271092855005,baccalauréat
2010,Professions intermédiaires,83509,87.6753317654964,baccalauréat
2011,Professions intermédiaires,85502,87.93968815567531,baccalauréat
2012,Professions intermédiaires,88072,87.9796213975326,baccalauréat
2013,Professions intermédiaires,86023,90.32613717501785,baccalauréat
2014,Professions intermédiaires,88034,91.10044083862823,baccalauréat
2015,Professions intermédiaires,87514,91.19461464715936,baccalauréat
2016,Professions intermédiaires,89081,91.3679395263444,baccalauréat
2017,Professions intermédiaires,92160,90.58206050598572,baccalauréat
2018,Professions intermédiaires,95527,90.81462890606433,baccalauréat
2019,Professions intermédiaires,97481,90.63278664137752,baccalauréat
2020,Professions intermédiaires,107896,96.84936179379926,baccalauréat
2021,Professions intermédiaires,109973,95.94405960461343,baccalauréat
2022,Professions intermédiaires,109729,94.02736955757976,baccalauréat
2023,Professions intermédiaires,112958,94.05407205721946,baccalauréat
2024,Professions intermédiaires,117017,94.26667955596372,baccalauréat
1997,Retraités,14426,72.10115953618552,baccalauréat
1998,Retraités,14623,73.60076504932555,baccalauréat
1999,Retraités,14657,73.80161127895266,baccalauréat
2000,Retraités,14492,74.80128006606793,baccalauréat
2001,Retraités,13627,73.79907933929054,baccalauréat
2002,Retraités,12810,73.2,baccalauréat
2003,Retraités,12242,73.60067336018759,baccalauréat
2004,Retraités,12090,73.99926551597503,baccalauréat
2005,Retraités,12242,73.40208658112483,baccalauréat
2006,Retraités,12740,76.20072970871463,baccalauréat
2007,Retraités,12562,78.09760646565122,baccalauréat
2008,Retraités,12464,78.90105716275242,baccalauréat
2009,Retraités,13327,83.39799749687108,baccalauréat
2010,Retraités,13264,82.69842259492486,baccalauréat
2011,Retraités,14149,81.99942045783831,baccalauréat
2012,Retraités,14413,80.39828192112456,baccalauréat
2013,Retraités,12932,83.39997420353411,baccalauréat
2014,Retraités,12811,84.99867303609342,baccalauréat
2015,Retraités,12002,84.40225035161744,baccalauréat
2016,Retraités,12060,85.00140964195094,baccalauréat
2017,Retraités,10945,85.10224710364669,baccalauréat
2018,Retraités,10891,85.89794147803454,baccalauréat
2019,Retraités,11574,86.19944887167647,baccalauréat
2020,Retraités,9332,93.49764552650035,baccalauréat
2021,Retraités,9436,92.20246238030096,baccalauréat
2022,Retraités,8316,88.90314304041053,baccalauréat
2023,Retraités,7987,89.00156006240249,baccalauréat
2024,Retraités,7592,89.09752376481633,baccalauréat
