Gomes_Freire	458702	RocMar	PT	1900	1900	458702	100.00
Peregrinação	334917	FerMPin	PT	1614	1610	334917	100.00
A_semana	305447	MacAss	BR	1892	1890	305447	100.00
A_Ala_dos_Namorados	271610	AntCamJ	PT	1905	1900	271610	100.00
Os_Maias	267095	EcaQue	PT	1888	1880	267095	100.00
Mistérios_de_Lisboa	237051	CamCBra	PT	1854	1850	237051	100.00
O_Conde_de_Castel_Melhor	234884	JoadCam	PT	1903	1900	234884	100.00
Colaboração_no_Distrito_de_Évora	220709	EcaQue	PT	1868	1860	220709	100.00
História_de_Portugal_I	212200	AleHer	PT	1846	1840	212200	100.00
História_de_Portugal_II	208815	AleHer	PT	1848	1840	208815	100.00
Diário_de_África:_Como_atravessei_a_África_do_Atlântico_ao_Índico	192803	AleSP	PT	1881	1880	192803	100.00
Os_retirantes	187632	JosdPat	BR	1879	1870	187632	100.00
História_de_Portugal_IV	181973	AleHer	PT	1853	1850	181973	100.00
História_da_Literatura_Portuguesa_Vol._II	181373	TeoBra	PT	1912	1910	181373	100.00
História_da_Literatura_Portuguesa_Vol._III	180177	TeoBra	PT	1914	1910	180177	100.00
A_Morgadinha_dos_Canaviais	177166	JulDin	PT	1868	1860	177166	100.00
História_de_Portugal_III	173072	AleHer	PT	1851	1850	173072	100.00
O_Crime_do_Padre_Amaro	171459	EcaQue	PT	1875	1870	171459	100.00
Os_Fidalgos_da_Casa_Mourisca	168322	JulDin	PT	1871	1870	168322	100.00
Amanhã	163444	AbeBot	PT	1901	1900	163444	100.00
Os_miseráveis_da_aristocracia	161398	PerVar	PT	1864	1860	161398	100.00
A_senhora_duquesa	161245	LucCor	PT	1889	1880	161245	100.00
História_da_Literatura_Portuguesa_Vol._IV	158431	TeoBra	PT	1918	1910	158431	100.00
O_Tio_João_Gil	158359	FraBLob	PT	1906	1900	158359	100.00
Livro_das_Obras	156999	GarRes	PT	1545	1540	156999	100.00
Os_quatro_reis_impostores	156711	MarMes	PT	1908	1900	156711	100.00
O_Primo_Basílio	152139	EcaQue	PT	1878	1870	152139	100.00
Notas_Contemporâneas	151540	EcaQue	PT	1909	1900	151540	100.00
Inéditos_e_Esparsos	151001	JulDin	PT	1910	1910	151001	100.00
Uma_Família_Inglesa	147122	JulDin	PT	1868	1860	147122	100.00
Os_filhos_do_padre_Anselmo	143184	ACCSA	PT	1904	1900	143184	100.00
Contos_Tradicionais_do_Povo_Português_Vol._II	141013	TeoBra	PT	1883	1880	141013	100.00
O_moço_louro	139946	JMdM	BR	1845	1840	139946	100.00
Maurício	136967	BerGui	BR	1877	1870	136967	100.00
A_Capital	136956	EcaQue	PT	1925	1920	136956	100.00
História_da_Literatura_Portuguesa_Vol._I	136881	TeoBra	PT	1909	1900	136881	100.00
Os_trabalhadores_do_mar	136090	MacAss	BR	1866	1860	136090	100.00
A_Caveira_da_Mártir	135761	CamCBra	PT	1876	1870	135761	100.00
A_viagem_maravilhosa	133239	GraAra	BR	1929	1920	133239	100.00
O_Salústio_Nogueira	132484	TeiQue	PT	1909	1900	132484	100.00
A_Ilustre_Casa_de_Ramires	131570	EcaQue	PT	1900	1900	131570	100.00
Contos_Tradicionais_do_Povo_Português_Vol._I	130726	TeoBra	PT	1883	1880	130726	100.00
O_Barão_de_Lavos	130155	AbeBot	PT	1891	1890	130155	100.00
O_Coruja	129872	AluAze	BR	1889	1880	129872	100.00
O_Povo_Português_nos_seus_Costumes,_Crenças_e_Tradições_I	129261	TeoBra	PT	1885	1880	129261	100.00
A_Tragédia_da_Rua_das_Flores	127942	EcaQue	PT	1878	1870	127942	100.00
A_Condeca_Vésper_ou_Memórias_de_um_Condenado	127013	AluAze	BR	1882	1880	127013	100.00
Sucessos_de_Madama_de_Senneterre_por_ela_referidos	126171	FilEli	PT	1817	1810	126171	100.00
Os_Dois_Amores	125511	JMdM	BR	1848	1840	125511	100.00
O_Guarani	124448	JosdAle	BR	1857	1850	124448	100.00
A_Mulata	123202	CarMDia	PT	1896	1890	123202	100.00
Últimas_Páginas	122539	EcaQue	PT	1912	1910	122539	100.00
O_piolho_viajante:_Viagens_em_mil_e_uma_carapuças	119990	PolSil	PT	1802	1800	119990	100.00
O_Mulato	118767	AluAze	BR	1881	1880	118767	100.00
O_missionário	117779	IngSou	BR	1891	1890	117779	100.00
Filho_das_ervas	117113	CarMDia	PT	1900	1900	117113	100.00
El-Rei_Junot	116474	RauBra	PT	1903	1900	116474	100.00
Casa_de_Pensão	114919	AluAze	BR	1884	1880	114919	100.00
As_Pupilas_do_Senhor_Reitor	114474	JulDin	PT	1867	1860	114474	100.00
As_Vítimas-Algozes	112754	JMdM	BR	1869	1860	112754	100.00
Girandula_de_Amores_ou_Mistério_da_Tijuca	111933	AluAze	BR	1882	1880	111933	100.00
A_conquista	110904	CoeNet	BR	1899	1890	110904	100.00
A_Casa_dos_Fantasmas	108776	LARSil	PT	1908	1900	108776	100.00
Margarida	108657	JulLPin	PT	1879	1870	108657	100.00
Anátema	108392	CamCBra	PT	1851	1850	108392	100.00
O_sertanejo	108112	JosdAle	BR	1875	1870	108112	100.00
Cartas_de_Inglaterra	108073	EcaQue	PT	1905	1900	108073	100.00
Crónica_do_Felicíssimo_Rei_D._Manuel	107266	DamGoi	PT	1566	1560	107266	100.00
Mota_Coqueiro	107070	JosdPat	BR	1877	1870	107070	100.00
Obras_Tomo_IX	105747	FilEli	PT	1789	1780	105747	100.00
El-rei_dinheiro	105036	ArnGam	PT	1876	1870	105036	100.00
A_Relíquia	104043	EcaQue	PT	1887	1880	104043	100.00
Simá:_Romance_Histórico_do_Alto_Amazonas	101629	LouAma	BR	1899	1890	101629	100.00
História_do_Romantismo_em_Portugal_II	101271	TeoBra	PT	1880	1880	101271	100.00
A_selva	101045	FerCas	PT	1930	1930	101045	100.00
Ao_correr_da_pena	100860	JosdAle	BR	1854	1850	100860	100.00
Os_Sertões_II	100825	EucCun	BR	1902	1900	100825	100.00
Amor_crioulo	100485	AbeBot	PT	1919	1910	100485	100.00
Mocidade_morta	100194	LuiGDEst	BR	1899	1890	100194	100.00
Curso_de_Literatura_Portuguesa	99871	CamCBra	PT	1876	1870	99871	100.00
Corte_na_Aldeia	98885	FraRLob	PT	1618	1610	98885	100.00
As_Lendas_Cristãs	97539	TeoBra	PT	1892	1890	97539	100.00
A_geração_nova	97194	SamBru	PT	1886	1880	97194	100.00
A_vida_em_Lisboa	97117	JulCMac	PT	1858	1850	97117	100.00
Fábulas_(FMN)	96363	FilEli	PT	1819	1810	96363	100.00
A_conquista_de_Lisboa	96253	CarPAlm	PT	1866	1860	96253	100.00
O_paroara:_scenas_da_vida_cearense_e_amazonica	95874	RodThe	BR	1899	1890	95874	100.00
A_ermida_de_Castromino	95782	AntATVas	PT	1870	1870	95782	100.00
Os_Meus_Amores	95742	TriCoe	PT	1891	1890	95742	100.00
Prosas_Bárbaras	95723	EcaQue	PT	1903	1900	95723	100.00
O_Cortiço	95563	AluAze	BR	1890	1890	95563	100.00
O_mundo_no_ano_3000	95465	PJSM	PT	1895	1890	95465	100.00
Dicionário_de_Milagres	94741	EcaQue	PT	1900	1900	94741	100.00
Ambições	94572	AnaCO	PT	1903	1900	94572	100.00
Quincas_Borba	93268	MacAss	BR	1886	1880	93268	100.00
Sermões_Maria_Rosa_Mística	93010	AntVie	PT	1686	1680	93010	100.00
Versos_Tomo_III	91928	FilEli	PT	1817	1810	91928	100.00
Onde_Esta_a_Felicidade	91235	CamCBra	PT	1856	1850	91235	100.00
A_afilhada	90831	MandOPai	BR	1899	1890	90831	100.00
Transviado	90542	JayMLim	PT	1899	1890	90542	100.00
A_Filha_do_Arcedíago	90341	CamCBra	PT	1854	1850	90341	100.00
Canaã	90185	GraAra	BR	1902	1900	90185	100.00
Teatro,_Antônio_Ferreira	89826	AntFer	PT	1528	1520	89826	100.00
O_Matuto	88636	FraTav	BR	1878	1870	88636	100.00
Senhora	88502	JosdAle	BR	1875	1870	88502	100.00
Turbilhão	88384	CoeNet	BR	1904	1900	88384	100.00
Inverno_em_flor	87856	CoeNet	BR	1897	1890	87856	100.00
A_falência	87522	JulLAlm	BR	1901	1900	87522	100.00
Tempestades_do_Coração	87447	MatMor	PT	1867	1860	87447	100.00
A_bico_de_pena	87063	CoeNet	BR	1904	1900	87063	100.00
Contos_(EQ)	86648	EcaQue	PT	1902	1900	86648	100.00
O_Egipto	86418	EcaQue	PT	1926	1920	86418	100.00
Histórias_para_gente_alegre:_A_família_Agulha	86226	LuiGuiJ	BR	1870	1870	86226	100.00
Esaú_e_Jacó	86189	MacAss	BR	1904	1900	86189	100.00
Sonhos_dOuro	85833	JosdAle	BR	1872	1870	85833	100.00
Treva	85594	CoeNet	BR	1905	1900	85594	100.00
Providência	85545	AugSar	PT	1863	1860	85545	100.00
O_agitador	85525	ForCPin	PT	1906	1900	85525	100.00
A_Cidade_e_as_Serras	85495	EcaQue	PT	1901	1900	85495	100.00
Maria_Dusá	84785	LinRoc	BR	1910	1910	84785	100.00
O_último_cartuxo_da_Scala_Caeli_de_Évora:_Romance_histórico_(1808-1865)	84778	AntFBar	PT	1891	1890	84778	100.00
Os_Sertões_I	84677	EucCun	BR	1902	1900	84677	100.00
Obras_Vol._II	84520	DomRqui	PT	1766	1760	84520	100.00
O_príncipe_com_orelhas_de_burro	83908	JosReg	PT	1942	1940	83908	100.00
O_trovador_da_infanta	82996	OliMas	PT	1906	1900	82996	100.00
A_guerrilha_de_Frei_Simão	82884	AlbPim	PT	1895	1890	82884	100.00
Viagens_na_Minha_Terra	82577	AlmGar	PT	1846	1840	82577	100.00
À_margem_da_história	82417	EucCun	BR	1909	1900	82417	100.00
O_gaúcho	82257	JosdAle	BR	1870	1870	82257	100.00
O_Monge_de_Cister_II	81957	AleHer	PT	1848	1840	81957	100.00
Febo_Moniz	81683	OliMar	PT	1867	1860	81683	100.00
O_agonizar_de_uma_dinastia	80982	EduNor	PT	1908	1900	80982	100.00
As_Mulheres_de_Mantilha	80596	JMdM	BR	1870	1870	80596	100.00
História_da_Inquisição_II	80416	AleHer	PT	1857	1850	80416	100.00
Triste_Fim_de_Policarpo_Quaresma	80201	LimBar	BR	1911	1910	80201	100.00
Novelas_do_Minho_I	80098	CamCBra	PT	1875	1870	80098	100.00
Mistério_da_Estrada_de_Sintra	79871	EcaQue	PT	1870	1870	79871	100.00
Os_Caramurús:_romance_histórico_da_descoberta_e_independência_do_Brasil	79839	LobAvi	PT	1900	1900	79839	100.00
Água_de_Juventa	79559	CoeNet	BR	1905	1900	79559	100.00
O_Mistério_da_Estrada_de_Sintra	79301	ROEQ	PT	1870	1870	79301	100.00
Mistérios_de_Lisboa_I	78869	CamCBra	PT	1854	1850	78869	100.00
Dom_Casmurro	78792	MacAss	BR	1899	1890	78792	100.00
Mistérios_de_Lisboa_III	78632	CamCBra	PT	1854	1850	78632	100.00
O_selo_da_roda	78269	PedIvo	PT	1876	1870	78269	100.00
História_da_Inquisição_I	78127	AleHer	PT	1854	1850	78127	100.00
Mistérios_de_Lisboa_II	77684	CamCBra	PT	1854	1850	77684	100.00
A_Marquesa_de_Santos	77284	PauSet	BR	1925	1920	77284	100.00
Os_Lusíadas	77103	LuidCam	PT	1572	1570	77103	100.00
Crónica_do_Felicíssimo_Rei_D._Manuel_Parte_II	77019	DamGoi	PT	1567	1560	77019	100.00
Às_quintas	77005	CoeNet	BR	1924	1920	77005	100.00
Aventuras_de_Diófanes	76905	TMSO	PT	1777	1770	76905	100.00
Novelas_do_Minho_II	76751	CamCBra	PT	1877	1870	76751	100.00
Miragem	76388	CoeNet	BR	1895	1890	76388	100.00
In_Illo_Tempore	76166	TriCoe	PT	1902	1900	76166	100.00
Húmus	76117	RauBra	PT	1919	1910	76117	100.00
O_Arco_de_Santana	75566	AlmGar	PT	1845	1840	75566	100.00
As_minas_de_prata	75216	JosdAle	BR	1862	1860	75216	100.00
Luzia_Homem	75209	DomOli	BR	1903	1900	75209	100.00
Luzia-Homem	75127	DomOli	BR	1903	1900	75127	100.00
História_da_Inquisição_III	74643	AleHer	PT	1859	1850	74643	100.00
A_morte_vence	74518	JoJoGra	PT	1916	1910	74518	100.00
Memórias_I	73987	RauBra	PT	1919	1910	73987	100.00
A_Alma_Encantadora_das_Ruas	73712	JoadRio	BR	1807	1800	73712	100.00
A_Corja	73655	CamCBra	PT	1880	1880	73655	100.00
História_do_Romantismo_em_Portugal_I	73416	TeoBra	PT	1880	1880	73416	100.00
Memórias_póstumas_de_Brás_Cubas	73090	MacAss	BR	1881	1880	73090	100.00
O_bandido_do_Rio_das_Mortes	73045	BerGui	BR	1905	1900	73045	100.00
14_de_julho_na_roça	72809	RauPom	BR	1883	1880	72809	100.00
A_Normalista	72777	AdoCam	BR	1893	1890	72777	100.00
O_Abolicionismo	72514	JoaNab	BR	1883	1880	72514	100.00
O_Ateneu	72456	RauPom	BR	1888	1880	72456	100.00
Uma_Campanha_Alegre_I	72373	EcaQue	PT	1890	1890	72373	100.00
Obras_Vol._I	71892	DomRqui	PT	1766	1760	71892	100.00
Recordações_do_escrivão_Isaías_Caminha	71590	LimBar	BR	1909	1900	71590	100.00
Flor_de_sangue	71575	ValMag	BR	1897	1890	71575	100.00
Um_conto_português:_episódio_da_guerra_civil:_a_Maria_da_Fonte	71400	MJTM	PT	1873	1870	71400	100.00
Da_parte_d'el-rei	70943	AMCunSa	PT	1873	1870	70943	100.00
Romance_dum_Homem_Rico	70793	CamCBra	PT	1861	1860	70793	100.00
As_Minas_de_Salomão	70536	EcaQue	PT	1891	1890	70536	100.00
Céu_em_Fogo	70265	MarScar	PT	1914	1910	70265	100.00
A_Filha_do_Doutor_Negro	70257	CamCBra	PT	1864	1860	70257	100.00
Textos_varios_Parte_2	70180	GreMat	BR	1650	1650	70180	100.00
Livro_de_Consolação	70151	CamCBra	PT	1872	1870	70151	100.00
A_infâmia_de_Frei_Quintino	70015	UrbLou	PT	1878	1870	70015	100.00
Um_Homem_de_Brios	69946	CamCBra	PT	1856	1850	69946	100.00
Maria_da_Fonte	69828	CamCBra	PT	1884	1880	69828	100.00
O_Bobo	69699	AleHer	PT	1843	1840	69699	100.00
O_Monge_de_Cister_I	69688	AleHer	PT	1848	1840	69688	100.00
Miss_Kate	69658	CosVel	BR	1909	1900	69658	100.00
Oliver_Twist	69541	MacAss	BR	1870	1870	69541	100.00
Viriato_(TB)	69497	TeoBra	PT	1904	1900	69497	100.00
Numa_e_a_Ninfa	69479	LimBar	BR	1915	1910	69479	100.00
A_serpente_de_bronze	69370	HumCam	BR	1921	1920	69370	100.00
A_Rosa_do_Adro	69362	ManMRod	PT	1870	1870	69362	100.00
Pombos_de_Maomé	69360	HumCam	BR	1925	1920	69360	100.00
Esbocos_de_Apreciacões_Literárias	69097	CamCBra	PT	1863	1860	69097	100.00
A_Brasileira_de_Prazins	68960	CamCBra	PT	1882	1880	68960	100.00
Memórias_de_um_sargento_de_milícias	68842	ManAAlm	BR	1852	1850	68842	100.00
Dona_Guidinha_do_Poço	68831	MandOPai	BR	1891	1890	68831	100.00
Memórias_da_Rua_do_Ouvidor	67851	JMdM	BR	1878	1870	67851	100.00
As_Farpas_Tomo_VIII	67602	RamOrt	PT	1872	1870	67602	100.00
A_Funda_de_Davi	67411	HumCam	BR	1944	1940	67411	100.00
Eurico_o_Presbítero	67315	AleHer	PT	1844	1840	67315	100.00
Fradique_Mendes	67264	EcaQue	PT	1900	1900	67264	100.00
Rei_negro	67191	CoeNet	BR	1914	1910	67191	100.00
Cartas_Sobre_a_Educacao_da_Mocidade	67041	AntNRS	PT	1760	1760	67041	100.00
A_rua_do_oiro	67024	AlfMes	PT	1905	1900	67024	100.00
História_do_Futuro_I	66905	AntVie	PT	1659	1650	66905	100.00
O_Anel_Misterioso:_Cenas_da_Guerra_Peninsular	66903	AlbPim	PT	1873	1870	66903	100.00
Aventuras_de_Dona_Redonda	66796	VirCA	PT	1943	1940	66796	100.00
A_Carne	66676	JulRib	BR	1888	1880	66676	100.00
Romanceiro_(AG)	66639	AlmGar	PT	1851	1850	66639	100.00
O_Marquês_da_Bacalhoa	66526	AntAlb	PT	1908	1900	66526	100.00
Reflexões_sobre_a_Vaidade_dos_Homens	66507	MatAir	PT	1705	1700	66507	100.00
Iaiá_Garcia	66467	MacAss	BR	1878	1870	66467	100.00
Infaustas_Aventuras_de_Mestre_Marçal_Estouro:_Vítima_duma_paixão	66404	JosSMLea	PT	1862	1860	66404	100.00
Versos_Tomo_I	66388	FilEli	PT	1817	1810	66388	100.00
A_Intrusa	66370	JulLAlm	BR	1905	1900	66370	100.00
No_tempo_dos_franceses	66288	FraFBen	PT	1908	1900	66288	100.00
Helena	66283	MacAss	BR	1876	1870	66283	100.00
O_Cabeleira	66116	FraTav	BR	1876	1870	66116	100.00
Lendas_e_Narrativas_I	66107	AleHer	PT	1851	1850	66107	100.00
Fábulas_de_La_Fontaine	66009	TeoBra	PT	1907	1900	66009	100.00
Vinte_Horas_de_Liteira	65525	CamCBra	PT	1864	1860	65525	100.00
A_Freira_no_Subterraneo	65071	CamCBra	PT	1875	1870	65071	100.00
Sermões,_Antonio_Vieira	64976	AntVie	PT	1608	1600	64976	100.00
Baú_velho	64604	VirCor	BR	1927	1920	64604	100.00
Filomena_Borges	64591	AluAze	BR	1884	1880	64591	100.00
O_Bem_e_o_Mal	64527	CamCBra	PT	1863	1860	64527	100.00
O_Conde_de_S._Luís	64481	TomMel	PT	1874	1870	64481	100.00
Matilde	64407	AnMRSa	PT	1874	1870	64407	100.00
Memórias_II	64287	RauBra	PT	1925	1920	64287	100.00
As_Ilhas_Desconhecidas	64161	RauBra	PT	1926	1920	64161	100.00
A_luneta_mágica	63837	JMdM	BR	1869	1860	63837	100.00
Cenas_da_Foz	63826	CamCBra	PT	1860	1860	63826	100.00
Os_selvagens	63693	FraGAmo	PT	1875	1870	63693	100.00
Os_romances_da_semana	63685	JMdM	BR	1855	1850	63685	100.00
O_Príncipe_de_Nassau	63564	PauSet	BR	1925	1920	63564	100.00
Memórias_III	63469	RauBra	PT	1933	1930	63469	100.00
O_Homem	63308	AluAze	BR	1887	1880	63308	100.00
O_Carrasco_de_Vitor_Hugo	63167	CamCBra	PT	1872	1870	63167	100.00
O_Cura_de_São_Lourenço	62829	MMSAV	PT	1855	1850	62829	100.00
A_Divorciada	62380	JosAVie	PT	1906	1900	62380	100.00
Dentro_da_Noite	62335	JoadRio	BR	1910	1910	62335	100.00
A_Escrava_Isaura	62280	BerGui	BR	1875	1870	62280	100.00
Origens_Poéticas_do_Cristianismo	62197	TeoBra	PT	1880	1880	62197	100.00
George_Marcial	62196	VirVar	BR	1901	1900	62196	100.00
O_morto	62107	CoeNet	BR	1898	1890	62107	100.00
Inocência	62104	VisTau	BR	1872	1870	62104	100.00
Cartas_Familiares	61884	EcaQue	PT	1907	1900	61884	100.00
O_Livro_de_uma_Sogra	61857	AluAze	BR	1895	1890	61857	100.00
História_Sebástica	61840	MandSan	PT	1672	1670	61840	100.00
O_Conde_d_Abranhos	61760	EcaQue	PT	1925	1920	61760	100.00
Poesias_TOMO_II	61661	ADCS	PT	1807	1800	61661	100.00
Pero_da_Covilhã:_Episódio_Romântico_do_Século_XV	61638	ZNGB	PT	1897	1890	61638	100.00
Camões_(AG)	61587	AlmGar	PT	1825	1820	61587	100.00
Horas_de_Luta	61581	GueJun	PT	1910	1910	61581	100.00
A_carteira_de_um_neurastênico	61450	AntLob	BR	1903	1900	61450	100.00
As_Religiões_no_Rio	61357	JoadRio	BR	1904	1900	61357	100.00
Clara_dos_anjos	61310	LimBar	BR	1948	1940	61310	100.00
Mulheres_e_Crianças:_Notas_Sobre_Educação	61252	MAVC	PT	1880	1880	61252	100.00
A_arte_de_furtar	61231	MandCos	PT	1601	1600	61231	100.00
Poesias_TOMO_IV	61154	ADCS	PT	1807	1800	61154	100.00
Poemas_Escolhidos	60976	ClaMCos	BR	1768	1760	60976	100.00
Ecos_de_Paris	60746	EcaQue	PT	1905	1900	60746	100.00
A_Filha_do_Regicida	60490	CamCBra	PT	1875	1870	60490	100.00
Histórias_sem_Data	60468	MacAss	BR	1884	1880	60468	100.00
Amor_de_Perdição	60413	CamCBra	PT	1862	1860	60413	100.00
O_Retrato_de_Ricardina	60293	CamCBra	PT	1868	1860	60293	100.00
Ele	60279	ClaCam	PT	1899	1890	60279	100.00
Maria_ou_a_menina_roubada	60045	AGTS	BR	1852	1850	60045	100.00
Memorial_de_Aires	59736	MacAss	BR	1908	1900	59736	100.00
Nova_Floresta	59589	ManBer	PT	1644	1640	59589	100.00
A_Queda_dum_Anjo	59534	CamCBra	PT	1866	1860	59534	100.00
Contos_e_fantasias	59322	MAVC	PT	1880	1880	59322	100.00
A_vida_de_Frei_Bertolameu_dos_Mártires	59244	LuidSou	PT	1556	1550	59244	100.00
Amor_de_Salvação	59021	CamCBra	PT	1864	1860	59021	100.00
Discursos_vários_políticos	58891	ManSFar	PT	1583	1580	58891	100.00
Os_Bravos_do_Mindelo	58693	FauFon	PT	1906	1900	58693	100.00
A_chave_do_enigma	58627	FelCas	PT	1861	1860	58627	100.00
A_Vingança	58571	CamCBra	PT	1858	1850	58571	100.00
Memórias_do_Cárcere_I	58481	CamCBra	PT	1862	1860	58481	100.00
A_Lenda_da_Meia-Noite	58443	PinCha	PT	1906	1900	58443	100.00
Euronovela	58381	MigVAlm	PT	1998	1990	58381	100.00
Um_duelo_nas_sombras,_ou_D._Francisco_Manuel_de_Melo_(1630)	58165	AntFBar	PT	1875	1870	58165	100.00
Os_Brilhantes_do_Brasileiro	57789	CamCBra	PT	1869	1860	57789	100.00
O_Povo_Português_nos_seus_Costumes,_Crenças_e_Tradições_II	57784	TeoBra	PT	1885	1880	57784	100.00
O_Povo_Português_nos_seus_Costumes,_Crenças_e_Tradições_III	57784	TeoBra	PT	1885	1880	57784	100.00
A_Mortalha_de_Alzira	57685	AluAze	BR	1894	1890	57685	100.00
Monarchia_Lusitana	57618	AntBra	PT	1584	1580	57618	100.00
Da_pintura_antiga	57347	FradHol	PT	1517	1510	57347	100.00
Historia_do_futuro	56975	AntVie	PT	1608	1600	56975	100.00
A_Moreninha	56824	JMdM	BR	1844	1840	56824	100.00
O_Cemitério_dos_Vivos	56748	LimBar	BR	1920	1920	56748	100.00
Novo_Testamento:_João_e_Atos	56688	JoaFAlm	PT	1629	1620	56688	100.00
Viagem_à_Roda_da_Parvónia	56663	GueJun	PT	1879	1870	56663	100.00
Os_Brâmanes	56562	FraLGom	PT	1866	1860	56562	100.00
Os_filhos_de_Inês_de_Castro	56557	FFJL	PT	1905	1900	56557	100.00
Os_filhos_de_Inês_de_Castro_(FFJL)	56557	FFJL	PT	1905	1900	56557	100.00
O_futuro_à_janela	56481	LuiFSil	PT	1991	1990	56481	100.00
Cartas_Inéditas_de_Fradique_Mendes	56363	EcaQue	PT	1929	1920	56363	100.00
Vida_do_apostólico_padre_Antonio_Vieira	56355	AndBar	PT	1675	1670	56355	100.00
Herança_de_lágrimas	56206	LopSou	PT	1871	1870	56206	100.00
Coração_Cabeça_e_Estômago	56069	CamCBra	PT	1862	1860	56069	100.00
Crônica_del-Rei_D_Diniz	55925	RuydPin	PT	1440	1440	55925	100.00
Elvenda,_ou_Conquista_de_Coimbra_por_Fernando_Magno	55697	ManCPCou	PT	1858	1850	55697	100.00
O_Manuelinho_de_Évora	55560	AntFBar	PT	1873	1870	55560	100.00
Coisas_Espantosas	55445	CamCBra	PT	1862	1860	55445	100.00
Da_Monarquia_Lusitana	55361	BerBri	PT	1569	1560	55361	100.00
Os_Pescadores	55271	RauBra	PT	1923	1920	55271	100.00
Doze_Casamentos_Felizes	55240	CamCBra	PT	1861	1860	55240	100.00
A_Doida_do_Candal	55148	CamCBra	PT	1867	1860	55148	100.00
Nova_Sapho:_Tragedia_Extranha	55063	VisVil	PT	1911	1910	55063	100.00
A_descoberta_e_conquista_da_Índia_pelos_portugueses:_romance_historico	54912	LobAvi	PT	1898	1890	54912	100.00
Os_Pobres	54723	RauBra	PT	1906	1900	54723	100.00
Obras_Completas_Tomo_XI	54640	FilEli	PT	1800	1800	54640	100.00
Memórias_do_Cárcere_II	54503	CamCBra	PT	1862	1860	54503	100.00
Úrsula	54371	MFdR	BR	1859	1850	54371	100.00
O_médico_do_deserto	54130	JosJRBas	PT	1864	1860	54130	100.00
Décadas	54006	DiodCou	PT	1542	1540	54006	100.00
Esteiros	53973	SoePGom	PT	1941	1940	53973	100.00
O_Sacrifício	53817	FraTav	BR	1879	1870	53817	100.00
Crônica_del-Rei_Dom_João_I	53731	FerLop	PT	1380	1380	53731	100.00
Poesias	53665	SoadPas	PT	1856	1850	53665	100.00
Teatro,_Almeida_Garret	53307	AlmGar	PT	1799	1790	53307	100.00
A_Farsa	53134	RauBra	PT	1903	1900	53134	100.00
Versos_Tomo_IV	53062	FilEli	PT	1817	1810	53062	100.00
Vale_de_Josafá	53010	HumCam	BR	1918	1910	53010	100.00
Aventuras_de_Basílio_Fernandes_Enxertado	52752	CamCBra	PT	1863	1860	52752	100.00
Livro_Negro_de_Padre_Dinis_II	52260	CamCBra	PT	1855	1850	52260	100.00
A_Marquesa_de_Vale_Negro	52251	MarONei	PT	1914	1910	52251	100.00
Uma_Campanha_Alegre_II	51924	EcaQue	PT	1891	1890	51924	100.00
O_ermitão_do_Muquém	51918	BerGui	BR	1868	1860	51918	100.00
Adelina	51751	AnaPla	PT	1863	1860	51751	100.00
As_Praias_de_Portugal._Guia_do_Banhista_e_do_Viajante	51735	RamOrt	PT	1876	1870	51735	100.00
O_touro_negro	51257	AluAze	BR	1938	1930	51257	100.00
Arzila:_Romance_do_Século_XV	50951	BerPPin	PT	1862	1860	50951	100.00
O_exilado	50927	MauFig	PT	1900	1900	50927	100.00
Novelas_Doidas	50842	VirCor	BR	1921	1920	50842	100.00
Grãos_de_mostarda	50747	HumCam	BR	1926	1920	50747	100.00
A_bruxa:_cenas_açorianas	50696	AugLou	PT	1901	1900	50696	100.00
O_garimpeiro	50609	BerGui	BR	1972	1970	50609	100.00
Livro_Negro_de_Padre_Dinis_I	50329	CamCBra	PT	1855	1850	50329	100.00
A_história_de_Dona_Redonda_e_da_sua_gente	50085	VirCA	PT	1941	1940	50085	100.00
Macunaíma	50050	MardAnd	BR	1928	1920	50050	100.00
Memorial_de_um_passageiro_de_bonde	49916	AmaAma	BR	1938	1930	49916	100.00
Tentação	49683	AdoCam	BR	1896	1890	49683	100.00
Tentacao	49617	AdoCam	BR	1896	1890	49617	100.00
Contrastes_e_Confrontos	49127	EucCun	BR	1866	1860	49127	100.00
O_Que_Fazem_Mulheres	49047	CamCBra	PT	1858	1850	49047	100.00
Textos_varios_Parte_1	48956	GreMat	BR	1650	1650	48956	100.00
Esfinge	48431	CoeNet	BR	1908	1900	48431	100.00
Arca_açoriana	48282	AlmCAnd	BR	1984	1980	48282	100.00
Contos_fantásticos	47864	TeoBra	PT	1865	1860	47864	100.00
A_capital_federal	47480	CoeNet	BR	1915	1910	47480	100.00
Poesias_de_Julio_Dinis	47227	JulDin	PT	1873	1870	47227	100.00
A_retirada_da_Laguna,_narrativa_de_campanha	46697	VisTau	BR	1874	1870	46697	100.00
Paisagens_da_China_e_do_Japão	46414	VenMor	PT	1906	1900	46414	100.00
O_cacaolista:_scenas_da_vida_do_Amazonas	46296	IngSou	BR	1899	1890	46296	100.00
O_Brasileiro_Soares	46225	LuiMag	PT	1886	1880	46225	100.00
A_cidade_maravilhosa	46033	CoeNet	BR	1928	1920	46033	100.00
O_Bom-Crioulo	45883	AdoCam	BR	1895	1890	45883	100.00
Contos	45856	JoadCam	PT	1900	1900	31603	68.92
Contos	45856	MandOPai	BR	1888	1880	14253	68.92
O_brigue_flibusteiro	45733	VirVar	BR	1904	1900	45733	100.00
O_Engeitado_(InaPSar)	45664	InaPSar	PT	1846	1840	45664	100.00
Sonetos_(MMBB)	45127	AMBB	PT	1799	1790	45127	100.00
Memórias_Biográficas	45052	AlmGar	PT	1853	1850	45052	100.00
Os_tripeiros:_Crónica_do_século_XIV	44846	AJCL	PT	1857	1850	44846	100.00
História_Alegre_de_Portugal	44811	PinCha	PT	1880	1880	44811	100.00
O_seminarista	44703	BerGui	BR	1872	1870	44703	100.00
Um_Livro	44610	CamCBra	PT	1855	1850	44610	100.00
Crónica_de_El-Rei_D._Afonso_Henriques	44467	DuaGal	PT	1505	1500	44467	100.00
mISTério@Tagus	44178	LuiMSil	PT	2020	2020	44178	100.00
Noites_de_Lamego	44170	CamCBra	PT	1872	1870	44170	100.00
Vencido	44011	FAMFM	PT	1914	1910	44011	100.00
A_luta	43999	EmiBdM	BR	1911	1910	43999	100.00
Teatro,_António_Ribeiro_Chiado	43936	AntRChi	PT	1520	1520	43936	100.00
A_ideia_da_comadre_Mónica	43822	FiaAlm	PT	1881	1880	43822	100.00
Catão	43743	AlmGar	PT	1821	1820	43743	100.00
Amar,_verbo_intransitivo	43411	MardAnd	BR	1927	1920	43411	100.00
Romanceiro	43377	CoeNet	BR	1898	1890	43377	100.00
Mana_Maria	43204	AlcMac	BR	1936	1930	21580	49.95
Mana_Maria	43204	AntAMac	BR	1936	1930	21624	49.95
O_Tupinambá	43165	SouLim	BR	1931	1930	43165	100.00
Ressurreição	42955	MacAss	BR	1872	1870	42955	100.00
No_declínio	42815	VisTau	BR	1889	1880	42815	100.00
No_Bom_Jesus_do_Monte	42764	CamCBra	PT	1864	1860	42764	100.00
O_soldado_de_Aljubarrota	42521	MatBet	PT	1857	1850	42521	100.00
Dona_Branca	42361	AlmGar	PT	1826	1820	42361	100.00
O_Pároco_de_Aldeia	42081	AleHer	PT	1851	1850	42081	100.00
A_viúva_Simões	41909	JulLAlm	BR	1895	1890	41909	100.00
A_Morte_de_D._João	41582	GueJun	PT	1874	1870	41582	100.00
A_Mão_e_a_Luva	41250	MacAss	BR	1874	1870	41250	100.00
Decameron	41171	VirCA	PT	1916	1910	41171	100.00
Vulcões_de_Lama	41086	CamCBra	PT	1886	1880	41086	100.00
A_pata_da_gazela	40746	JosdAle	BR	1870	1870	40746	100.00
Teatro,_Francisco_Sá_de_Miranda	40521	FraSMir	PT	1481	1480	40521	100.00
Pátria	40275	GueJun	PT	1896	1890	40275	100.00
Os_filhos_da_Candinha	40230	MardAnd	BR	1943	1940	40230	100.00
Minaretes	40105	VirCor	BR	1902	1900	40105	100.00
Noites_de_Sintra	39831	AlbPim	PT	1892	1890	39831	100.00
Dramas_da_corte	39805	AlbOCas	PT	1905	1900	39805	100.00
Menina_e_Moça	39720	BerRib	PT	1554	1550	39720	100.00
Claridades_do_Sul	39662	GomLea	PT	1875	1870	39662	100.00
Poesia_do_Direito	39661	TeoBra	PT	1865	1860	39661	100.00
A_Morte_do_Palhaço	39509	RauBra	PT	1926	1920	39509	100.00
Últimas_crônicas	39374	HumCam	BR	1936	1930	39374	100.00
Balas_de_estalo	39302	MacAss	BR	1883	1880	39302	100.00
Ao_Entardecer	39104	VisTau	BR	1901	1900	39104	100.00
Uma_lágrima_de_mulher	38852	AluAze	BR	1879	1870	38852	100.00
Cancioneiro_Alegre_I	38835	CamCBra	PT	1879	1870	38835	100.00
Mano	38352	CoeNet	BR	1924	1920	38352	100.00
Perfis_Biográficos	38336	CamCBra	PT	1872	1870	38336	100.00
O_Alfageme_de_Santarém	38237	AlmGar	PT	1841	1840	38237	100.00
Memorias_d'um_doido:_romance_contemporâneo	38211	APLopMen	PT	1849	1840	38211	100.00
História_do_Futuro_II	38127	AntVie	PT	1659	1650	38127	100.00
O_monstro_e_outros_contos	38087	HumCam	BR	1932	1930	38087	100.00
Poesias_TOMO_I	38022	ADCS	PT	1807	1800	38022	100.00
Poesias_TOMO_III	37955	ADCS	PT	1807	1800	37955	100.00
Às_Mulheres_Portuguesas	37857	AnaCO	PT	1905	1900	37857	100.00
Tácito_Português	37769	FraMMel	PT	1608	1600	37769	100.00
Um_segredo_de_família	37717	JulDin	PT	1860	1860	37717	100.00
Campo_de_Flores_Tomo_II	37665	JoadDeu	PT	1893	1890	37665	100.00
Tríplice_Aliança	37412	RauAze	BR	1907	1900	37412	100.00
O_Labirinto_de_Creta	37039	AJSJ	PT	1736	1730	37039	100.00
O_Garatuja	36924	JosdAle	BR	1873	1870	36924	100.00
O_dominó_preto	36715	FloEsp	PT	1927	1920	36715	100.00
Eusébio_Macário	36559	CamCBra	PT	1879	1870	36559	100.00
O_Homem_que_Sabia_Javanês_e_Outros_Contos	36485	LimBar	BR	1997	1990	36485	100.00
Lirica_de_João_Mínimo	36386	AlmGar	PT	1829	1820	36386	100.00
Serão_inquieto	36286	AntPat	PT	1910	1910	36286	100.00
Fábulas	36225	CurSem	PT	1820	1820	36225	100.00
Duas_Horas_de_Leitura	35907	CamCBra	PT	1857	1850	35907	100.00
Teatro,_Gil_Vicente	35741	GilVic	PT	1465	1460	35741	100.00
O_Pobre_de_Pedir	35661	RauBra	PT	1931	1930	35661	100.00
Coisas_da_vida	35529	AlfAss	BR	1916	1910	35529	100.00
Os_irmãos_Leme	35521	PauSet	BR	1933	1930	35521	100.00
Alma_de_mulher	35475	MarFei	PT	1917	1910	35475	100.00
Poesias_TOMO_II_(AdJ)	34947	AbaJaz	PT	1787	1780	34947	100.00
Justiça_de_Sua_Majestade	34826	JulDin	PT	1870	1870	34826	100.00
Iracema,_lenda_do_Ceará	34784	JosdAle	BR	1865	1860	34784	100.00
Diva	34287	JosdAle	BR	1864	1860	34287	100.00
A_filha_do_Cabinda	33977	AlfCam	PT	1873	1870	33977	100.00
Encarnação	33879	JosdAle	BR	1877	1870	33879	100.00
Adosinda	33544	AlmGar	PT	1828	1820	33544	100.00
Vibrações_Líricas	33307	GueJun	PT	1924	1920	33307	100.00
Epístolas_e_Sátiras	33296	AMBB	PT	1809	1800	33296	100.00
As_jóias_da_Coroa	33159	RauPom	BR	1882	1880	33159	100.00
O_frade_arrábido:_romance_histórico_do_século_XVIII	33143	OliMas	PT	1881	1880	33143	100.00
Contos_para_a_Infância	33008	GueJun	PT	1881	1880	33008	100.00
Baladilhas	32991	CoeNet	BR	1844	1840	32991	100.00
A_Morgadinha_de_Valflor	32869	PinCha	PT	1842	1840	32869	100.00
Cartas_Chilenas	32860	TomAGon	BR	1786	1780	32860	100.00
Contos_fora_da_moda	32815	ArtAze	BR	1894	1890	32815	100.00
A_senhora_viscondessa	32461	MagLim	PT	1875	1870	32461	100.00
Banzo	32190	CoeNet	BR	1912	1910	32190	100.00
A_educanda_de_Odivelas	32180	JulDin	PT	1860	1860	32180	100.00
A_Velhice_do_Padre_Eterno	32027	GueJun	PT	1885	1880	32027	100.00
A_Confissão_de_Lúcio	31572	MarScar	PT	1913	1910	31572	100.00
Uma_Eleição_Perdida	31511	CondFic	PT	1888	1880	31511	100.00
Os_papéis_do_coronel	31333	HarLau	BR	1995	1990	31333	100.00
As_obras_do_diabinho_da_mão_furada	30885	AJSJ	PT	1700	1700	30885	100.00
Alves_e_Companhia	30771	EcaQue	PT	1925	1920	30771	100.00
Marina:_romance_passional	30643	MBenPin	PT	1912	1910	30643	100.00
O_sonho_das_esmeraldas	30570	PauSet	BR	1935	1930	30570	100.00
Feitos_de_Mem_de_Sá	30480	JosAnc	PT	1560	1560	30480	100.00
Frei_Luís_de_Sousa	30166	AlmGar	PT	1843	1840	30166	100.00
Vida_e_Morte_de_Madre_Helena_da_Cruz	30139	MardCeu	PT	1658	1650	30139	100.00
Gramática_da_Linguagem_Portuguesa	29733	FerOli	PT	1536	1530	29733	100.00
Anfitrião_ou_Júpiter_e_Alcmena	29541	AJSJ	PT	1736	1730	29541	100.00
Poesia_e_Pintura	29295	ManPAlm	PT	1597	1590	29295	100.00
Um_Auto_de_Gil_Vicente	29290	AlmGar	PT	1838	1830	29290	100.00
Só_(AN)	29068	AntNob	PT	1892	1890	29068	100.00
A_ruiva	29057	FiaAlm	PT	1881	1880	29057	100.00
O_Cristão_novo	28873	DiodMac	PT	1876	1870	28873	100.00
Uma_tragédia_no_Amazonas	28618	RauPom	BR	1882	1880	28618	100.00
Hóspede	28556	ParMal	BR	1887	1880	28556	100.00
Helena_(AG)	28331	AlmGar	PT	1854	1850	28331	100.00
Um_rei_popular	28243	JulDin	PT	1858	1850	28243	100.00
A_inauguração_da_estátua_equestre	28051	JoaCCas	PT	1815	1810	28051	100.00
D._João_e_a_Máscara	27972	AntPat	PT	1924	1920	27972	100.00
Pedro,_o_Cru	27969	AntPat	PT	1913	1910	27969	100.00
Máscaras_do_destino	27902	FloEsp	PT	1931	1930	27902	100.00
Lendas_e_Narrativas_II	27856	AleHer	PT	1851	1850	27856	100.00
Judas	27754	AugLac	PT	1901	1900	27754	100.00
O_vaqueano	27726	ApoPA	BR	1872	1870	27726	100.00
Poesias_TOMO_I_(AdJ)	27683	AbaJaz	PT	1787	1780	27683	100.00
O_Japão	27488	AluAze	BR	1984	1980	27488	100.00
Obras_Completas,_Correia_Garção	27408	CorGar	PT	1724	1720	27408	100.00
Guerras_do_Alecrim_e_Manjerona	27405	AJSJ	PT	1737	1730	27405	100.00
A_Infanta_Capelista	27275	CamCBra	PT	1872	1870	27275	100.00
Marília_de_Dirceu	27176	TomAGon	BR	1792	1790	27176	100.00
O_Regente	26644	MarMes	PT	1856	1850	26644	100.00
Casa_velha	26625	MacAss	BR	1885	1880	26625	100.00
Os_franceses_no_Rio_de_Janeiro	26449	MorAze	BR	1870	1870	26449	100.00
Ubijarara	26431	JosdAle	BR	1874	1870	26431	100.00
No_País_dos_Ianques	26359	AdoCam	BR	1894	1890	26359	100.00
Precipício_de_Faetonte	26091	AJSJ	PT	1738	1730	26091	100.00
Tesouro_Poético_da_Infância	26007	AntQue	PT	1883	1880	26007	100.00
Paulo	25983	BruSea	BR	1861	1860	25983	100.00
Bons_dias	25924	MacAss	BR	1888	1880	25924	100.00
O_olho_de_vidro:_romance_histórico	25530	CamCBra	PT	1866	1860	25530	100.00
Musa_Jocosa_de_Vários_Entremezes_Portugueses_e_Castelhanos	25516	NunNSut	PT	1675	1670	25516	100.00
Odes_Modernas	25428	AntQue	PT	1865	1860	25428	100.00
Esopaida_ou_Vida_de_Esopo	25421	AJSJ	PT	1734	1730	25421	100.00
História_da_Província_de_Santa_Cruz	25387	PerMGan	PT	1502	1500	25387	100.00
Vesperal	25358	CoeNet	BR	1922	1920	25358	100.00
Um_contemporâneo_do_Infante_D._Henrique	25211	AlbPim	PT	1894	1890	25211	100.00
Comentários_da_semana	25203	MacAss	BR	1861	1860	25203	100.00
O_Dr._Luís_Sandoval	25172	AliMod	PT	1892	1890	25172	100.00
Poesias_Escolhidas	24967	MardAlo	PT	1844	1840	24967	100.00
Ao_de_leve	24751	BriCam	PT	1913	1910	24751	100.00
Canteiro_de_saudades	24718	CoeNet	BR	1927	1920	24718	100.00
Composições_Poéticas	24621	JosACun	PT	1836	1830	24621	100.00
Espumas_Flutuantes	24548	CasAlv	BR	1870	1870	24548	100.00
Vida_do_Grande_D._Quixote_de_La_Mancha_e_do_Gordo_Sancho_Panca	24335	AJSJ	PT	1733	1730	24335	100.00
Entremezes_de_Cordel	24188	JDRC	PT	1757	1750	24188	100.00
O_juramento_da_condessa_Ester	24113	FiaAlm	PT	1914	1910	24113	100.00
O_Mandarim	24005	EcaQue	PT	1880	1880	24005	100.00
cronicas_do_Dr._Semana	23977	MacAss	BR	1861	1860	23977	100.00
História_de_quinze_dias	23764	MacAss	BR	1876	1870	23764	100.00
Henriqueta	23564	MPerSou	PT	1867	1860	23564	100.00
História_da_Província_Santa_Cruz	23506	PerMGan	PT	1576	1570	23506	100.00
As_duas_cartas	23441	JulDin	PT	1857	1850	23441	100.00
As_apreensões_de_uma_mãe	23289	JulDin	PT	1870	1870	23289	100.00
O_Solar_dos_Pavões	23146	VirCA	PT	1916	1910	23146	100.00
Itinerário_da_Viagem_que_Fez_a_Jerusalém_o_M.R.P.	23075	FraGue	PT	1550	1550	23075	100.00
Vindita_braba	22768	OthGEca	BR	1923	1920	22768	100.00
Os_novelos_da_tia_Filomela	22763	JulDin	PT	1870	1870	22763	100.00
cronicas_(O_Futuro)	22307	MacAss	BR	1862	1860	22307	100.00
Flores_sem_Fruto	22236	AlmGar	PT	1845	1840	22236	100.00
Prosas_Dispersas	22043	GueJun	PT	1920	1920	22043	100.00
A_Voz_do_Profeta	21903	AleHer	PT	1836	1830	21903	100.00
Os_Vilhalpandos	21855	FraSMir	PT	1595	1590	21855	100.00
Rapsódias	21757	CoeNet	BR	1891	1890	21757	100.00
A_Harpa_do_Crente	21746	AleHer	PT	1838	1830	21746	100.00
Sonetos_e_poemas	21495	AlbOli	BR	1885	1880	21495	100.00
A_Musa_em_Férias	21264	GueJun	PT	1879	1870	21264	100.00
Diário_de_uma_criança	21243	AnaCO	PT	1908	1900	21243	100.00
Infelizes:_Histórias_vividas	21238	AnaCO	PT	1898	1890	21238	100.00
Idílios	21159	AMBB	PT	1791	1790	21159	100.00
A_esmo	21055	RauAze	BR	1903	1900	21055	100.00
Noite_na_taverna	20750	AlvdAze	BR	1855	1850	20750	100.00
O_subterrâneo_do_morro_do_castelo	20541	LimBar	BR	1905	1900	20541	100.00
Os_Encantos_de_Medeia	20436	AJSJ	PT	1735	1730	20436	100.00
A_viuvinha	20376	JosdAle	BR	1857	1850	20376	100.00
O_Livro_de_Cesário_Verde	20065	CesVer	PT	1901	1900	20065	100.00
Teatro_da_Maior_Façanha,_e_Glória_Portuguesa	20032	DioFFig	PT	1642	1640	20032	100.00
Sacrificada	20013	AnaCO	PT	1908	1900	20013	100.00
As_Verdades_de_Proteu	19953	AJSJ	PT	1737	1730	19953	100.00
Orações	19949	CorGar	PT	1778	1770	19949	100.00
Agostinho_de_Ceuta	19818	CamCBra	PT	1847	1840	19818	100.00
O_alienista	19805	MacAss	BR	1882	1880	19805	100.00
Textos_sobre_Camões	19662	CamCBra	PT	1857	1850	19662	100.00
Crónica_Certa_e_muito_Verdadeira_de_Maria_da_Fonte	19638	FelCas	PT	1846	1840	19638	100.00
Sonetos	19613	AntQue	PT	1861	1860	19613	100.00
Por_bom_caminho	19534	MarONei	PT	1914	1910	19534	100.00
Notas_semanais	19457	MacAss	BR	1878	1870	19457	100.00
Ósmia,_ou_a_Lusitana	19138	MandFig	PT	1773	1770	19138	100.00
Qual_dos_dois	19032	MacAss	BR	1872	1870	19032	100.00
Sermão_da_Primeira_Dominga_do_Advento_2	18585	AntVie	PT	1655	1650	18585	100.00
Primaveras_Românticas	18060	AntQue	PT	1872	1870	18060	100.00
Questão_de_vaidade	18002	MacAss	BR	1864	1860	18002	100.00
Lisboa_no_Ano_Três_Mil	17909	CanFig	PT	1892	1890	17909	100.00
Adelaide_de_Sargans	17693	CaeASFil	BR	1870	1870	17693	100.00
Inspirações	17612	CamCBra	PT	1851	1850	17612	100.00
O_casamento_da_Condessa_de_Amieira	17295	JulDin	PT	1871	1870	17295	100.00
A_eminente_actriz	17105	FiaAlm	PT	1914	1910	17105	100.00
Alice	16885	MAVC	PT	1877	1870	16885	100.00
Teatro,_André_Brun	16841	AndBru	PT	1881	1880	16841	100.00
Elogios	16749	AMBB	PT	1805	1800	16749	100.00
O_Ermitão_da_Glória	16710	JosdAle	BR	1873	1870	16710	100.00
Cinco_Minutos	16563	JosdAle	BR	1856	1850	16563	100.00
Loucura...	16363	MarScar	PT	1912	1910	16363	100.00
Uma_flor_de_entre_o_gelo	16117	JulDin	PT	1870	1870	16117	100.00
Statira,_e_Zoroastes	15997	LucJAlv	BR	1826	1820	15997	100.00
O_Espelho_da_Marquesa	15962	GomLea	PT	1880	1880	15962	100.00
A_Morgadinha_de_Val-d'Amores	15937	CamCBra	PT	1825	1820	15937	100.00
Filipa_de_Vilhena	15903	AlmGar	PT	1846	1840	15903	100.00
O_Uraguai	15880	BasGam	BR	1769	1760	15880	100.00
Os_Vilancicos	15835	JoaMRem	PT	1923	1920	15835	100.00
Os_Estrangeiros	15753	FraSMir	PT	1595	1590	15753	100.00
As_sete_dores_de_Nossa_Senhora	15719	CoeNet	BR	1922	1920	15719	100.00
O_Gebo_e_a_Sombra	15709	RauBra	PT	1923	1920	15709	100.00
Nem_uma_nem_outra	15652	MacAss	BR	1873	1870	15652	100.00
Os_Canibais	15623	AlvCar	PT	1868	1860	15623	100.00
A_vida_por_um_prejuízo	15483	AliPes	PT	1908	1900	15483	100.00
O_Romance_da_Rainha_Mercedes	15474	AlbPim	PT	1879	1870	15474	100.00
Dramas_Alegóricos	15361	AMBB	PT	1803	1800	15361	100.00
Odes	14991	CorGar	PT	1778	1770	14991	100.00
O_Que_Eu_Vi,_o_Que_Nós_Veremos	14956	SanDum	BR	1918	1910	14956	100.00
O_anjo_Rafael	14869	MacAss	BR	1869	1860	14869	100.00
Novelas_paulistanas	14829	AlcMac	BR	1961	1960	14829	100.00
Causas_da_Decadência_dos_Povos_Peninsulares	14813	AntQue	PT	1871	1870	14813	100.00
Inocente	14733	VirCA	PT	1916	1910	14733	100.00
Odes_(MMBB)	14651	AMBB	PT	1815	1810	14651	100.00
A_engomadeira:_novela_vulgar_lisboeta	14598	AlmNeg	PT	1917	1910	14598	100.00
A_Alma_Nova	14593	GuiAze	PT	1873	1870	14593	100.00
Tragédia_Castro	14538	AntFer	PT	1587	1580	14538	100.00
Aves_migradoras	14267	FiaAlm	PT	1914	1910	14267	100.00
Mérope	14227	AlmGar	PT	1821	1820	14227	100.00
Folhas_Caídas	14227	AlmGar	PT	1853	1850	14227	100.00
Similia_similibus	14212	JulDin	PT	1858	1850	14212	100.00
A_alma_de_Lázaro	14150	JosdAle	BR	1873	1870	14150	100.00
A_pálida_estrela	14052	BulPat	PT	1864	1860	14052	100.00
Sermão_de_Santo_António	14002	AntVie	PT	1654	1650	14002	100.00
História_da_Antiguidade_da_Cidade_de_Évora	13991	AndRes	PT	1576	1570	13991	100.00
Purgatório_e_paraíso	13980	CamCBra	PT	1857	1850	13980	100.00
O_Galego	13975	AleHer	PT	1846	1840	13975	100.00
Sermao_do_Espírito_Santo	13930	AntVie	PT	1657	1650	13930	100.00
Sempre_amigos	13742	FiaAlm	PT	1881	1880	13742	100.00
Ida	13642	VirBDua	BR	1865	1860	13642	100.00
O_caminho_de_Damasco	13554	MacAss	BR	1871	1870	13554	100.00
Sermão_de_Santo_Inácio	13472	AntVie	PT	1669	1660	13472	100.00
Encher_tempo	13272	MacAss	BR	1876	1870	13272	100.00
Sermão_da_Sexagésima	13272	AntVie	PT	1655	1650	13272	100.00
Auto_Chamado_de_Filodemo	13243	LuidCam	PT	1587	1580	13243	100.00
Sermão_do_Bom_Ladrão	13015	AntVie	PT	1655	1650	13015	100.00
Os_anéis_ou_inconvenientes_de_amar_às_escuras	12980	JulDin	PT	1857	1850	12980	100.00
Badaladas	12855	MacAss	BR	1871	1870	12855	100.00
Brás,_Bexiga_e_Barra_Funda	12812	AlcMac	BR	1926	1920	12812	100.00
Sol_de_Inverno	12711	AntFei	PT	1922	1920	12711	100.00
A_última_ceia_do_Doutor_Fausto	12544	AlbPim	PT	1876	1870	12544	100.00
Tio_Simplício	12534	AlmGar	PT	1846	1840	12534	100.00
Poesias_Completas	12469	MarScar	PT	1917	1910	12469	100.00
Epístolas,_Sátiras_e_outras_composições	12340	CorGar	PT	1778	1770	12340	100.00
Sermão_de_S._Pedro	12286	AntVie	PT	1644	1640	12286	100.00
Rose-Castle	12190	VirVar	BR	1893	1890	12190	100.00
Sermão_do_Nascimento_da_Virgem_Maria	12129	AntVie	PT	1657	1650	12129	100.00
Sermao_Contra_o_Filosofismo_do_Séeculo_XIX	12059	JosAMac	PT	1811	1810	12059	100.00
Fábulas_e_Contos	11902	AlmGar	PT	1853	1850	11902	100.00
Pequeno_drama_na_aldeia	11837	FiaAlm	PT	1914	1910	11837	100.00
Astúcias_de_namorada	11660	PinCha	PT	1873	1870	11660	100.00
Sermão_do_Mandato	11528	AntVie	PT	1645	1640	11528	100.00
O_pai	11458	MacAss	BR	1866	1860	11458	100.00
As_noites_do_asceta	11385	AlbPim	PT	1876	1870	11385	100.00
Viriato	11273	MandFig	PT	1757	1750	11273	100.00
Vida_de_Takla_Haymanot	11197	ManAAlm	PT	1650	1650	11197	100.00
Suplício_de_uma_mulher	11192	MacAss	BR	1865	1860	11192	100.00
Um_novo_mundo	11178	GuiRCab	PT	1895	1890	11178	100.00
O_último_baile_do_sr._José_da_Cunha	11165	JulDin	PT	1857	1850	11165	100.00
Sermão_da_Terceira_Quarta-feira_da_Quaresma	11004	AntVie	PT	1669	1660	11004	100.00
e-medo	10897	LuiMSil	PT	2008	2000	10897	100.00
Como_e_porque_sou_romancista	10891	JosdAle	BR	1893	1890	10891	100.00
Versos	10872	AugGil	PT	1898	1890	10872	100.00
Justiça	10775	CamCBra	PT	1856	1850	10775	100.00
Comédia_de_Rubena	10665	GilVic	PT	1521	1520	10665	100.00
Sermão_pelo_Bom_Sucesso_das_Armas_de_Portugal_contra_as_de_Holanda	10625	AntVie	PT	1640	1640	10625	100.00
Musa_Entretenida_de_Vários_Entremezes	10610	ManCReb	PT	1625	1620	10610	100.00
O_Fidalgo_Aprendiz	10523	FraMMel	PT	1608	1600	10523	100.00
Alba_Plena	10467	AugGil	PT	1916	1910	10467	100.00
Rui_de_Leão	10387	MacAss	BR	1872	1870	10387	100.00
Espinhos_e_flores	10362	CamCBra	PT	1857	1850	10362	100.00
Sermão_da_Quarta-feira_de_Cinza	10348	AntVie	PT	1670	1670	10348	100.00
Os_heróis_de_novela	10305	FilEli	PT	1799	1790	10305	100.00
Poesias_Dispersas	10290	GueJun	PT	1884	1880	10290	100.00
Sermão_dos_Bons_Anos	10237	AntVie	PT	1642	1640	10237	100.00
Sermão_da_Primeira_Dominga_do_Advento_1	10236	AntVie	PT	1650	1650	10236	100.00
Relato_da_Mui_Notável_Perda_do_Galeão_Grande_«S._João»	10234	Anon	PT	1554	1550	10234	100.00
Sermão_da_Quinta_Dominga_da_Quaresma	10205	AntVie	PT	1654	1650	10205	100.00
O_último_dia_de_um_poeta	10183	MacAss	BR	1867	1860	10183	100.00
Lisboa_no_ano_2000	10146	MelMat	PT	1906	2000	10146	100.00
Demônios	10131	AluAze	BR	1893	1890	10131	100.00
Sermão_da_Glória_de_Maria,_Mãe_de_Deus	10080	AntVie	PT	1644	1640	10080	100.00
Falar_Verdade_a_Mentir	10069	AlmGar	PT	1845	1840	10069	100.00
A_Fome_de_Camões	9971	GomLea	PT	1880	1880	9971	100.00
Os_Simples	9957	GueJun	PT	1892	1890	9957	100.00
O_Engeitado	9910	AlbBra	PT	1888	1880	9910	100.00
Uma_por_outra	9908	MacAss	BR	1897	1890	9908	100.00
A_pianista	9828	MacAss	BR	1866	1860	9828	100.00
O_sineiro_de_Santa-Agatha	9805	FiaAlm	PT	1914	1910	9805	100.00
Valério	9695	MacAss	BR	1874	1870	9695	100.00
Lampadário_de_Cristal	9683	JerBai	PT	1750	1750	9683	100.00
Felicidade_pelo_casamento	9613	MacAss	BR	1866	1860	9613	100.00
O_Lobisomem	9503	VirCA	PT	1926	1920	9503	100.00
A_feiticeira	9458	AnaCO	PT	1908	1900	9458	100.00
Aventuras_do_sr._Criptogamo_:_romance_humorístico	9454	AlfMPin	PT	1899	1890	9454	100.00
A_noiva_do_paladino	9404	VirVar	BR	1901	1900	9404	100.00
Gupeva	9357	MFdR	BR	1861	1860	9357	100.00
Poesia_ou_dinheiro?	9353	CamCBra	PT	1855	1850	9353	100.00
O_capitão_Mendonça	9287	MacAss	BR	1870	1870	9287	100.00
D._Mônica	9258	MacAss	BR	1876	1870	9258	100.00
Quem_não_quer_ser_lobo...	9192	MacAss	BR	1872	1870	9192	100.00
Carta_a_El-rei_Dom_Manuel_Sobre_o_Achamento_do_Brasil	9189	PerVCam	PT	1500	1500	9189	100.00
Antes_que_cases	9172	MacAss	BR	1875	1870	9172	100.00
Tereza_Batista	9098	JorAma	BR	1972	1970	9098	100.00
O_imortal	9046	MacAss	BR	1882	1880	9046	100.00
Silvestre	9039	MacAss	BR	1877	1870	9039	100.00
Dívida_extinta	8983	MacAss	BR	1878	1870	8983	100.00
O_Fim	8914	AntPat	PT	1909	1900	8914	100.00
D._Benedita	8903	MacAss	BR	1882	1880	8903	100.00
Poesias_com_mote	8888	AMBB	PT	1797	1790	8888	100.00
O_programa	8852	MacAss	BR	1882	1880	8852	100.00
Tratado_das_paixões_da_alma	8801	LobAnt	PT	1990	1990	8801	100.00
Marta_Sandomil	8587	ClaCam	PT	1892	1890	8587	100.00
Miloca	8559	MacAss	BR	1874	1870	8559	100.00
O_espólio_do_senhor_Cipriano	8300	JulDin	PT	1870	1870	8300	100.00
Um_para_o_outro	8232	MacAss	BR	1879	1870	8232	100.00
Auto_de_Sao_Lourenco	8211	JosAnc	PT	1586	1580	8211	100.00
Sonetos_(CG)	8208	CorGar	PT	1778	1770	8208	100.00
Auto_dos_Anfatriões	8178	LuidCam	PT	1587	1580	8178	100.00
Elegias_e_Epicédios	8084	AMBB	PT	1802	1800	8084	100.00
A_cruz_de_fogo	8020	JosRLea	BR	1862	1860	8020	100.00
Um_melodrama_em_Santo_Tirso	8020	PinCha	PT	1873	1870	8020	100.00
Camões	7974	JoaNab	BR	1880	1880	7974	100.00
Almas_agradecidas	7967	MacAss	BR	1871	1870	7967	100.00
Um_ambicioso	7952	MacAss	BR	1877	1870	7952	100.00
A_chave	7949	MacAss	BR	1879	1870	7949	100.00
__UNDEF__	7884	__UNDEF__	__UNDEF__	__UNDEF__	__UNDEF__	7884	100.00
Cristo_não_volta	7857	AlbPim	PT	1873	1870	7857	100.00
Assembleia_ou_partida	7856	CorGar	PT	1778	1770	7856	100.00
Possível_e_impossível	7823	MacAss	BR	1867	1860	7823	100.00
Poesias_Anacreônticas	7788	AMBB	PT	1806	1800	7788	100.00
Missão_191208	7721	LuiMSil	PT	2008	2000	7721	100.00
A_dança_dos_ossos	7714	BerGui	BR	1871	1870	7714	100.00
A_situação_política	7706	AlfPim	PT	1918	1910	7706	100.00
Mais_Uma	7670	CondFic	PT	1888	1880	7670	100.00
O_caso_da_viúva	7667	MacAss	BR	1881	1880	7667	100.00
Uma_loureira	7659	MacAss	BR	1872	1870	7659	100.00
Muitos_anos_depois	7589	MacAss	BR	1874	1870	7589	100.00
Auto_da_História_de_Deus	7551	GilVic	PT	1527	1520	7551	100.00
Dissertações	7536	CorGar	PT	1757	1750	7536	100.00
Sem_olhos	7510	MacAss	BR	1876	1870	7510	100.00
Cantos_e_Cantatas	7494	AMBB	PT	1800	1800	7494	100.00
Farsa_ou_Auto_de_Inês_Pereira	7421	GilVic	PT	1523	1520	7421	100.00
Breve_sumário_da_história_de_Deus	7257	GilVic	PT	1528	1520	7257	100.00
Os_óculos_de_Pedro_Antão	7230	MacAss	BR	1874	1870	7230	100.00
Um_dia_de_entrudo	7194	MacAss	BR	1874	1870	7194	100.00
Não_é_mel_para_boca_de_asno	7190	MacAss	BR	1868	1860	7190	100.00
O_caso_do_Romualdo	7185	MacAss	BR	1884	1880	7185	100.00
O_anjo_das_donzelas	7175	MacAss	BR	1864	1860	7175	100.00
Entre_1892_e_1894	7145	MacAss	BR	1892	1890	7145	100.00
Contos_para_velhos	7094	OlaBil	BR	1897	1890	7094	100.00
Luar_de_Janeiro	7092	AugGil	PT	1909	1900	7092	100.00
El-Rei_Seleuco	7055	LuidCam	PT	1587	1580	7055	100.00
A_mentira_sagrada	7031	LuMRoc	PT	2011	2010	7031	100.00
Tocaia_Grande:_a_face_obscura	7013	JorAma	BR	1984	1980	7013	100.00
Coletânea_de_Obras	6984	AlvPei	BR	1769	1760	6984	100.00
Conversão_de_um_avaro	6956	MacAss	BR	1878	1870	6956	100.00
A_melhor_das_noivas	6924	MacAss	BR	1977	1970	6924	100.00
Astúcias_de_marido	6848	MacAss	BR	1866	1860	6848	100.00
Uma_excursão_milagrosa	6790	MacAss	BR	1866	1860	6790	100.00
O_que_são_as_moças	6769	MacAss	BR	1866	1860	6769	100.00
Mariana	6688	MacAss	BR	1871	1870	6688	100.00
Cinco_mulheres	6670	MacAss	BR	1865	1860	6670	100.00
Charneca_em_Flor	6618	FloEsp	PT	1930	1930	6618	100.00
Fernando_e_Fernanda	6616	MacAss	BR	1866	1860	6616	100.00
Cartas	6602	LuidCam	PT	1570	1570	6602	100.00
Apólogos_e_Adivinhações	6600	AMBB	PT	1796	1790	6600	100.00
Onda	6593	MacAss	BR	1867	1860	6593	100.00
Um_almoço	6515	MacAss	BR	1877	1870	6515	100.00
A_caverna	6499	JosSar	PT	2000	2000	6499	100.00
Clepsidra	6436	CamPes	PT	1920	1920	6436	100.00
Aquarelas	6361	MacAss	BR	1859	1850	6361	100.00
Carolina	6341	CasAbr	BR	1856	1850	6341	100.00
História_de_uma_fita_azul	6337	MacAss	BR	1875	1870	6337	100.00
Um_quarto_de_século	6316	MacAss	BR	1893	1890	6316	100.00
Finis_Patriae	6313	GueJun	PT	1890	1890	6313	100.00
Um_esqueleto	6291	MacAss	BR	1875	1870	6291	100.00
A_Trilogia_de_João_Fernandes	6266	GuiTor	PT	1885	1880	6266	100.00
Auto_da_feira	6262	GilVic	PT	1528	1520	6262	100.00
Crisfal	6243	CriFal	PT	1546	1540	6243	100.00
Uma_partida	6212	MacAss	BR	1892	1890	6212	100.00
Bagatela	6175	MacAss	BR	1859	1850	6175	100.00
Estatutos_da_Arcádia_Lusitana	6144	CorGar	PT	1756	1750	6144	100.00
Poemetos	6107	AMBB	PT	1805	1800	6107	100.00
O_país_das_quimeras	6057	MacAss	BR	1862	1860	6057	100.00
To_be_or_not_to_be	5997	MacAss	BR	1876	1870	5997	100.00
Um_filho_mais	5990	ManPor	PT	1945	1940	5990	100.00
A_vinha	5934	AnaCO	PT	1908	1900	5934	100.00
Auto_da_Barca_do_Inferno	5929	GilVic	PT	1517	1510	5929	100.00
O_rei_dos_caiporas	5875	MacAss	BR	1870	1870	5875	100.00
Comigo_(Versos_dum_Solitário)	5861	ManLar	PT	1912	1910	5861	100.00
Virginius	5813	MacAss	BR	1864	1860	5813	100.00
Longe_dos_olhos	5813	MacAss	BR	1876	1870	5813	100.00
O_ninho_de_águia	5795	FiaAlm	PT	1881	1880	5795	100.00
Francisca	5775	MacAss	BR	1867	1860	5775	100.00
A_vida_eterna	5762	MacAss	BR	1870	1870	5762	100.00
Profecias_do_Bandarra,_Sapateiro_de_Trancoso	5693	Band	PT	1540	1540	5693	100.00
A_mulher_pálida	5626	MacAss	BR	1881	1880	5626	100.00
Farsa_do_Juiz_da_Beira	5595	GilVic	PT	1525	1520	5595	100.00
O_carro_no._13	5574	MacAss	BR	1868	1860	5574	100.00
Casada_e_viúva	5566	MacAss	BR	1864	1860	5566	100.00
Jubiabá	5527	JorAma	BR	1935	1930	5527	100.00
A_gloriosa_família	5447	Pepete	AN	1997	1990	5447	100.00
A_Catástrofe	5415	EcaQue	PT	1925	1920	5415	100.00
Decadência_de_dois_grandes_homens	5413	MacAss	BR	1873	1870	5413	100.00
Casa,_não_casa	5408	MacAss	BR	1975	1970	5408	100.00
Quem_conta_um_conto	5404	MacAss	BR	1873	1870	5404	100.00
Um_Homem_superior	5401	MacAss	BR	1873	1870	5401	100.00
O_Evangelho_segundo_Jesus_Cristo	5390	JosSar	PT	1991	1990	5390	100.00
O_Doido_e_a_Morte	5389	RauBra	PT	1923	1920	5389	100.00
Sombra_de_Fumo	5304	AugGil	PT	1915	1910	5304	100.00
Um_sonho_e_outro_sonho	5297	MacAss	BR	1892	1890	5297	100.00
A_escrava	5275	MFdR	BR	1887	1880	5275	100.00
Uma_águia_sem_asas	5239	MacAss	BR	1872	1870	5239	100.00
Teatro_novo	5239	CorGar	PT	1778	1770	5239	100.00
Jovens_interessantes	5205	PauFil	BR	1865	1860	5205	100.00
Capitães_da_areia	5123	JorAma	BR	1937	1930	5123	100.00
A_província	5114	FiaAlm	PT	1914	1910	5114	100.00
Nove_noites	5094	BerCar	BR	2002	2000	5094	100.00
Severina	5050	GuiTor	PT	1890	1890	5050	100.00
Rapsódia_sem_dó_(maior)	5039	LuiMSil	PT	2008	2000	5039	100.00
A_inglesinha_Barcelos	4944	MacAss	BR	1894	1890	4944	100.00
História_de_uma_lágrima	4922	MacAss	BR	1867	1860	4922	100.00
A_maior_ponte_do_mundo	4900	DomPel	BR	2007	2000	4900	100.00
Troca_de_datas	4852	MacAss	BR	1883	1880	4852	100.00
Pobre_Finoca!	4851	MacAss	BR	1891	1890	4851	100.00
Auto_da_Barca_da_Glória	4825	GilVic	PT	1519	1510	4825	100.00
Auto_da_Barca_do_Purgatório	4820	GilVic	PT	1518	1510	4820	100.00
Livro_de_Mágoas	4815	FloEsp	PT	1919	1910	4815	100.00
Livro_de_Soror_Saudade	4815	FloEsp	PT	1923	1920	4815	100.00
Gabriela,_cravo_e_canela	4788	JorAma	BR	1958	1950	4788	100.00
O_alquimista	4733	PauCoe	BR	1992	1990	4733	100.00
O_Testamento_do_Sr._Napumoceno_da_Silva_Araújo	4727	GerAlm	CV	1991	1990	4727	100.00
Acabou-se!	4710	LuiMSil	PT	2015	2010	4710	100.00
A_mágoa_do_infeliz_Cosme	4651	MacAss	BR	1875	1870	4651	100.00
Musa_Cerula	4618	AugGil	PT	1894	1890	4618	100.00
Os_Cus_de_Judas	4602	LobAnt	PT	1979	1970	4602	100.00
O_caso_Barreto	4587	MacAss	BR	1892	1890	4587	100.00
Epigramas	4545	AMBB	PT	1807	1800	4545	100.00
Auto_de_Mofina_Mendes	4517	GilVic	PT	1534	1530	4517	100.00
O_escrivão_Coimbra	4515	MacAss	BR	1906	1900	4515	100.00
Tempo_de_crise	4490	MacAss	BR	1873	1870	4490	100.00
O_machete	4489	MacAss	BR	1878	1870	4489	100.00
O_Velho_da_Horta	4477	GilVic	PT	1512	1510	4477	100.00
Auto_da_Cananeia	4474	GilVic	PT	1534	1530	4474	100.00
Letra_vencida	4463	MacAss	BR	1882	1880	4463	100.00
Artigo_de_Sensação	4439	AliPes	PT	1902	1900	4439	100.00
Dona_Jucunda	4424	MacAss	BR	1889	1880	4424	100.00
Trina_e_una	4392	MacAss	BR	1884	1880	4392	100.00
Diana	4382	MacAss	BR	1866	1860	4382	100.00
Auto_Pastoril_Português_(GV)	4339	GilVic	PT	1523	1520	4339	100.00
O_demônio_e_a_srta._Prym	4332	PauCoe	BR	2007	2000	4332	100.00
Identidade	4315	MacAss	BR	1887	1880	4315	100.00
Brincar_com_fogo	4249	MacAss	BR	1875	1870	4249	100.00
Os_Cravos_Brancos	4242	MarONei	PT	1909	1900	4242	100.00
Coronado	4241	FiaAlm	PT	1914	1910	4241	100.00
Cartas_Fluminenses	4229	MacAss	BR	1867	1860	4229	100.00
A_chinela_turca	4167	MacAss	BR	1882	1880	4167	100.00
Auto_da_Alma	4107	GilVic	PT	1508	1500	4107	100.00
Viagem_à_roda_de_mim_mesmo	4058	MacAss	BR	1885	1880	4058	100.00
Claraboia	3961	JosSar	PT	2011	2010	3961	100.00
O_Conspirador	3951	LutCai	PT	1193	1190	3951	100.00
Entre_duas_datas	3944	MacAss	BR	1884	1880	3944	100.00
O_astrólogo	3922	MacAss	BR	1876	1870	3922	100.00
O_estranho_caso_de_Paulo_Kellermann	3868	LuiMSil	PT	2015	2010	3868	100.00
O_espelho	3837	MacAss	BR	1882	1880	3837	100.00
Cantiga_velha	3830	MacAss	BR	1883	1880	3830	100.00
A_cartomante	3795	MacAss	BR	1884	1880	3795	100.00
Ayres_e_Vergueiro	3793	MacAss	BR	1871	1870	3793	100.00
Viagem_a_Portugal	3684	JosSar	PT	1983	1980	3684	100.00
Caim	3645	JosSar	PT	2009	2000	3645	100.00
A_Maluca_da_dos_Corvos	3626	CondFic	PT	1888	1880	3626	100.00
Farsa_de_«Quem_Tem_Farelos?»	3624	GilVic	PT	1505	1500	3624	100.00
Terpsícore	3616	MacAss	BR	1886	1880	3616	100.00
Veronika_decide_morrer	3581	PauCoe	BR	2007	2000	3581	100.00
Adultério	3562	PauCoe	PT	2014	2010	3562	100.00
Canções	3561	AMBB	PT	1798	1790	3561	100.00
Só	3526	MacAss	BR	1885	1880	3526	100.00
Auto_dos_Quatro_Tempos	3525	GilVic	PT	desc	__UNDEF__	3525	100.00
A_hora_da_estrela	3505	ClaLis	BR	1981	1980	3505	100.00
Teoria_do_medalhão	3497	MacAss	BR	1882	1880	3497	100.00
A_viúva_Sobral	3460	MacAss	BR	1884	1880	3460	100.00
Terra_sonâmbula	3439	MiaCou	MZ	1992	1990	3439	100.00
O_Barão_e_outros_contos	3416	BraFon	PT	1942	1940	3416	100.00
O_sainete	3398	MacAss	BR	1875	1870	3398	100.00
A_Pesca_do_Sável	3385	CondFic	PT	1888	1880	3385	100.00
A_herança	3363	MacAss	BR	1878	1870	3363	100.00
Pobre_cardeal	3352	MacAss	BR	1886	1880	3352	100.00
O_Zahir	3352	PauCoe	BR	2005	2000	3352	100.00
Bufo_&_Spallanzani	3346	RubFon	BR	1985	1980	3346	100.00
O_anel_de_Polícrates	3340	MacAss	BR	1882	1880	3340	100.00
A_idéia_do_Ezequiel_Maia	3326	MacAss	BR	1883	1880	3326	100.00
A_sereníssima_república	3317	MacAss	BR	1882	1880	3317	100.00
Sales	3292	MacAss	BR	1887	1880	3292	100.00
O_segredo_do_bonzo	3280	MacAss	BR	1882	1880	3280	100.00
Auto_da_Índia	3230	GilVic	PT	1509	1500	3230	100.00
Folha_rota	3226	MacAss	BR	1878	1870	3226	100.00
Exortação_da_Guerra	3187	GilVic	PT	1513	1510	3187	100.00
O_jornal_e_o_livro	3148	MacAss	BR	1859	1850	3148	100.00
Livro_do_desassossego	3109	FerPes	PT	1982	1980	3109	100.00
Novela_e_conto	3054	AmaAma	BR	1976	1970	3054	100.00
A_invenção_do_dia_claro	3027	AlmNeg	PT	1921	1920	3027	100.00
O_Avejão	2995	RauBra	PT	1923	1920	2995	100.00
Poesias_Várias	2993	AMBB	PT	1795	1790	2993	100.00
A_Caçada_do_Malheiro	2925	CondFic	PT	1888	1880	2925	100.00
Na_arca	2739	MacAss	BR	1882	1880	2739	100.00
Um_cão_de_lata_ao_rabo	2725	MacAss	BR	1878	1870	2725	100.00
Elogio_da_vaidade	2673	MacAss	BR	1878	1870	2673	100.00
O_arroz_de_Palma	2672	FraAze	BR	2008	2000	2672	100.00
Habilidoso	2668	MacAss	BR	1885	1880	2668	100.00
Estorvo	2658	ChiBua	BR	1991	1990	2658	100.00
História_dos_Trinta_Dias	2646	MacAss	BR	1878	1870	2646	100.00
Filosofia_de_um_par_de_botas	2636	MacAss	BR	1878	1870	2636	100.00
A_caolha	2581	__UNDEF__	BR	1894	nada	2581	100.00
As_Valkírias	2545	PauCoe	BR	1992	1990	2545	100.00
Diálogo_sobre_a_Ressurreição	2532	GilVic	PT	1515	1510	2532	100.00
O_oráculo	2462	MacAss	BR	1866	1860	2462	100.00
Médico_é_remédio	2459	MacAss	BR	1883	1880	2459	100.00
Gente_de_Palmo_e_Meio	2385	AugGil	PT	1913	1910	2385	100.00
O_Craveiro_da_Janela	2379	AugGil	PT	1920	1920	2379	100.00
A_última_receita	2373	MacAss	BR	1875	1870	2373	100.00
À_Ilha_da_Maré	2153	ManBOli	BR	1705	1700	2153	100.00
A_Murraca	2143	CamCBra	PT	1866	1860	2143	100.00
Flor_anônima	2066	MacAss	BR	1897	1890	2066	100.00
Auto_da_Fé	2063	GilVic	PT	1510	1510	2063	100.00
Lição_Póstuma_(EmiMel)	2056	EmiBdM	BR	1933	1930	2056	100.00
Os_confundidos	2018	OsmLin	BR	2003	2000	2018	100.00
Vidros_quebrados	2004	MacAss	BR	1883	1880	2004	100.00
Os_Cravos	1999	CondFic	PT	1888	1880	1999	100.00
Antes_da_missa	1973	MacAss	BR	1878	1870	1973	100.00
Questões_de_maridos	1936	MacAss	BR	1883	1880	1936	100.00
O_Baile_do_Judeu	1930	IngSou	BR	1893	1890	1930	100.00
Poemas_Líricos	1890	GreMat	BR	1690	1690	1890	100.00
Aos_vinte_anos	1851	AluAze	BR	1865	1860	1851	100.00
João_Fernandes	1844	MacAss	BR	1894	1890	1844	100.00
Um_incêndio	1828	MacAss	BR	1906	1900	1828	100.00
O_Marquês_de_Torres_Novas	1802	CamCBra	PT	1849	1840	1802	100.00
Como_se_inventaram_os_almanaques	1754	MacAss	BR	1890	1890	1754	100.00
Auto_dos_Reis_Magos	1752	GilVic	PT	desc	__UNDEF__	1752	100.00
Eu_Sou_um_Homem_de_Bem	1710	RauBra	PT	1923	1920	1710	100.00
Três_consequências	1660	MacAss	BR	1883	1880	1660	100.00
Poemas_Dispersos	1617	ManLar	PT	1919	1910	1617	100.00
O_Rei_Imaginário	1616	RauBra	PT	1923	1920	1616	100.00
A_carteira	1591	MacAss	BR	1884	1880	1591	100.00
O_destinado	1580	MacAss	BR	1883	1880	1580	100.00
Antes_a_rocha_Tarpéia	1547	MacAss	BR	1887	1880	1547	100.00
Campo_de_Flores_Tomo_I	1537	JoadDeu	PT	1893	1890	1537	100.00
Privilégio_e_Prólogos	1508	GilVic	PT	1537	1530	1508	100.00
O_contrato	1500	MacAss	BR	1884	1880	1500	100.00
Outros_Textos	1434	AlmGar	PT	1848	1840	1434	100.00
Calor	1423	SonCou	BR	2005	2000	1423	100.00
História_comum	1340	MacAss	BR	1883	1880	1340	100.00
O_melhor_remédio	1309	MacAss	BR	1884	1880	1309	100.00
Trovas_à_morte_de_Inês_de_Castro	1270	GarRes	PT	1516	1510	1270	100.00
A_ceia_dos_cardeais	1263	JulDan	PT	1902	1900	1263	100.00
Curta_história	1215	MacAss	BR	1886	1880	1215	100.00
Um_dístico	1116	MacAss	BR	1886	1880	1116	100.00
Poemas_Satíricos	1110	GreMat	BR	1690	1690	1110	100.00
Orai_por_ele!	1060	MacAss	BR	1895	1890	1060	100.00
A_reforma_pelo_jornal	1031	MacAss	BR	1859	1850	1031	100.00
Poemas_Religiosos	927	GreMat	BR	1690	1690	927	100.00
Três_tesouros_perdidos	887	MacAss	BR	1858	1850	887	100.00
Tourada_em_Família	849	EmiEdu	PT	1895	1890	849	100.00
Auto_da_Visitação	796	GilVic	PT	1502	1500	796	100.00
Cherchez_la_femme	789	MacAss	BR	1881	1880	789	100.00
Pausa	756	MoaScl	BR	1995	1990	756	100.00
Cancioneiro_Geral_(Prólogo)	665	GarRes	PT	1516	1510	665	100.00
As_Três_Idades	452	CanFBra	BR	1895	1890	452	100.00
O_Visconde_de_Castilho	377	MacAss	BR	1875	1870	377	100.00
O_Gondoleiro_do_Amor	235	CasAlv	BR	1870	1870	235	100.00
Ultimo_Poema	106	AlmGar	PT	1853	1850	106	100.00
