id,kiSm0Nuqomg
published,"2020-05-29 23:20:23"
published_unix,1590794423
title,"Watch A Minute-To-Minute Breakdown Leading Up To George Floyd's Deadly Arrest | NBC News NOW"
description,"Millions have watched the video of George Floyd struggling to breathe while handcuffed and pinned to the ground by a Minneapolis Police Officer. But what happened in the moments leading up to his death? Emmanuelle Saliba looked at new security footage, cellphone videos and police reports to piece together what happened. » Subscribe to NBC News: http://nbcnews.to/SubscribeToNBC » Watch more NBC video: http://bit.ly/MoreNBCNews NBC News is a leading source of global news and information. Here you will find clips from NBC Nightly News, Meet The Press, and original digital videos. Subscribe to our channel for news stories, technology, politics, health, entertainment, science, business, and exclusive NBC investigations. Connect with NBC News Online! Visit NBCNews.Com: http://nbcnews.to/ReadNBC Find NBC News on Facebook: http://nbcnews.to/LikeNBC Follow NBC News on Twitter: http://nbcnews.to/FollowNBC Follow NBC News on Instagram: http://nbcnews.to/InstaNBC Watch A Minute-To-Minute Breakdown Leading Up To George Floyd's Deadly Arrest | NBC News NOW"
channelId,UCeY0bbntWzzVIaj2z3QigXg
channelTitle,"NBC News"
duration,PT3M28S
dimension,2d
definition,hd
caption,false
allowedIn,
blockedIn,
licensedContent,1
viewCount,9600000
likeCount,39703
dislikeCount,
favoriteCount,0
commentCount,12689
uploadStatus,processed
privacyStatus,public
license,youtube
embeddable,1
publicStatsViewable,
