id,WeXcde_B3ZY
published,"2020-05-28 21:43:18"
published_unix,1590702198
title,"Ben Shapiro Responds Viral Video Showing George Floyd's Death"
description,"LIKE & SUBSCRIBE for new videos everyday. http://bit.ly/2QA8RbN Minneapolis is hit with huge riots after the killing of George Floyd. Ben responds. Watch the full episode here: https://bit.ly/3d6KNHP Watch full episodes of The Ben Shapiro Show here: http://bit.ly/2K2Wsvq To watch the full show live, become a Daily Wire premium subscriber; comes with your own Leftist Tears Tumbler: https://www.dailywire.com/subscribe"
channelId,UCaeO5vkdj5xOQHp4UmIN6dw
channelTitle,DailyWire+
duration,PT7M18S
dimension,2d
definition,hd
caption,false
allowedIn,
blockedIn,
licensedContent,1
viewCount,370612
likeCount,12494
dislikeCount,
favoriteCount,0
commentCount,2132
uploadStatus,processed
privacyStatus,public
license,youtube
embeddable,1
publicStatsViewable,1
