author,count
b38c08823582a8ed48123571f9682ab33c9e064b,39
e5e9f708f98cdfe3c9ea0755be45b3532fc41184,32
17cf13527f1d44f798df7609810e977d73ff2dd9,21
dfadfc5a30888003d9904e7e51baa74dc84d66c8,15
7f797802a3550bd560d81ebb42dd836b77a7c177,13
63cccb016e64f66685c2182078637079dd069963,10
165a100a9e29f718171478f54c79e8795415cf4e,9
462e0b18be84a69cc861383190aa236a1e299bf2,9
83dbb93bd5c0072861aa0d2a1b629fe0fa8ccb1e,9
db4b2e0b58981c6292b50721d9b339900557b2d2,8
e2a27ac2ed1616f637333f09614e7a7d78e2986e,8
f7e32dc13b2f4c24fb204721828e9aecf98bb7df,8
fe8963c308bedea3c828548bce430ccd10ec2da4,7
fbf630cc8da0d95b74b568b59395ad5b0cd89efb,7
3572f8c014c31576492d68ee1438ad14fd5e95b2,7
3a932daa5f10d9e92e8f702b74648c1e8f54583e,7
47131a302a1cc15dae76c51652ea9d48b0f5bd5a,7
d318007c9fa1404b0a9a09e7f0213ebad79e29ad,7
58ff7dd98bee5b147ef29930a7b6642169480e76,7
19494055f9a8f26820aa8b416cf30cd52cc9c1c1,7
9fcec6af0fe610bd0b2508a21751054cc6bb71c7,7
640947e714826c7aa68caea5f8dcbfe642d1412f,6
7572304c65208c94ff079472e471099be1cefd97,6
82d9cebdca7ad885f8b56ee1b931c2b0e3a236ed,6
88150efdae5086cffc1286c2c2f1bcc4c7998d05,6
ad1b430e468afa7f33f543db0919c531cf5fbe62,6
05bd8b64358548065b12604cd9c2dd28d84b8f6e,5
f44e6da1bfe3f97292bfb435390bced9e3b5abae,5
ce6e20d7b0bb34f9d6dd883098d7d17ead091b5d,5
e10a831c3d693cb68b409d86257f7cb3eaf5733c,5
96194fd2b69af81049cf1d76d2fd3887aa8d05c1,5
a43f4aeb7d9ed62f1e05bef50c04f3ed4ebefd34,5
aa73b54dcd0f18c17f60b62fce92c170764ce6e0,5
93ed10f4cfa310c3b7cae82cd0269c94f4bf5973,5
44cff4dfe3157c6cccc55b374b0a34857a09dc3a,5
7c1feb097bb660bfcd41619ee4e21db1ab9a61c3,5
93a96017c4e654c039f985e374f9b10c741e5bc2,4
7d1690bbdf45774ab7663ba7a2602aec596763ce,4
5ccb455464c792012e6a517a630848c5e5fba02e,4
af3158be35c45ca4532f51e0ed8edf7e18030acd,4
36c70a63c56baf931bddc1f9e58235a311cb94d9,4
0be93f344168135cd2ef7f0a340fb34a5c585cad,4
4fb53169ae66824419c25aa0fbab59f7b8f057f7,4
5c64084b9799342a122235344bc4c184709e76b2,4
4b9f4869fcbf36bc692a3a25cfd1db58531ea1b9,4
4408eddd8a53057dc3340ca2193e9ca5bc650cc8,4
fac8dcfbfd1396ae1898e5447ed99243fded6b6f,4
e2817423ac9bdab57ddf53d9b11de97c72059c5a,4
a0cf3f817bf4d95bcb525f85b81740f996365107,4
0aed161cc40ad2a60d76c356c35217fdb60a479c,4
ba797470c05f747b09f02301f6d1133eaf334289,4
70ae561f4b5662bdf0b22c7285990b6f8b0e8d5a,4
25a72c4b93eb1c6a2f5f5dcac82f6d72e530288e,4
01600ad95c3a4351a06ce28077283280f7e9b3e2,4
6bb068c4367249505e5731661da257e349afd492,4
3decea17aa9ab81e01aeed06a63aabaac9b6d514,4
5c4aca0d84457326bc964f0a01c66ab01dfcd4eb,4
58e4e12d10a8cc0bf50a14459a26bb5ce522e30b,4
06503eaed761f3fd049dd1c3f4a99c267233d5ba,4
37e2eaf510db52ce378de233da5c2f9a8081928b,4
727b46659f7c6641b38399ca6df0c886c89c07ac,3
b48e5b769e2fa28e5a5462883c8e34795aea3da9,3
f9f0cd15dbe224f76b7efe783d99a41e44fc455e,3
3d3fe743cfd5c018e0c0b94c428fd42fe2011e00,3
77886a1e559b68d65e4da22518b119212b8c0372,3
6f7c2d38590b881f78f7b27700cab51f8bfe466d,3
ab7f774d9b3f33091002677609636a99c6a6fcee,3
3a5619a2ddacfebf4702658fdfa5a583dfb69a8f,3
e5452145813c846e14d85368b6a03970d46970eb,3
3839d3862f3b7d4cb4ad180f44c73fdaf9ede2bd,3
4006985c949cdb4a264ed5fa0568858d4ac25d8a,3
47137f4c0017d11c9063f2a56d163ab0a9f11476,3
e6d519dfd0e62b838918128dd301785a7d7c7eda,3
164505decc21211be8bad9096bf423feacabb6f7,3
93dbabc975e96e55cb2ea1f1c7331d4661a7eacc,3
dfaa84ca49affca923a229e3cd577e1932ba2dde,3
b2d41420409e07da43d7363633aff9b7880b77a2,3
11521ff69ee2c6184c1b2f2572a48f50d9001d1f,3
786a69619e5659d6455b83e1660967dcd8cdd52e,3
5eddc3ff615a35e35c76da4a0de1445584f755ec,3
5e9ccf9d1fd0aa580b20d07ed0c912eb47701d05,3
7744f79054bd68b9fac757e5d5743a227d374112,3
bd605412133b28b10c5fa7a45fce29df67c18bd7,3
a429f0d62417c4a414a1b2e3e398c01ce39b0ed1,3
0bf68eef44a4474100fe2212731b029f86ba1e6f,3
1bb8bf433e96be48e95a9a429f787c638fa9ee1a,3
a8e77dc96e829bf8bd24bff804afaba24d5f32ae,3
0766e906b6bb76efc1a3b8719043d090a26ad9c5,3
cb18a6b2368333d386a8aee6aa6b3cc155f86aee,3
e46115656e0d8d55af6969ee9af35bc0c1601ca3,3
36956ed1b7d2cbd0d70c33e3366fe0994da9b20c,3
173cfad790f6aa402bab2a09b291e28bacb19699,3
3e76aad49e3d0e4a07ba1ec21c0e97c784d581da,3
2e784b792c3cf964d851530bce564515586dfc6f,3
d14f60e5a49d5bae30efd536026c06c77f31725f,3
3067c74264120b6670b9155d0457c53604b9f365,3
f5e9ac292f8a2e9943949749dd491a1fa9832ff6,3
f71a8d3b8082cb5d4282311ad9dc67ced69bb7cc,3
cadca28edb6ff2338d87d873ef87cc41452e2d8b,3
0efe1abb83528d555742686971edfc139a9e819d,3
2e4a09de12fc8c7d2cc46e7a44783076ec3e3696,3
f837b9d4048196e556653ee94975ba2a6e53b2b0,3
1af6ad1fd41cbb40cc4c6c154e858992d99648ec,3
1af60ccabdbb0f73ef03e1738e6a8f05e8f2a8f1,3
b75e1c5c611b327e951aba1fb563712b77c8c83a,3
b28680505e67b8d0f7d9629250db2529db254daa,3
98c4e7e7ded8b0db7ba47a0ac6a309c4da9fb4fa,3
3c4e37ec5ffd9d8ce8b6699ad675aeafd043f49a,3
448cf8116439cb0d8c3a3743b8ba6bced7bbde7b,3
5c68994c925d6945cd5fe8276dcf858da4383075,3
786a28d79332637b34fd1d1235f6ece2b95893e3,3
82425d50993c2f621452f03a3ccf23cc2099055a,3
22d510e956aee0b4cc0a399b7cbb4308bc7c31ce,3
9ebc64d26538893947961b30801569ace06864da,3
787920ba463df573788ac56b0757b520c0d0da1f,3
481547d4005699a60245ca8e245d0dd5b54ccc34,3
258c4457cbb6685c43c06807b1e00863447e59ac,3
cf828a6f51f4138786a2f96bba8b8cf9b2ae3653,3
4f5b8e66cb73dd67ec14126ae5bc4607d631a45f,3
906a181837811b9610150a815b54feba71be12e8,3
4bf9125e5ae8079298a498e3d6f85480e1a16b4b,3
703bfcec07544c71d2b4d3e859fc4dacc3d861cd,3
b63497cbb821c2f3c3be24ab0fd28f08b32e45c2,3
6654d653413e944ca2458567db8363f88238a575,3
e888f3801d01e7d87a9c19004ce0e418948910ba,3
210db094b181d864d5a8ffed82c9de7e9e6f317e,3
836f925147d2670af037a704e3bd8890463a9f3e,3
0f3484bbdb37746e04b88eac0135980c6102cd74,2
bee8fea053a312ba674a8215d2ae9fa5a8033228,2
714579fa9f7a910123ea8f5af955b12c28440002,2
87e16002a491badb455dada34b99d797f4cbdc03,2
c22236fe6d94ec2caa1df968cce668fed6b06863,2
dcb65e442f6de6bfcaf2570828b5962bfc9277a5,2
bc248b83f58c250d2bda40528e9b9bf3d6fceea6,2
bee587cd8d54602519ef5f17cfd9a566b89bf92f,2
017f1808feacabfdddf52bfd624f7b92cf3a63ba,2
9f1e0faece54cf1dae13a7d6224a08b972343ee0,2
24c1f6130ab71f42601684d9e22874064c0db3f2,2
05f15980ac35477899777c99dd137fa730e1afb4,2
85303b91d98d06e2a6e161b7e73f46f0711c5474,2
856bf16714267617feb07fe577b4bb6a0b165085,2
3f85094ade092aeebaea6814e1bd6eb89b155cb5,2
431e3129f62c9d4f6c68e5b1225c294c7109da55,2
cff67bfec1d2c74ddcd4019ee1353ddc89b828e1,2
a8835981ecd4777d39c86c6060e124937bb8d591,2
359751fdd9689bebeb2bb3d02cf2ff049e06ed06,2
186de00f2083f09adcb7019b446be1ecf3932314,2
d2be02974ff8b60bfd7a06df0b97e7a08c845c0a,2
8de1ec5d4d8a2b706eade8d72812776cc1c23cf8,2
235244349e6607308cf84f196aa6199c674fdf49,2
b0d432fd8872e47cceca4748f07f8ca2f4ec20ee,2
1218f2c3291853d179957540c8ee0609581c4639,2
5cc6e3be952e9681cf9eeaf5bdc54730aed084e9,2
afd09afa5ec339499e5e6a4a472ada2311f0c5e2,2
ba4e87266ca97fc7755da8de26d8de68b402e755,2
a6e385cd7ae3b706b94b826fed7f41b9b10fa4a1,2
dfd0ca19095fa5a811a98108a067b828a8e1c0b3,2
63f3cddb3e532e8b51dde1ccf62ea8f59a30bea1,2
38bad761285412f442b495347550cb2976d53f39,2
e9909eab8c8d056a5888d9981b7ffb9a2775f427,2
9c44ffdb931ae0be1437df77996c918bc629168d,2
84f19b52ea0bdfdbd96c6884a662128db50729be,2
fff6507e4c668d05e9976add70df6f95a52f8a21,2
08e0103205c5a048ea22253139f6317e681ebc3a,2
b24619ce5eaf1ebd0de0dea4b413c9cd751a1f84,2
e403909b55a69601b2e5db5458f092bc12f9a0a9,2
6d35ebbe23bb487177d76e6686e68a50fae52567,2
991e652c93eb389515d9dd44f9c7f6e3897e53cc,2
01511dca79efd14856a436229bf3a5011b138f62,2
cb392b74b1620bfbe20b3df9c890c6fe7fdc3858,2
5e24b25e3159dafeec3c6fc12e215510562fea71,2
137ea52bb590e1f667b5bf2a063c8e07daadfe4a,2
df04bf52f57e21bcfb36fcdae2131c284121b13b,2
07838acc4bbb64fd4b07768c6b4be3a3cf77b4ff,2
958139692e41af1bf37f6b6d7358e7b926ebb730,2
f02d42f5a2db212cef1a0df1173b960e24c2f5f8,2
f5baf625499f5df4b96423efde2238589bb1fe5a,2
3a72af23239c3c47d273955a415f9968d9a186fa,2
2134702494e78ec37f120bb3e51d8f926209885d,2
1baa17f2175309037a2335baa8aa7cc5453f2f1e,2
a4e60725194882f6a389467c6d3d321298c4f03d,2
a780463717d265fe40ab3f5353bae436e55f3e42,2
881ce20cdcca0bfa37f66f8cdd3647b63db848dd,2
e324f7186e70554b03bd34e08cd491e397f27f05,2
a0af71fd147f55867a39aeb7aa95ccb25974288b,2
9370b6445d9a084af146da72a5a29a2281385c92,2
8e9bd1fe7e9e232558202d45b691222dbbc3a4d0,2
5a9a3076aa7e5ac35381541b3bb2b1901e010a69,2
cdb7e61aafb31b99ef35a8a74a8b2f1d6dc27778,2
d724fb625f37d3d5d62f1634345d0c313720880f,2
58bd819c9d8457d33929200df4098d4f6ec5e571,2
f46bfe27e8b2292e8f8da84f38fd34a517b1f97f,2
ab79e32a34ddd3635761932d74d301095fcd3d51,2
e905028029f87bd0852fdde541b46bb12bd14553,2
3ea39196422bd31236c3e1e9738b91e1d4f9b45a,2
3befed1333dfe9e2723cedda5779cc7186c82f34,2
ddf7e58a369c23250c7af2aef90d27763ed0a5c4,2
53c52413600f0ea2c15f026a8e6092a191651193,2
bb42de125ba4dc4436cd12c8145dfdee7e2177d1,2
33f4a73a8f6dfe47433d4694ebfd37dcf53bd363,2
f2b9bd25155953264338ee88a78effb6a9b11583,2
5c733d0adf6c7ca2f19cbc75daab84c8e1bdca25,2
e3a2560cf556a7af4d36a89a176004e8d34efc49,2
7c6a3f54785ca845bdf301ef9aa49fe40b8f850f,2
31cea0f41843ffd4d522c051b93a1d7433694d34,2
688dc6b27edd0673ceda147a106997356694d3bf,2
7b9459762afd449776eeab891bdbe46aa2babcba,2
176a13349c8175e5be46ff53264e2e1b69d762bc,2
e8652c9158a37c633aa71ad22a8fc0e0228029a1,2
a0a4ad7dd92f522012885c50a767180364430fc1,2
1c768d06d8ebd44ef26fc96972741ea47eee18db,2
0863fadc4ad18b7ff8d5d1f94d83ce04b514ca37,2
87d1a893dcedd4776946c074894455a801003c26,2
470d922f5582ca021e17ab79b7c47df2d197e304,2
52110c895508702e8dd0fe54457770fd935efd20,2
5fb7ec5537623852a24a4b8e515a578a069f4898,2
e1d10a94ab5ce329db93bac0bec460a763bac77c,2
7658a81861fafeb3b90a7f26dded43f1ff05620f,2
e8fc30eea87a29e82989f6eef4f979f7278edd69,2
d1128f26a453a26b5a1bc5128bd2f978f8febac9,2
75eb1834a6a23053a273996faf847a56addee155,2
fbfa633eabe5b668d68727a72434aa677b4abdbf,2
8604fe19e1d0586a3f9ddaeb649e3e3e6e4226f9,2
b9527f021a115d760878ef9c2947ddf74c50f155,2
90c2f58401cb948c6f5f21c0beff309c092cd091,2
64e8d9ea70c07527bab1ee61f9e5ecf24e5a72ed,2
44ebcde0cf5c89ded9d2811147784f67d4f7b769,2
76c7a7ad2f3fa4bea507532c6f0c9289d879a953,2
211c30683085d92be46b218c57dfa67c5df32755,2
8a16d4b20aaea71100e2f2afedc8744577d4f736,2
ec88c2e5981fcf6cdb3396b86de24373e97eceba,2
78379c58196b3bea201c40180451eef55c01eef3,2
f4e88904496d264f48cd2ae397011c354963f364,2
e41f41c5609cf52a77c89c470bf42554380b0bf1,2
abc31c6abcd3cff098533a4dd95b92f8019cb212,2
412ce6c0eb28ba1d0af7abd7b9ddd87691f875ab,2
f272f98c786c779bb58063fb3602432656a67e92,2
ad6811598b5dc718d071017c63664b9b77c38635,2
274766ca5f913c3813e168a923f13367e4b9490f,2
ddace0dc10233127ffd6329e72826d443260296b,2
a5ecc1c7d1d35276aeddabc72d831401d979095f,2
26ab8cbeb49e86bc1652f9ada7a40c76f7a442c4,2
8a181051638f588393a667abb8ddb667c739e757,2
6c2d61ada7e82d545fe3ac0972a312aa395b5971,2
b7947bccfa68a84b939e4aca1bc3069e52fb8d1b,2
b3372d6ae9a6f49fe9f82fb88726a43c8137ebeb,2
d6ee5f0f22c94ac55ed5a6fb10a589159bbdeb8b,2
ff6156b6780e48818558368bd53e69f9da0ee8f5,2
3ba2458433335ef4e42385d466639a62c7c4fd0e,2
0a3b898250eca4ae6b567736cfede19718c87f88,2
8b99ddeeedb857b0f937ac3fe39c9a4ff0eaf61f,2
0f694fa9349db8d2fb131bfa569ed5d243111dde,2
7c16e911881cf937adada29f41b9f5647c1fe941,2
a9dcc9961ec6b765f17f1a3604ba5bf5575b9196,2
afa79b703fda464f661ae18fb856d334d1a4ed6a,2
f4cca617b44c6979e798a800b48527078e0f854c,2
5d0d55a7a0def34f2ce87ea150dbab2abef284a3,2
8ae163791283b278b9da78b52e28575734a39b15,2
1dbeba0ea4f809422206cd670f15e165d86604c7,2
66a595c3bf698a5b9036d6ad71cc94672d2652eb,2
2fa82a92ac43abda146e4e6ac0179dbf0e968848,2
08bca7bccba4cd9c1c3fe4f42501dad6a3f4940d,2
5589407dac42d169099f76530a784b69878aa354,2
8d491f8b3228a8006d1e832904ee66350b079397,2
13291265f3e2de523fe877139906530de12280b9,2
10f90823fffd913fd62235cdb1ddb5f54cb99c19,2
d264db63f94e605d7860dfeb77d75e4b94cf497b,2
fd52f2cfcd070feb69ca65ae700aa08ec4d02179,2
0f7287e216d61f897458b54fbc80e7684174e5a7,2
fe6bf6c4f9185dd55ca75b8324c5079c8b7de0ea,2
ad6b0db0c7fd7164092e48b864af1313a1637a89,2
0cbe2ae5218f43e46f8bdcca05e46aae7e801d4d,2
b0f33b90232ec17fa1e854d6d919c18e7f061be7,2
58c6c57070bd023ac66b109f65368b61c75596dc,2
8495f1efb801a748d6fd7c6c8baca5f1b2908a3b,2
8ac702c0d5809d97ec2fbf00e5823a419dc8796b,2
863378a83d1e84a95429cc7132441361900133c2,2
4808db16290eaa9d76e296e1d76fe6ce22c52d01,2
815c8ce8115af9f439c6bfa8b9f7361b7c762c8b,2
0fad9b66f617543d3d69f285fa15fefa6bbfc88b,2
fbf17c669189b5cc29dc8b56ac9ebceee46a31ca,2
5ebf7ce7e7674d0c3ac178e377390960535a7c6f,2
3ec2e562d23c7a35b089d5762bd3decb95b35168,2
df81c3ee0cd6f043818105825b66cdcc7cdc9a2f,2
03bfb87fe193da9c60f3f36250e3189418d9ef5e,2
4be65ed0c1d8b0d41c607547fc05767c40c5613e,2
31616ae94b6e792809891ba4b9b0334afc710160,2
3c724cb726c435447a8dfc5846ce30ac0b483d19,2
11e8a241b07f32e935e7fa531d41afd0228733ba,2
c65d9e5adf669b5d9812112bbabf0abf6b655c3a,2
38dd373f3e6e555832b85c9d19fcad5791f297ad,2
1a4853f66294a4128b34e270b649f8a154eee65c,2
367510029c4bffdb188e1c2480ba99ee9c32d1eb,2
2dab5dab2a3d8ab72f82e2cb92f650135040c9c2,2
e80f6c4c2c35a9d5c40bd128af84d2329f967b8b,2
9f7aa0540b038887d15347bd64f807b120afc89b,2
830d323dd9fb352c46b2e7d04e4ea49c63446dd9,2
b40fd3b618f5be3a3d8631200e82f371c4ccaa91,2
af59e08f810cb64646113263fa7f3e70204c3e44,2
2f5ea848801f6620d7e342af57c2c3c38612b1bd,2
f562ffa0864ae4ac1a768119116503127d4532bf,2
5f841c3cd162f29769a989fc228bf22d75d4bcad,2
ef45b3cb82fa09436468985560b5d58d273096e7,2
0f29e977cea88bcb49afca7700c9145ff37f5ebe,2
5bf3d3829c51af636ad2e9bdcd92a495707aeb66,2
1fd1062bc981bd535c0001f79de6db2ff70ce8bf,2
e4b4a5d8d4a24163ace00eef2d53c03662bd8eea,1
5c78013bb793dcb904c9213f426e5bca10fe2588,1
0d913bb07bd15031c62f4e401a3ca1a8f061e723,1
359788f7f3b333490609a1814bce39303a5318b4,1
c4b3d3eb6b2edee4c991481790eaa0c19d895494,1
6455d4756454db13d80edb9e5f79242c647327cf,1
bebc18afa01b370426da1e93d6f78b7358ea6495,1
7e5cfd224552e9403a1136b4d0a2490838c40714,1
95668d83ec5e7607e185c00912c5cb1f0fa8e7af,1
0792ac8ec7ee95916d6d36c2fb383e3da7d7549d,1
67af31176cbcec1bc8466e4fd90626fa3710953f,1
2fc161252fa6b3ee5e0858e730892a655749d738,1
09cbb511cc62f0dada41b14e275d41ba1ae4f2e6,1
dc819dbb376a3f695a8f6ee93a262d2e5e5b1915,1
6c6ebf7dc11aa48afa9b0201ad33e0257a9e299c,1
85c065887ed9acbb6ee744fd3918e3e50864b569,1
042ed96bb6d2bcf4429d67ada4c8f0ac1aeaf0a1,1
172aeb7a69a71e338078f782a3735d08568e3429,1
6c4c26f09db0ce49014b047928f4623a310059c4,1
26e239fd38d4c69bb1afcb9b9b0b94dbcab8fbd8,1
4a2311b2a150676354edc4029c6190634348510e,1
6e32a43e376cf96cbd28f1879aa36da9e388dcdf,1
f0f631883a3022a92f592131a4cf90a6331a07e1,1
2540c6bc7cf6f0c87ee4e73f6050be0cb9a17751,1
9a54caae513d4f97662ed6eebe46fe0e27cc4ed5,1
679767e9e998d25c3c82a9b4bb825054eeccda70,1
a86177719d11d4176b23c0ad4d61293c4026b005,1
2cea5151cf4d544bce5c484bc4c24d1d200fe3a9,1
a6e8768ed3968eb6b0aa68c384f744eba684b48d,1
7273ede6574d3edb14dff1b171d76912815a3f18,1
fd498168c8cbd62b49273887ac8d225b7272913c,1
10919d637d25fd6b21695944e59eb9d385093f69,1
e427a37293a08af9e8f9ac3efa7dd0dde079413b,1
f0fe20f14df1f9afc5f89757f409d998d6b36462,1
a5341f5620049d294bfdddb8dff728762064864a,1
ab734b77bea64e64e8ab884409dec08022515240,1
bd2df410d6f530738b151f36eee0e8c17c1fa649,1
fe20bc34a0f796bafa93f509294f99b1c8a01128,1
f744c5c83aecf592530e4702f8a134bba45c74a1,1
3c36dbf78bd5f76f6142b5cadc444cffd4217bf1,1
5ac1c80784750c8f8d3994fcd749d113bb53621a,1
fa7e83a62367dccdea3ad5e50a4e04d92ee2a9fe,1
df713275ad14f20bbb1a763764e1d9cf4a455a47,1
9b7074291ce35cab4f56b56239ce0a0cecc845d9,1
a07eeec712d67b61180899996e04f9129e5c3422,1
edd5d631104fb93dee99fffabf8c4f0ba6f6b3e3,1
3cb8a1c7442efabbf2599b1abe7394238834997a,1
c4362b35df2a5816ff35462759cd2c7db0d23377,1
00143d129a2a62c5919114a1ce4381264102c87c,1
c4805fb6087193ff8661b471bde80578598360e0,1
39b9c95ef96cfcc5bf9b83d774a172b3be438716,1
bd3878986a4fae6aeac438c0b61b16a365233db8,1
2c417a5365db86da86148195cd4def970844f782,1
61b8b1b7e1e5e6a4b355864a856acd2308b82250,1
ba837983236e101a788fb3bb5fd2a9cfb0456e30,1
0fbc59a6dd8824ec5ca15774e36b854b5245b2ec,1
201116c3772b45a6fd43e8b62391c9ad0093114d,1
84fd9ef9190d3980d5311480a9869cdbd43ec536,1
1ecc8f4bed3557050b4e32c732aac8c05bc90b28,1
d2bf02be53ec2689bb91d795449ddc15348d1381,1
75159c37bb94b8bbba061492cc949d7127884c45,1
d596fd1c3dc5252c98c1608ec29fedf0e871ec7f,1
856eff35187b79a3bf2dcff4dde0353ffa441223,1
cc3cccaf0e26357135c0eeece1518ec25832ad8e,1
5bf546d781d644c03a1dc71eb6d09eb9d66e4c63,1
4f7bcd0e6a9b0bfea56713eb34f5226de1f66b0e,1
b262a1c72b890ca86bb41ee12a912dd2efb6bed4,1
a59010eab5c7575646b63e6f906620a01419eeb6,1
da56cfe637ad88091dd4f395ccae5038ebb657da,1
f2ee979a6699e74dab4c4a2c6ff0702922dc3ffa,1
3f55a44102cc62e79d86d89bdef900b84b2c0cb7,1
8a01df9d9b63a1a5b580e9506059c250225da3ed,1
a773267cc45474c8c8ab5e25590c13393e2e5a3e,1
c1528f98c5cfa615d67410affd36554dcbfc740d,1
b72635677f03e4690a794b38c5d73cac667e4428,1
548544f08312c003365ce92f3b4b99da94c5ede6,1
e199cefecc48f6c256777ac2330a36b40fee1657,1
fa0da358e1588c5a2ad36caaea56b42355ab2d48,1
4b1d2e59d61b2d8aa8226b446ee5a328e43ec213,1
4efaaf6f169868f7fc8e01761e6cb12b9f548158,1
ef9e09e13e009fdae9a2cc90105e704c887e1ca5,1
71799bfd96577f33c5a4209cab7d21f88cea7850,1
d775c6510af976529f72f3b7966dcd18a7b2df17,1
b166914550571c15c1ac278b8149786f98bf1961,1
693912fc994e079c0f15e4b180811b36970f7858,1
9bde9d22f8d48b6cfe754ad870e8910df5a3ccee,1
13505cd02bfe43a7658e20bf3bda1eb9746167b7,1
d7412f74ff1cb941ed496fc211fd61099b78c0df,1
0756aac2756c9a53fb2d482bdc736389cd97179d,1
8a18de8d7f797e49b4226865da54d4d19f20cb37,1
31605f3beb63b556ec5bca2b503878fce4ed0cb7,1
c590af163431228fd6aef65408cf12a07b569491,1
5318ce03d98826a02bcaec728b6be39536b42f00,1
a0c24f7548dfff98aed9eb2869b2963dad2a1f25,1
41563552465217edd8e4be73388716479907d68c,1
220e267012a9051a00aeb1e60120a07d928c7545,1
a499d03f79e638175742bd5cc215b8bf5f5bcbf1,1
28f17f5d246f78d494ce5fe7abb34098f2b33be5,1
580676bc7050ab6036ed8d16c6ae6ed95b8636ef,1
1e3ca14f2e87b497ae2534a55c5a949f72f8ff81,1
7cf182036067613da5cafb9df1c80e385747e328,1
584bf2dd7bf1765e221d71bea2888ac33fa9dfa7,1
64854e46ad921b6336bb531a072da3167cbafd4a,1
af66abf013c49f3dd3ca804bee1d4f08ec1589bb,1
910ae5a9a4ab46fdcbba33aff44b244632c41fd6,1
f7709e9e14c7967a0797facb3ea70de2aa0dbf75,1
6711c1e0481e2b72f2c14718e7c08af3b340e480,1
e20a976368921dfcf30991b915c58e7dfb0bb9ff,1
a6679c41c3a4c14fbef9eeff3c8bb312ee77c7f9,1
86741e6e9f11fd3e55bef1b1148b13a1f37ad87e,1
e15e7a3d1bf8184088fb3978789285a50b8d8a39,1
73bdb8d559ac1cf541d0fdc70a5c528988859fa9,1
8b859cb0a8117d4840005c2a495b3bf6648458e9,1
2b2f891c7caea7d309158440570c928af8921c3d,1
79350a7f16603455efe6108ba90292f8a41bd186,1
96116af503024f9f9896f98ab567cabcc74bcdb3,1
f9c55d482d29895a5f75abcc5fad573ed7d9b06a,1
c07e220cc82464e0e1644783502ffda5161906a7,1
5e90f1c60ca3ef48ddf77a6578540a9ef8fb6482,1
595ad118cbaff2dfd2989406e4f26acdd0fc69fc,1
68eb87d854d09b75ea3ce90c16fdb1ca66af0697,1
30ed9b553a3a95d953266193ca9bfa18d6f28303,1
aa69674fa754338315dad78652e0027ae54f3d62,1
b16cc081818a744315d035dd32e9de6406143ac0,1
67b46b4eddf4d92d479e47e5e2aeb3533c9cd5ed,1
bf34ecc4586bd153990528c7071f8605c74c87ab,1
5b356acf290f77b521d72d22a7269ca0ba17470f,1
a11e95d661aa01b01e33778ba3cf818b3d18010f,1
5905de109a9ecd16bb99acfd073399f4c5238232,1
085dba3b1f710b9322a740ab2d85f479569812a5,1
17ea926980bbacdb5455388b5857f9f762a8ac1a,1
5db47ab18b1a9f194bb38f81cee889c741105ece,1
306c0a8f610a0a6d32467eacc2c8b43567130149,1
2fbac8e4f9c8444b2c1e4f85d1b8b82cffca56bc,1
73e79d48a017bb4fa347215cb6f03f3d245d4ff8,1
92602537a7ca282aa15618daf05d89dfe1a76091,1
c063c132e94c66b955c2b478f96182673303d10d,1
d4dbf45c54e3c70999cbb8e59ccd7c7faad59898,1
7e0f02c2325966e4703358b03dd5e3e11067617f,1
669efe35d610b9a78911f006e001f3d2b637be8d,1
97cba0bf7ae54f15ed8798a17dc0833b680483a9,1
f7b3289ab090843fa1dad512471086e596d296f6,1
f81028a4354e9722f9eaf929b0125cc4a1b63797,1
2623e57f6faf2eb5b33a9e49a15aee490c936253,1
164b13be65edc56c1f4714b82b1d8b14da28748b,1
0538dba6ee7173ed2fcf5422056cb5d357ce9360,1
95a69e34e0ab0731a146d5b3e7648dcecb852664,1
450ec17ba56c1d892f3c34314adb24d23fee33b3,1
ce85fb784651681dc63f16039ea0349de6cca97a,1
806479e5ee9c7f65bbbf7b55de4e92411b8d7fdc,1
bc3c104e18f380d34907baad7c704bfcfa8502c5,1
1f40d976e575b499f382861d69ee3077b90ffb3c,1
7835afc51c9a1c40bf91434aacdd2d36df3f97c1,1
3b7b4e8f5336ea3ee4ddb03628cc400dd29479b2,1
c58fed6218c2e50b7ea23a6c78ace2ab346a17e7,1
989f0b226ad013881c178162a8e7978fc48b6e51,1
ee3c1cbfa14168c87a021da4c3bb5c158e1f194e,1
e8f7526dc068910ec2dba467591664c2dc3c4016,1
07aa055c0018749534e24cdcc5872621fc722802,1
e0a06be88a3874f029723d40a6cbc06f836842a3,1
a15f142dd2928de7fb11b2fb2224e654632c5179,1
43ff8ad61fcd7c944ca69a854cda69381b64da6f,1
adf5a4f3996f9e55a46358be81a6c193f983dbed,1
09a4a837dd09eca27d5d855face3170c63b3ef96,1
b0b8785de0d702f4743a4a996ca5774192f551b7,1
875af3b77c22c19a08423d873bc01cd6978d25f2,1
3e9cbb4fe7454820bb8edbc99a0a4e81292cb55d,1
bbbfeeee70ad317961bbf379e033bf3b5e69428b,1
0830d6f1c1f547af89bebbfdd52beee1ba04cb1d,1
dc2495d94b1c1c2b17e463776600fcaa701279d5,1
063ef58a8495e16ef18a42677cbf32a6dd6f6548,1
7fb8989d4135b5b769e3774e756ca491028f67b1,1
b971a0add67ac7d0fd75d79cf6751ccc8871ace4,1
08640de67e8e990aa734b5750da16f9a51656a22,1
75342a18bd1fde7ef70fbf1aac1e6651b2d3ac4c,1
1c8e01f69c0f2453ba4a2d1676f6de11a2fb1762,1
1bcb3918452a8cad97e0d67a54e88d4f81acca92,1
35b8d1157f6852d846db02811a3c31ee497983b1,1
17c22c1658d6d876a5087b91e545f604a5ada5d4,1
abb065ad625d5f39e08c67873072e3ae4a4885ce,1
b083b55785c671af889034839cc781aea2582859,1
904433d30b0240b5b64f588d0f9e2fe92eb649be,1
5b7893ff4c6e5a04bec8f9ea2d4569b2e1b027f1,1
2bacd3a5eb00b7c43aa8e267f774ba47d8606343,1
b57464387265d564f37b9d0e5c1b68c6e3fcba15,1
0184463d65509b25a2ee9ec3867f297bcc7d7a88,1
ee8bfa6a3f021b46f0afb3ec10c9fa4278ccf7c4,1
ea93ef646e76d60c94b007a23217846508fd3ea9,1
fcb4b466fc216bbe1eb50f8b935eb9a4b5fd17bb,1
9d6e45416660311f98e233442219b26c88d7a376,1
6977d101be9ca0a12de57cb0869a61d841e2a908,1
ab0a1df0d80a38791d6077ffefb3a2a352e2ff63,1
ea19431a91716d27b2b378b67b9e9dc6ca91c052,1
fe91e71b8fd18d4a38ea5a4c3cd14102f775d3d4,1
a96bba8708ed34993dbfe59fc76dea6e89e837b5,1
916c94b8a030d95da59cbaccf201886d02961c01,1
6bf6164fd72e53f7f8940adb8ea9300f1fbdf9df,1
dd006033d55ad4a77e5dd7dc836b28ca5e586702,1
f77f2f05aaea36c687d87269935e4cdfd006fb27,1
474d835a3e710469471a63e7a766eba021050b2b,1
33349a155f0edd35ce8df5b8b149a7bc8557802e,1
0a1129b50d4f2df973f6f11aae4f1268b97f7c52,1
be16e0a1ebfa2beb25e0bceb0d4c6dfe35b7b3cc,1
3d608cc179a889054aa7a0c048bd77adbe589674,1
458ad356dd5b11373d7434e8ba5f077297d1dfc7,1
3f203d448f9c8878409840fda3b0a692dea1525b,1
acfbb44b9a92f022d08fe8b0e87ad770ab89b0a8,1
fd9c527825e39dcdc0cbf0e1e91830747128e68d,1
81afcff81883c06f2f638bbe32f6cadd55777701,1
67af23f3e2c41dd4ad9713bbfc296b42f9d8e563,1
9a374c3b2c9f190513744366fc30982bde7a4dc6,1
aec7ee76244d43689d44e5ae90d6792e1aa63cfe,1
2a601fcd4ac6231418e3b6512076171fb832d89b,1
66fc1c1f42fa571c91e22f63de73528b777737c5,1
08ff933c8328f87bec2efc727a40828939e4a365,1
f82088e6f62da6b2d281d436ce9abee8b8c8aa4b,1
40d466621099d31ed2928154c2e780346df40e43,1
2224b002f436258129ee05d6baff5fe649f4ce00,1
f46c76493717b4cc4c54ecf6cac13924fb59392c,1
dbcac49590aee38a474d9f8a1e1c1a03220ba19d,1
cda0e61029b00c52232e4e3700434b0eac3c8a0f,1
d05ecbf310f23db2886ce8273799c153fd6dfad7,1
20d3226926d8305348e4f8d2c2753d9cb10fe0da,1
672a8c5aec52c5508646328b8c8efabb515cce12,1
09da0966579457367bca3db9f62515f081345aec,1
3ad0b02c84b6c093ad332de1055f96c958a478aa,1
745a5948f3a29be7b294faa8063f9998c214afbb,1
f3c34b4aead6055ee8d7aa6728fd34d522dd2a27,1
eb97d0ef4e66e8a8806ee65da35d217689ca5c5f,1
c1fc115e9d871a328fd50f5ca6a00e0c801b6a3b,1
a488d7889585e55fcb5fec8db6f154e521a6179f,1
47083e0c38f5dfa286ea0279b51cca1e0309cd2e,1
45885b2355b5e0fc2de1a74bc12690f0d6a26f2a,1
d33e9d2b921cb4ef15bcf7c2697275541c7da9a9,1
ead223a824120956f0cdb3ff5e432f138eb7e01c,1
5dbb06764e377aaa8ee6aae2acad8d3f91731c6a,1
99f01a027100a44601f82484455b4e2b8e331082,1
fdf5395d1387f6188d9f5537eaa28490c4b2d37a,1
01524c7a1ed4f20d5c9e29c77148b1b4e1a6f42e,1
4f182be10962b66a515c144a263fcee54cab9c9a,1
9d87dbb8f51caa6dab992b9d237477bd4b29e283,1
6a191b17f64619dcc7c8165b50187f08169d85fe,1
55d64f9cb98b66a5c1fb229bb733a016ade644d5,1
c2790cb2c426255d966246123e749d8d0cc89ba0,1
2d6e2812dfc314d37113fa1f713c829dbd0a664b,1
34d42a68878988acc9e61788fd920c6178e7b13d,1
a35e6aaa1330888a4bad19b3a86ac35dbf9ad378,1
f1977f46e2e03c27bdedc713abb37b57a496e465,1
72f21c152e2025a1c31edcc67e3b5fe6134b047b,1
f89fe22294c82566c5151e60a39b57ccb7743113,1
84893aa36df6b80b24d6e37fd85c5bf74555ec72,1
ed375af31babd4fc3cb448f7939c1c1ae4bf2de3,1
0e3f6913d0e13502227c720d3a09ccdef8ea28d0,1
6d18999518a1c02ac860242fde1afd3621482267,1
e4e68c19f83c9b73b3262723e70afa81c1ab155b,1
d0a0ef563f955586da50c9155b5b6f3db00c100c,1
d5d75b3f704bb49376f83808c1e27de59f05b032,1
b62cbea2d4df19b3d7ecfd48482828fbc542f6cc,1
d58c19d15eb0d0de3224f9775d07b794a0150311,1
874d0b90e2528c3fdb76cbfbc38030064424a7de,1
5c94767ce9bb7612a9075e3d7ca7b69113e6ea54,1
ff64a8b23aa5bb9a3555ee275339c3042650a927,1
d49660d1ade6deb61a2777ff37dab9d8c1fd18a2,1
ba752c78f66d420c7f120dafecb16aca4ccd2227,1
6ed8f929decedaccdff55ce0eb01ea20f7e78e5a,1
4a30d73c3e3f1b2454ea8d66ffffe0c7a839be17,1
42686c253343c321086f1976ffc9afa9ff9057f1,1
48f56008d60708ed3ce85569f2c7c215ef6a18b4,1
3714ce1b8087857dff7f7bbd1e2a9567fdedb001,1
fdf26c7682ae8b338307c93a267391da3633eae7,1
714c9d26ce8a9819f135d630a7949e57bb315805,1
28783083cc6a0eddb5bf9ae1865185b7f0c67036,1
0f09303f229470f0182c9b5f5ab7291101f51deb,1
2cfc83c0e7f3b44d744f1eb0c432005794afaf03,1
6d139b27cd7231528d1365671e88b828684acaa2,1
73084f844a69c3962c124cef98a7478e0c65222c,1
3112bc32d9d2b6bf00989f7d8da319bcd26a90ff,1
67d64f6b5a5627f58a23beadee0348023dfe7e79,1
20e8613b0c851d29b997c3e5f22896b10db1d47a,1
fb8faa26b26ae28b8a01cff5be2334389aff8b49,1
4b2a4f4536455922354cb33972a7dfae78fa1538,1
22cae177eb65b3d3a275e8b687c91271e39bc72c,1
fe4bc2db66d8c57a965c68bf3fcbf1eff780b74f,1
4a45c5d26af51e3c12e11788ccf09611739e83fd,1
61fccd1b164a6d65e1ffc40344c117a604330e1e,1
0282ff1f10a1154902a7f137e8dbee1b67baae84,1
ddcdcb8832175234924a4005bf441fabe8066ae6,1
cd8dec1af41c920a771c80e19e0d85a6ba7be9ff,1
447c2506c984d98195ecc025c366cbe2e3f8baf4,1
315a25b0661558594d77fc796865f119c5eead06,1
280cb725e459eb2aaa56f6aa46fbccf9c9a268bc,1
dea8e97e76e75d30ded20939226ba02c971eab12,1
851120661a78b95b5acf6fc903b46b240c313e71,1
972618854fc876ca4bef5c916a226c4de16de930,1
f13f0c65c0ffa974949dd89f30e0c1658c634999,1
a7ea525bc1a4f255b026e0df8e57f8b1aa22979f,1
237d0a6197382a4308542fe879cc34274959185f,1
7ead1318e0f46fb2116e694537348df92b62eae4,1
ff96d090a62f81d473f99ef254aa98ebb3ea2f3e,1
22929cc14c2da8db3d509a7517aaeb7282de6fac,1
e5f46511d764540bb4751a2495664b008c81df6c,1
293c82daeaf3b7d2b5e40bbd1d66cb53e839c9d1,1
bb7ba0d48a7145a495c150d4987ce99714f26b26,1
0ed2608ca822831dc322f527e0f9cbd57d4116a9,1
3a806a469880f2b38e9c9570958160b6e2ce66e4,1
f4c07647af45a56dbdea6026b33026fc639c5dd0,1
bf0aa913b84e727988651aae52da3a5402cf03d6,1
eaf13340d5ef60e6f29edbfd722e4b1300586e3e,1
cc9f88c34768eafdd2e9cd371435487a420ab5e0,1
c9ac40f231f89bf90d75bbc183c63d57be4e0b00,1
2b1006739eb58c670e86822e53c31195c2d65c6f,1
834e4b86a6ead369858c985c1471757104f3a827,1
7bdab7d7f29fa72da74bfc6c5914dda95d9f9987,1
91d5e1b1ca21ebd1300547168857c413ea056a6f,1
bad2821a16355f57ae36b7237cf9daf976e59275,1
754a9f49a83e27edde28a7017d7096f130879de2,1
1219f423bb0c0c8c2e95f8221a2856bd43427413,1
73363089e01f7c3643f1ba7e864473fac653b083,1
331a0781f4a1b1f299fcbcb94a2f83d9ee9d4ada,1
992211c6ef9fd98c6e6515728459cf14b37cc06e,1
74f9ccf2f1881ca4fde5ecab2cb7903cc175515b,1
062e51793f4d6c172ff0c0f91284c91761b624a5,1
e55181e8b313b523414c7f53b66f71832ee800b1,1
3111a6cd41a1e2b1fccf550de25832fb8300c71d,1
de97ea4a9a14daf495efa63e9a23647af551d065,1
38c93a548961af57852fc64b960edb9780154d5a,1
be918071f22ce4c0ee1253d8975eaead8905c58d,1
03d53779a1b1cd79387a7a083b6062d04ae2501e,1
45d387f3fded5a6bc124755272e5dedae038dc58,1
3a2dd44a23c3bae0fb7421cc2e7fa04eeb43254e,1
ca59ff4be03db8f3ce6ecd3864f91fac8bf07799,1
55219abaa3e4582db919dc853dd72b6d9019e5ce,1
7ec71e98ac111ce95403e6e3fe354afb5345d6e3,1
83ccccf62f597323b57d75ccade6b848a1a92b74,1
0caf6aedc61461411a571a2d8d1f78a158656870,1
a70c17b55c60d2f14072e1841130b06dfe2d4022,1
1d35bcff448efc70446e1b64b0943fa3d70da731,1
ed7809b5523cd5073f76ba537ef43fc25e689c74,1
d406eaceebf56e59a759d25f9f95f17a71e6f399,1
0ca23c359aa17c8fae4b6228b26facd79abea952,1
13dd4c6bc99f8452452b78a6a1768803ebbddf4d,1
a4ed5a683ca117b923c8ae5647b8062ec22f7da7,1
7cfe8566d58ab0a841c5fe6e948f31f131b6e755,1
2472c27a4438e697c4f4c67bb9180b085b42751a,1
9a1fa3a4c30dfdc16f11971cd9062cbbe06f16b1,1
a00144a6cc69b1282621934f58c61887d441ffd4,1
2d94faa2eae1df890412b319298178cfcfe84e6c,1
162b715381e8ed0f9611a8437104c79135b5ae9a,1
0d18f354e2543c199568e1c6c44069e8036a6ce9,1
3cbcbf606511651690b8795aaf2155639814a7ce,1
b70c860f0e559ae8125a7ad534e977ef754349ec,1
4709b6711743a5b0d7016334af8aa312180e9b08,1
05618674475ec527e4e9f0a55758576a6643435f,1
a618bb42b8a61d7bb4e85dd85581f034c6413dc3,1
125fe58156441050fb4d85700916af5128fea01a,1
372551c1efee67e06edc5f7152e3a93e57b4b478,1
c19ef05afc725a024b9817219af651818f30690d,1
dc51e5e1f5bb29abca01cac11dff011cc9f98a97,1
56896bf58c15a2a18b2cba2d49a57f4c72264972,1
510a354682bc662fe53f52f849eab00cd07f69e2,1
cb1788e5667655540ebcb60adcc9f58f703fdd5d,1
456251d81e4df8fab07e60a8bfa1ff7a0a8bf63f,1
84cc4de5157777c62cf624d30532d62b78383468,1
14c21dc0c9488d69f18711e93ee28cc35774aeb2,1
7f5117df54312d8eacf2ce3e1fc68e6a287806ef,1
e0bc4c29796bf691d2ddd34169b475c61cde46fc,1
96dcc0e04fa810199503cf0243a1f4ac268921ce,1
be7d09231aa9b8e6dbd19e5ce27c49fca2541624,1
13c4b47c9af94a939a021a8de5582ed72d3a7357,1
5d9ba086433cd9f7e2f7593e93b30744ac481ecc,1
33244605534a15f14b1935cd1b153ece1e23f3f0,1
d607f94860d40a188db3810b44c1eeb72fb03eb3,1
f162feab73927c18daa1771f6cc7a80763794cdd,1
ebd1c46751595de7b3f91f93f975cfed7acb50f0,1
0d4228e7e975c72b9acaad020065cd6523df3a3a,1
b9567196130f3918023afed71d824be199b9ec9e,1
e8a30bd21a19f9b981ce32acd95f0b04fa330c12,1
18c8ef9afde804c499fdb2b3072b48b4a0a0eac6,1
3c44daf738e0b5c88582e45d89fb2b000173bbb8,1
41c6f1be231b200cae128de1cf0c6f004d3e9823,1
3764ccc9ef2d310f8021810b85959b8c79999ac6,1
3bc98fbfb5e3183c699f1e2e0ab2bc1775cd3f2f,1
676dd045c4c138c5ef7720e4886ac1d7da23f070,1
d7747d2d91d568c3a65028242c45fabc68e0305d,1
e003d14121556e038259546f8b7f947a3d29b81c,1
b80d376a691b027abda28c6b49b5c05f03e30b2d,1
b7aa361089e7eb8716e6674f0fc2ed8ca4df952a,1
dfb6434520943faa7fe21c6c47a3847f2a9854db,1
93dabfdceba580983759b5cb3e9a1b05087594e8,1
f30c54209162c4ef82c3a6f1090ddec5eea4641a,1
f66c590c3ecd1bd02177bebf176458b70fc826c8,1
b976195411e5906513a81dfff9cb89febbb2a5ed,1
121606622d782def6e42897949e4c31d7a0d28cd,1
6eae12047eea570bb80c955f71d4e19f4d89acbd,1
b0971f0c6853ca51b5bec7c37b82194cc4cde0d3,1
522ee7d79cd1bcb1aeb6a2afba85dd613c1ec671,1
956a018650fe6af83acb62ed12532b0222087da0,1
6ef6a15a23d70921ef38c1eb0ff6b63d4882a8e3,1
9b23afd7f55b8832d52f75df6dcc650f126b7f61,1
13d8c912b6688a55df01f928ecb05aeeaa58c38b,1
7dea0e6be0aa946183ef2dc4da9c3ae8219dd61f,1
71788c8ca0c2e7819a92362f943a00e6da026eb8,1
08aa09504a0e99bfb7582b9bc9fbdb0bead1ec7f,1
39276baddfb27e6c1ea1827bee2fb13023caefc2,1
c707a69021c36dd4da8308bfd9fd753e984076fa,1
e95c832940272fd35ca8c21d0c86bc939b3bcbd5,1
50a5f2a60d0001e2b67f630dfecf7c7884fbe2aa,1
33b04d653106c2c5a66350418882b7a9990e1203,1
c84e851ab137996feadd84c97a502f8807f6095f,1
8795c1e5a33c50de1f6f69e781f4549b2fe76f3d,1
b8421bee97995c7be870c2b383fa923ae7272f4b,1
c8e708388455a807d3330b6cdf9279d10acf4403,1
5f06e87f81ec7fbbe7b141bee1db786a88f73443,1
cfeb44e71c2823fabb5a4b578ef327eec2d71901,1
bcd21c6e69b6dd5ca48481923a15cb20e462e07e,1
a0b9bc633bcbfaabdbd0bb25bde948bf95dc6716,1
97bc69efc8c151fc8523d75c4c06a10eadcdb683,1
da9763efbe9a7e7dc3b7ab711df28e98224da412,1
2a63d9db07e6d9ad1c4abc9b0d656d9fed1c8edc,1
038898a1c0ee2b67a91cf196f8d2286a8cff72ac,1
bc6cbd8484d4fee2a96f504801ef5b0abac86b69,1
677c1c480d2251d7d56d4ee4d81804d2318345ee,1
c014afb98a0a37695f1944ab33a8ffd1dac1dd18,1
ef4721bc0ffb9e51209a46170991de3de9022970,1
c649d6270c31c17cda0f3ef4adb626b231febb6f,1
bc7414ccb7ecb61670ff098652666795848d13bb,1
96525e13bb1714e52be5ca0ab809514f5981cc05,1
8a74869a1762e9893b0763c9cbacfa563351476f,1
3b1c002492243d9e1c317da893ca4e791ad9076c,1
32c60677f512b51966ef1f1ad892efbdb49d83f5,1
c707e26951eddf9148d003698dec7b9ad147e045,1
6d08ac580de97a590da0253fbde08d091a585d6d,1
f6392fa8b9854b915b3b7fa12a85049bf8a3c3d5,1
3b93793246d46310179b42f0c3fffd2294245924,1
499544d8568b41d56a2e469e606e3544b6751c04,1
ecd3231a3778acaac91ba0708c8719dc8f379b90,1
38ce74c692cccdad0c3669a1580530f36b46306d,1
90d2e1ddc38a296a80c325369b65efff7cbba883,1
80d19c9187dc4c366045ff262d70aa8ef9209e2d,1
b97ef7cf2649ad7871fc966e3fd62cab2b78cbc2,1
ed4c1af5915c449f8fc263b5769939f052ef128e,1
6db5a10d46fbb1bbde584fc1869040944b074116,1
6c3d11542409480f41a17e536df7f0112c1d6420,1
eaf815204e4e828f46e8a952fa7de13bd33b56b0,1
6ac06afdce5328f913e776646d69046c2560bd25,1
9999146b445639ba0592e650205b6fa7c42760f5,1
5e5b7c2c0f21653e41bd8599fd0998a74e1cc04d,1
5c482d3e33c40601cd83d33f7a9639c331760138,1
0642cfebe8444b05e75ddfb6b87c8c1b0a22f163,1
a7520ee721fa35d0d6bd45f589a54ae5a1e18354,1
05ecc66da19a9aab85589240129d6e98187637bb,1
e15d1c32be920c72aa56b80d7d4177b67220ba86,1
2210fba1500e79ecc70f25619dcd67ce325bef8e,1
0ee4473b322bbb1f0614133ab606b0a1146fa728,1
a767261c55600e29233f4b82a5db4eb92ff0a548,1
837b7691bafa068af1125b4e60c376bc674e5410,1
47d01845575d16ed78a9400bdc6a477c3f6551c7,1
b777ba74fb994d1744d92f1df13ce4939b23baf0,1
5f08f32b63b9f53c7c986d9c40cd870e12cf70f3,1
bc4b5f54d3c4d535fa2e35f0686484683e0bce1c,1
2f66608bf4898f11ba8ef15e0146b042b8377f17,1
6961b836964e7d2f65eade88e925f0e4448fcced,1
62e184aea14789c30497fe7e70779e8e8a0ace9f,1
06b055daff6d1404df8148fff982fb1fedcf64af,1
a1de11a00b62336a06b02e08cdfe96ee553076f3,1
a0a4b95f76d77a7bc4edbda277d221f7936ca832,1
eea1feb76e4306a9f7f41fb6bdfd83b931e461bf,1
57d9a7d43ae4ff8d8900ae0397c33d9efb2e71ff,1
c59a48c63546b406ac3320d3c56dd79876eb4aaa,1
d76cd32082928b0b3ac59991d1c4deb6234d519e,1
e07406a25da901f3b1cdce63bf079ff19dd034a2,1
4ae55a3dbae198301e00894d6d6fefe93e7aa345,1
5dae8d8da153105947ad9ec8c9e870375e251182,1
631e538f06e1ac0204f518148873020dc93403bd,1
1feb68b14ec7af4596d7db18460bf3d1b30a9b4f,1
8e71c639fe038842681b0f62219007a9fb1888cc,1
f773bef74e0c102b78a7417e1745ab6171f20ef1,1
4a305f88e3429399b16fb1aa0fdf6fbcf35be9a6,1
80d99783d3d94b6480336f03268929f565acd817,1
bb198556c5465e27fe94e18bb297eda0631686f3,1
891d0fb23433be3c3ec6bf81b21e4dd78eeb2f92,1
4fd7d48daef4d132f5a774293154888a8ecb6cf4,1
913440742f85b7de64848e5fd021603c81d563d8,1
2e39668d53b2eea782940b17cdc41689b7e3c333,1
60581dac72052f9dfca454d7590ae808ccbb65d8,1
404460104c9fd3dc5a43ff3e4557b5b6b03df992,1
163d11ffbe1320aab3305606f7447f8d6fd107fa,1
c6458bb09bd9575a4dec684a0e0af465ebe4a545,1
d43ece3dbf466be93c704d923c3b48ab6716ee24,1
4855aba7494a939985b4e32ff32f03767c87bdde,1
86f86dba61812542e1226a6c1baa3f4cd503ac44,1
8d8b4eee4ceccdbe5b88f3baacdbf9e724f0ee55,1
d4cea32f294a0d4b76cd8635cd799556ed5e621b,1
82233fd68738a4aa30c8886baadb16d7c442a39c,1
dcf28eceb925fa0ab2ef95ed36d40dc76c61502d,1
9df5acc1a47c516f9d9845a3135633e12e1f7bba,1
f3195635ecf034dfaea1b1b03a737c217c10d136,1
924986a255da855deef6102a009a105809da56d8,1
0f7ebf2f7449cfdc1de61f913b5ab1b170d93cf8,1
686bc05e5bd32b39f8fe5d69fa354dbd0ef7ad53,1
a64c326f7c4ee599d611a7dd4b90b3db0fddc5a0,1
35d3070c08f39378ac81e1c287661eeb6fa29e67,1
ea5eb70e7297bf8d46c6a1af8753b0d55d003a35,1
b5aa982ffa7ed61689d5ff9b085782b9f3207ba3,1
316791843484ddc2be10b3215bad103bc87a9137,1
6ab861f6152f4eae7928da4440ae746ab0b08b58,1
ce76996101996f9d321668e742be2c6f801302a7,1
c4a325b36c7edb9f41d02e5ddf40916f5fd71933,1
af293497a9860cd4cfb0022edeecd70935a19954,1
edd1de0d064c5f4995c13145e91893083db289f8,1
90308844707f8f9491123acc16f070ada62ec93b,1
482c21d71ed08eb03248ddccfe750ffe8d2d864f,1
9d04a3f21f44cd3a8f4d695d2a8ed7e2239606e6,1
98299335348750019cd64d655a5e6c4694aa83e0,1
98695de30990bd7d00fe8073f69786ce94f2a50b,1
a5dbe263c1b179f6002886d4328c98fd5a35737b,1
f3a0d2e988146426d939076cce3d36e8eda12560,1
0d8956a411134a284b09a5deaa03048185d8d57d,1
0ebfaba2f9e48d70e43e92b53e91734464693c11,1
6d40cb89fdda340ad9d6e97fd10c967e20660d9a,1
862cae0ef20556ec6254bc8af4016a035f93fb9e,1
09eec1476d2fb9841459273c012b346c3a79d539,1
cb2da6f3ca339e2753fa1261c446d0e0dae307f0,1
5815e1cbcf3ae578615170f12e5ca4a04c1f0d09,1
acc10b9ca9bbdcab31130daaa8c31eabdd98e7a1,1
2ad313fd27fc96f4b83f7319cb6da0676396e1c2,1
cf4b2fa67fc8cb6c98b6ab00e0135674b49c917a,1
955b50b5851e06c9f7c23048dae939bf23bd990b,1
0b6ab90f5fabb43b6c32d3a33acd6c2c096933bd,1
4364ae37d8c542067e5432442ae1feb1dfb571c7,1
57a0a9af1e614b0b3a7dd955655df68e6e40668a,1
61646e43aa583d57ad5ef2213fdfea2feeabbcee,1
7eb8d92e481e252555279742c0809bcea47ad69b,1
31452f3a4b7b52dcce533ac0006a5958bafa8868,1
9eb6ff89b7d031de0211e079d1337b1cca3ba94e,1
9c8dfbd1b50c1a70cca7c594bc2153c5b03eb300,1
be919722d8279092800b15ecdc6e705b522bd9c6,1
802f28b3ab470031c4b61ed9f6f5160fe9914979,1
1828e1af950c932bee989e1ce78ecf96a22b2a55,1
960f52790854f9c566d39947f26cb95fd303e996,1
16d192b6723e7c444044b4207ad5fa053d88480c,1
647c16a44e85165fc33a595a8553ce94adc77a77,1
c3f05bdfda281658e0caee30ca76e4bb7bb729b7,1
d075c3b65dd8d6c4463b42cd1b67690533ca7344,1
5d6b2d411eee23213bf0645ac4e5fceaed54708f,1
68a5faebcc9f087f796647d9b8b32737b741fbc1,1
a92eb99c91a62731269de748b4f2f4d56b50c83c,1
e2b1aa5f15a95f94157013a5e1b57df69777b8f8,1
090b88577e657c1c293294f06aabfa7e4cd27b4e,1
9d610c0ad80c66b67b94fdeee06e63fa398cdd61,1
0d590e831f3fba74f37c4c949814f5161b891f20,1
c015270a262a1ca6afa1161c1ffdcb4f86567fe7,1
05a2e08ca832d9e80e65cbfab7dd974df1e58c22,1
e09dfcbc584f4eba08e3b15730fbf1cea5883f6e,1
6bc3f50aecc71c871c24e62740f865eb07a816fd,1
b0e442f630c008f38d76aa45e89b599df59e291a,1
563ecbd5591bb65a41e519cdacb5a272e6de34d1,1
af757713f3c35368ae9a6266c56f88cbd458f2d4,1
b9c52040b8a0d760560f57d3a4501b523dda4c11,1
c6c3f03a1d350d31b8bb1e8312f11ad7e92bc1d8,1
4d86048a9d7d2b6614f2d7943ca27b44395c63fb,1
24fd6047c62d93a89900a3014b223cc9d7cbfe59,1
f68857a355d34c5a9956acdaf47d03ddf3266db1,1
eb9c89d3423800fbdb9fb2d5d516c4ec55379128,1
dbfedc4b9a343a9d1bc2e51d75f8e56dfc889d22,1
a331a46e2539db4a2a71e2d0acf998cf85a5a5fe,1
08b483825afa70a3a021f98418ee98349fbcede4,1
0f8c5fd494bc628e68b170184c430c1b31c8a97b,1
a1ac52ccd95439acc58deb1f4055a8b4ad42b296,1
f185369a759430a60bc736fd46e31ababb214e25,1
76e5f393d42450e5fa3ea3826f706db42494716e,1
afee8d1b6f05c67143def94b4a2593245e48a3d9,1
14d32e4082ad9ba07443f0a0c02993534eaba1c9,1
ae58b6516d72d6321fc1bc47b76ef390f956db58,1
403bf671ce7fa74253fd7ff8d298dca5fec35380,1
cae31b5ae0bf0f6296ebdbcb3188b7a91bb3a0f2,1
dcccad8e21dcc80ec5fe5d4b5f4e15687a882938,1
6cb3b112b602a81bf89fb90eb9f060fe25fc1bda,1
6614dd20b16e94d9cf4e84a392c49228c5cc48f1,1
a8e63444233e2c2eecb707ab6d04e1449ddb8f9b,1
1e11919ff79d493d273764627fe2c2c729bc6ae2,1
d1e5bcbaa07051059e77202f1ee96c92f4549bcd,1
17081a5fe25bb9866239a0a23d90b0f0c1cb2624,1
3aa113f66c5fbe6efd0f24ade510e773734fd0d3,1
a12914616cac39e90ee5d7aa8fe0b76420a06fd5,1
e0b51fd4a70384c4bd8abe2223ad9092f650c29d,1
c35db80d866970cb9fcdcd5af67d1a09c2a7606d,1
85e393249918166231fe138f5d2fa4afb685fade,1
71d97e3a46995dea78d20c96d562bd2cad5fc88e,1
d8c586d26b48d6f15669c9afad829a953f9c4f95,1
e99546b48420027475170082260dad08aabc7661,1
cac70b7ef82f12568ba0c09635211025338ffa1c,1
784ffce84989a21546030b7d538911f615f7366b,1
e47b9dc82245a5ae04b3ae45a5a8bcf03c0420bd,1
300fa10a94daf9dec2d2f9f161adce8c3ce52cb9,1
774d1b1dfb9bebc1de7e15c78051f17d64dcb756,1
45cf6e0c03a960bae7ae8470f3c984cfbbb55a65,1
dfc575fe02d3a9e93d6b1d65a436c804aef2bb5a,1
1a3606991dc88c639814c3276721fdf3185cd2c2,1
eeb380fb20bcc5a3f678fa45d123cd9588d08b01,1
d6d0e45412697d7912ee5855bc2741bd47d2e641,1
ebf0608c60b11d97acbc0ee8d4b521e5642bbd2c,1
bd200774b8e3829883991c4756a0b1b9dba6ea1d,1
01bf92a405d8cb664a70bdecd7b3d72e98ec2653,1
53001a9675c3b9de8ada3df40bebd001367d08c0,1
f526145b3983fc0ed401267eba9d38f83d4ce75a,1
b121f000e49c78c13811af5c31129a47a2b9f014,1
47feb6ab4aec6156a8f180c7e1a618b80ab7e5b1,1
a874128ad7f691a5c753bbc8ac6c270b3366b94f,1
5d0d50e394a58427cb684dfce2864c3151f29ad9,1
cf3baa13f0063183c50349b822bc950601b6c126,1
8e084c497984a9de2700ddb9a610ee24aeb84386,1
dc0519d07192e1003a20157cb50994cbbd08c221,1
536e362a8cf1b66f7a064a4392f914c49ceef967,1
0c05de874733429de5fc2f1f46752018813629b0,1
68b2138534b44652e2a00436a2c6d021d1266c0a,1
b9073f9d5a1ada14b759c894ed88e1b2c7bc23b9,1
2031bf0cd3a27bfefbb4809a470bbbf01c6221e4,1
8a4d969f00e755894fb9f9ef6c6f244d2265d3a4,1
c384ead48a5b28a52028df85464586ef5ae27a32,1
9011eb75ee92a8d1403f084d9e6c72a891c982e2,1
15d3b5e18e73e61be9244912e81621ba20785a36,1
ff323b52c8ce8175c59efebc8d7349e96ec2f69d,1
0cbe4a88ffdbc47e57cb0be26da0e12bd6c37692,1
c550b60f31d856b04ca06d8b3ba5c6d2de2371dc,1
c0197492a029428a3c81fc2435e9d4d9d95f353a,1
46a14d5754f65248264faac1ac1ae0847bcadbb5,1
57c76a6f725d6cf24a89d9786e58b2411c610639,1
052e0ee38ae064229cc20dbedde897aa91a8b0f2,1
82230994296736bcbce4f9c1e0a8e1ef5fca1fdf,1
fe4871de360e60453c367ed466ca5f6160dd7f7c,1
0f67449ecd40a584886b05c069b658ef7f28f836,1
f3fd4911071bc38bf73cb256bcdb38a0d7889027,1
70dca24fc4e6c20690ea14c600d4edf5c57ca3da,1
ff9f4c5d09935ef754bd729b269accf6a91f4e4e,1
6b24cbd9cf7b204e007e7c49dd8c0ba96abda266,1
67cc0c6f7641f450b018c02b602a148981166a41,1
a7e42abed8b1e8be9a9e719566d76331265242ab,1
1b21cdb275c3b4997c4d0e523bc34b439af2d29a,1
9c14f8b35a2d3a7eac5cd7857d2eac1594400169,1
abcb108e99b17cca4e29db443f561deabb14aec9,1
fff746f66d844eaef9c8a0f00c4a9b32a23477d4,1
5295a936bcc164a24b788d6fe644a7a4f3581118,1
5962c084df96dadbee3751968d2b7fd40feadaee,1
6f6d6f2698e421358c2a47eae762cbeab78a14f1,1
d3224b784293cb593618d7ee5bf84d408e2a2180,1
0ad758d370ead5c245f987bebdd7183e61f1f1f2,1
746d9e1811622bf8205285132e0f7b01e405118f,1
dc417c5df0aa65a616e2c75a113eb3de1603552c,1
13b1315c973eb75b16d1d29940388cb51359aa47,1
0044945d420b84642421b17068083e3d0e81f086,1
da6931c3183376f0be076bf26481ac6c82ad2825,1
fa4c6760d40261d25d35813528c253c90a4223d3,1
2d20acb2a1aaaded4c019ad924f669c199fa9b9f,1
0f488e85d41c6bf9b6b82f905401add7a8ab993a,1
6bad562a1d389b1adf109252f0c541edca795253,1
c5e0a5bd9eac37695cd192eff6a309b0c75d81df,1
c61b96ff072a948384587a48e6a1d73973cb2c3f,1
ed89f6faebe5a4065172d1c269fba5ad180c578d,1
5ba00ecd2556e81bf6b9c079b0cb351519d703fc,1
23e3d5f0715a0f2f65c7f88fd27fe43ce0486355,1
f8c74c27b96ad74005c02a20444e50d4a2fdcf43,1
bdc7485a636accae9d56ef05d75631daffbeed54,1
7c2f2eb78a1755c3b072c28324ccb8a7fea9021e,1
f7ce7d3489701be34ad9b5989643c0c29c581cae,1
57e58baa428ed930f5267f0ece22d4d8614c4733,1
9c0bb64ba7dde7001dc39bb9015c939e0e93d527,1
381201c3deb6ab09c569581912fa981f3677f7b5,1
0534dd112bcb1c2338a0b224008453db10288fd4,1
3c36904a23ee96d785774a2bed444f9fa03e2ab3,1
46a82c2d59f104b7f3aeb6b30e4640ce78cc9429,1
7b5ae752363d497157ea08235df691bcb3ea775e,1
3238f3e2cdfa7ba8e29061a1cf41fa886b71b73f,1
48f74a1115bb1b21da24c47c8d26e30ec7fafd91,1
ce85f3e1536473d9616736318da14d6dd41d2111,1
62108109944d4c46c1445ec37e7f438dab398710,1
70edb6edc3b568cd1ce276cd60b000457e73f4b5,1
144cbd6022c0b77f18bcf131b115baf62c7cf782,1
9b07d48641659c05dd04a45e8c6ae3865fc5517f,1
91c124beb878f4d5f01cb15c99ec90eb7294c3f2,1
df763ae1f13175a945c481f55ad29b803cbf86bf,1
d0984ec572f48476123689a80687ac62cd22a500,1
6192a0a32beed56e9f8b9a1750dc7378f2fcfc1e,1
1fdcfdff6e097b3c42940d7a573b69f52fe18f2c,1
e16c5136e57e2044c3017ace5db2b3994d89aed9,1
7d4c0cad7d71bcd8666243f2faf96b0a133aadca,1
793334f00048273093abaff79c186488f80304da,1
4da186c48f5c557754e6698e6be0f5adae700cfe,1
5d5efb897b55d354d73db988561b2e7b524eb1c8,1
043d34688665b6f13b791cf5ac70dcd1d19d3a66,1
a623b1ab31906fd4e5d2ac931b44ffb366e26554,1
6012bc456739379a5c0d27d203c9a15e9ab62708,1
b341565e320dbb8bf5ee69fc3b6d8789aa2b9c98,1
eadf07012bd2b89e2e1c97ef2f9c869b40337c79,1
f89afa3c47aaeff7420efc946e3d53a927434a63,1
863ac30e3667256dcc84158a4ce1bfc4f6f3519f,1
644f5681b3a61a7555dc967c1058e10a5968478d,1
8d1dc8f8a61f47f6e6be471de2750a17058f50ec,1
f8e927259c3ea4b03dc2fba4614e3c7aa64b3ed0,1
8a9fef279abdf54945088d32732d44322e9cef1e,1
98a8d3faf2678645f2a95b975061f7288725bf47,1
33561a556264a27e45590f0d68eda6b47a333b26,1
db3af0506b355a13c2ca3d16aabee5579a36fbc5,1
1b72872c8f49ff027cb47ddcea6313a5352fdaba,1
186f8a607c4e2f1d144e1ed47d8fe7e9a2d92987,1
594e60c65f11a1e69b03834ae463bb4374e779a7,1
03fb87beef36131f3d8fb1b8d3dde8308fd658f0,1
72a7f5179b41c3e3ba7c45b901fd3858d7d8d27f,1
676635bec65d786f4e6d9d35333b841dd6816a69,1
5a5be6de6e562cf3b0a7565e9dfab03b75e03d03,1
b7fae3e33260fc98153f081be7caff6dbcc67139,1
8e16ac589dc03bcbb66cce03761fa856485dfb02,1
602a5d76378702954d19d2b3e4560ca97122d37f,1
d18a002d7db38fb50809f896e15920e37edaf444,1
18056594c67f4b040d876ccea779801f4e8b5171,1
7c25e9de60c4d3d954e4e02af0f77f508afa0d8b,1
f6b0f4bd7184a3fe02d29ba75f00415cefdf8e92,1
2a43ea075409c6db355440105ea12fcd018880e0,1
874baf3f3de40c7a0281d5c0837cea2e18de0e49,1
7536be22c1f1e19c9e3fc49f0ac5e90076bb956f,1
73d1377ad941f84696035eca3c68a940a35256fc,1
3e95451c6498a1d4ec8f418295addc805ef2a538,1
7cf24b0ba7ac37f9e81c3ecbdac3d254cbd8bdfe,1
26db86916d2095cbc6457bfa58ef1b8141a7d806,1
83ed09f692c21e8bf2fa5e26b9efaa7fe1665f30,1
21786714d0c5fe390e15e2ebd029a57c2d962a91,1
d506f6457bb973136cb55a2c8389e0f9e5dc5cfc,1
601f7c842424fb7be1f2bafde6f53828889bbbac,1
24ed4a9cade17d9e0e7f89aa58aa99b8387d9b48,1
1c0eeabb3e0e4dbf53826c939dbe900a720e2db4,1
173a38b1177b5ea77c5cd05063f79c273c588cea,1
ecaaea6a0394b071afe758ef6a5430fab16ba786,1
84d73a40f2c375588394f7f9d81c718046caed13,1
69b58445b54f558ae261461204a8138310a10670,1
70bdcc3e211f6ae833f69b701466080cdb186d53,1
f8ff51123846b7d609be3d04e8478da84f636886,1
88907e8a41bc3676926b3e67b92b260cb71aabd3,1
f732b708b2d1e50f75e0d9bf873abc5d9ea02d18,1
7d90a308a8a3e9e0be30eb47de595bcc7882c2a9,1
3dbaa641c22dbddcdc9586f35e34951352c43946,1
d2345651101d601e076692f6cca7730bfc39591c,1
dda907ea7ea909926e20ab478745a735a116bbaf,1
82bb664ee0a553e2974875081744a0f343743bc6,1
635e989b2135932ec768feedcc657d514d8e879c,1
58bddae43a4c93e32b69989251c62e318a1844cf,1
3f0fdba5149edacc3414e66450e826efaa5552be,1
8fcece10e1736065af631a89caa84526a22c16ec,1
8d88d5b4439333f428c495790bf66ee8708a9ba4,1
5e169050ea97d2f5e725c359d8db0b37cf3b7256,1
426d30ef16b8c0ff3fca9d2c531a50037b696317,1
aa6482ae5059358c1949fc94c44fcefd31301fe6,1
45cc97968674108906ef6ed8a8287208acb6a940,1
99a6766fb1ac477b23b477e981f27470fd079683,1
476ab0bc5773fa466a56eef9c29389c75a7cb985,1
acef20a804d69f751c04fe31db9385c29eb7dc80,1
fb71555132ee1802268bd5dd3e12051f4eead09c,1
4b6e6851474fda40b9fdb3751b0ee5940d685efb,1
c04013d52df1394609f0131d8587a9daaee6ea58,1
1e4e79e65543673e5fe97d0d093e9b23956ad343,1
d40bca3fbdbd9463128f450fc6d5057aed585f64,1
ce6d7d1c3349e287bf310cf1b5b4c8682ffe452c,1
9590117c40c7531fd39ba891c80b1d0c370168ba,1
1aa893464b5c1336a0bb04e38c9e09cedb861fad,1
90309a3eb203ff75ec3397e41dc2123165a62af9,1
a329749c3f9e4da08e141544b92e81db45924acd,1
7123dd261ea9cbc5e18a1b88803f74c95d122f58,1
c6968548d477772bc80a85121fe593841cd37e83,1
5aa35875919a03f9f086015b042de307030d635c,1
96998422e2c9e2f5e2ef12d285694db9aec2dc85,1
97a5f07b788ee1e447b81bcd4a20682e28a255c1,1
014f5acc19ed788e087b676267296ab7beaa8cda,1
dc4f8940e7949d37ded744a2158d70f3e6036745,1
f1cc281f80dff7251552868b98eafb8633c08957,1
0a93fe9e0c5acc7800286a4a51a89f7aa03059e3,1
43b5cdaec627a9cddcd1e91a03c80770a9f4ae5c,1
a6a64192609a6c7920ee7ab21e4879f043268bb8,1
2d0d282412e1473bf78fcdd9d1b73abbd2befb9a,1
7f659c81c684b929a83847a65853d1f1c6403711,1
8e0dc4c2ef83ba3ae746ae4c6b2647d00070683f,1
ca0231eea45c8ae18d339522c003fd541070c83f,1
3430303dd92433ebaafc3df33d30b7e8ad3d6552,1
4f717524f153a3b58a5deb9ecdf177a8d68e6daa,1
00e41f3724f6254ad25442ff1bdd10ce91fe74d1,1
3ebab6eb7c9fe23c97086a6c7029ca7b5df5590b,1
897e3d1b6e037afb2bcb9015eeedc95b356d2a33,1
24b99a8e37a2f1313669e3d92fcecbc8f552bb31,1
c952ede3e74014f5f1a5c00c8d05958a454e98fc,1
cc0f3e5835e6a0c3795c8e7ebbb5912803d7f724,1
2cc05c0e78b6584c300a533f8652bcdbdf7185c5,1
484defc1ba5bd6598eeaf1be92a7c1d5250279bc,1
361195b3e10ddab37d27361473a7f13c8de1fdad,1
c1011aa0b01a8737aa02aab7c392a6b8055878d6,1
00df7f61c554c70fd1149f3e8e62ac5ab9bee502,1
4cd5219a03b8c8702481c67a6c17abbcd573794c,1
d0eeb50bd9f917a82522ad8535d369979fd140fd,1
68d8fbf544ab70f9e48fb96045986c85e2e6f614,1
c57fd088df8107d242b4c20ac32a2a88902b5f0c,1
8a598f186ef6e47e39b5f617d8683a2fdfd5ab6b,1
00e66c3582d96ac6b0039d09571c959170d4e064,1
72162ff51cd5ccd5bf1c5a7d6f50c6b72c876bd2,1
258d4e6ef3f1e56c485938f2a4e415163c1ced19,1
ce5238746a5c5534e4961f495a8e860131777d9c,1
e9d9eb55f03d3bbce51a4e2522baa94d4b7f45b7,1
f719de28aff684f9dd51e8623c4d486a44b43877,1
120038366cc8cb471bea01e567f7720036bb0444,1
0773aec80b191ddc2fea3211920529eec9afe0df,1
9061a31c4bc9ee8e2a9163effec0713a201d0207,1
bb0c7b5391262d01c9f8c84e42cc169a3a18e41a,1
9f715757a75bbb038cc89e3ff693d6af0c5d3bf7,1
0ed18e3ef892da5ad4f755eabc06fbc9326f16b3,1
cbc445664aadfd7a0cf50556eadb4fa8d2aceb40,1
f115444a4254d6cdef09aef6bdc92345c9b7e3a4,1
fd029e21ad7d62ec74acbbed8577febd2ecb8f5d,1
e555225db21254f2eb5ada57fbb8941284f491fd,1
427c086bf96f046fbdc99c8458b601f090ea34d9,1
f07669acb59df85bdd3be2b2fcec1510c2a68b09,1
8f95de67b75b1be8f10b901c15b40f599579f9b2,1
f1055a9bb4c9bd790dcc3176726b643a895136e1,1
a0dea266480474513a15965c4e299400369a7e6d,1
578c035660b8fa47fbcbfe4964c2bc3a2de65659,1
afa722f25dc2fa78ccbb99a8a13df8a9bb300435,1
4b8533fdc1f73a2dd1f177ef603f1e6c4f0d2164,1
fdf548c0055c0d49095bda50285a5acb3e036eea,1
a65e6047dcf24a15eb246c0ba0271179c3bd6836,1
8d933c2df869d9ed5c7d729f8ea8487712528b3b,1
eb9c562c8d9c6e78ab725fcee089e68a7c6bf4c0,1
39d9dd0e7f9c6b22acab9782edea1a405fcf9ff4,1
d2c072bc0460ed964fdc57ed654e8651b7f2d180,1
b8375c3073f018b4baeae318096f33b63c29e955,1
deb186055ecb146d8c5a080b08e6f3c4310bd54d,1
351ae2acdbe864bbd55302a130952efaf555d324,1
a8f042fce2d15626ade059c9b57587a59a966879,1
a4618223925bfd09f8bf21a2f12cc548c402f4d0,1
eae796f6e90d2af1a56ac34809ceae0b50c54b31,1
2eb75a779d900f9c39b29720740fd708a7e5ef3f,1
6e772595baff52270a161df149d9ebdd428c248e,1
6fae7ae5262b457958685aa41d6debf2f5916bc2,1
e7e81f8b8558c0b6d26da1fd25c9817c72c14ab0,1
0023a8463fc84de4c7851e4e978d79014c197785,1
f7e6da6c8378aca1c0ae743a7d879d1a784a04aa,1
adb2c992f5360ab61736ac5b4dd409aef8c1a35f,1
b9fba0bc23ab142a74e4105c17fc85df85a216ec,1
2d18e547a3984a6fac2fef689fe09049d6167e66,1
ace538f110599cb90f1d6186adbbedd66e785a57,1
f777e63c0fe613a8f78721f01bffa37a225031d4,1
31f5d55b844cdfc7221382cad5d7238d214ac4d9,1
7f7a89b9f62c091154050473a6cba5ffdd464e50,1
78a839dbd5eb8c89d484db05f2cb856c36b011fc,1
06ab7725eca65930c60ef6518522f288e5c1bc81,1
99ef0e51774c8ac7ad30e9669d9b6910eb516987,1
10e4262aa733f9af9b076d96062dc019a8cee7e3,1
ad8cfb9450f71975f349436904bd0f288763307e,1
a19a0e760fa3e9db5c607c0c6326a7b2bd68d2cd,1
2dc982a567016e6882bbd4c3467a8d6e667d4bf6,1
99ba3436421ba3214c076ccedbadbd8f40b6c396,1
4293a9a6827eae9d5884dc592f29177357b76c5a,1
da48e7829bd6540bdb4406ef2165f367433d8b14,1
2185ac58cc4db85394de75540fb2d736f2580749,1
3fab997b46631eaa5c31f0b4931387dd170b65f2,1
0eae7ceb2fdb418115063a529729ae4418511bcd,1
87444c451aced28713118e66fa33faf34ba9469d,1
b6e7742dc8e7495cec8411310c4f6e04b02a8f4e,1
3a751bbd05e1c1447ab71fcddc70543b6dd41275,1
17c5260722f0338b784f90442ee3a0e9ac072388,1
2f567769fb061a83edd9ba4ae9d6f23cd007534f,1
cdde6b26886fcd78ce429e91b82ad594ec52918e,1
396920264f4506d7013824f9db5d424b94846414,1
867eab3b8a36d4144531f58a45601f79b4220586,1
3dc0d2bc14e58c00fe467d741a02f75a49b31a1c,1
ce9a1ea994f0c78d5c4d427e20a025812b925767,1
c330050d5a6f282e55766be19f54464eb0911d46,1
b8dcde7661edda584d938aa126d4f3993d9e87e0,1
9d87f1c44f25d96d85bf4b178133a6852f3e72f9,1
edfcb430312362a38dbfe25205712da09c5ee642,1
21df311b9cdf1b40d5b9e78a2e3f982680e4983b,1
6b3ef3a96db3fe9ae6896779e7e9c006e608bb52,1
ac25895f5849180818e9130f6d7707034bc6df19,1
cb963c027d11947ea6c83b6cf3ea504348d9ed8a,1
6d109361296f048112ed04f28cf08aad5f05e43a,1
990886797af0ca782c01378a461801133dcde3e4,1
2aab3bef4f7176bee4cf9626eaef5caae516046d,1
4043c2c923a8e0a1f7ef95b646a78703d082b675,1
d33872bfa9d0a124f407fb8326dee6b3e43ba4fb,1
911a333a8e49caa97e3d989d3101d95c901b3684,1
5ca003422167e6de121f4ffcec521c1b046f7b98,1
4a4fa5e4a65644fa8f79ae3f7d42876b93f2dc74,1
f809ebce8fbf17dad145c2b373cb020f8157fbd7,1
1d4ea687cb299d6b5e4cec76f2c6253addfc9247,1
0619a054118db9028a1c9c14af494fd8b74f6ab6,1
b79e091970a8de5f90340c7478e092d017ee01b7,1
2091307786809e3fb5cc01ccfcbc4c31114d53cb,1
b3839a51d1109b25e9fda0ebd76764ab01bdf5a8,1
c273ea99431e3394f11f72c4fd9fa1a3f110cb36,1
7d14a35c74d7688c01b7b2594e9807d430f2a5c2,1
8e16e09e8b888b67262ce241fe872582f079cc60,1
25612a5f006ae4d0aa6de757ec092c1878a6172a,1
c6cfdbec5ced1a7444e35bc5dda499e34c0deffb,1
d3de09d924ead71c5cf451f465458e7d43041f4b,1
ae712381e01cffebadab2e3bd933c419e8c7e55d,1
5a611779c37ec57d381f4fc4ae3f203c910ff133,1
d099e05bff55c33b28e77a299ef156a8cbda984f,1
c266bdbba85ad6acfaa582dc470bfd873686a220,1
7560a1aeaf9c280af5157383cf299df242ad5cca,1
e0bda7feab4786a31da2e4a2ab1784c11bcd2b35,1
3c4270afa4f22a151dc0a6a7a82d8378795eddb9,1
3dafef409866a1d8598706da728b3033ea2b9723,1
872b44c3cb03d05da143395b60d05956d7449d25,1
157894d8ec0b602aef77d98d66e47b43104f4d68,1
4bbef4926a47a550eba7cf1eb32797b861869c62,1
05a871529ff9922c2996393dba2f95b846bd1c56,1
c5994ec1aa3ad74766bd3746e6d99868d403845c,1
b6b96ff745798baa3ad9a3b50688d582c7d9463d,1
35882728e6ada3df34e9a3420e47e2bde773c9d7,1
257ee7c2fd7c38b53f28b72fe1947af2a06ee1ba,1
bf247f76a2c8aecbfeb0f8d14d84162d1ddace9e,1
4e217ec9e8e3ab53eba59e7025b1f823056a49fa,1
aa69b1355f9b774937b1a49c0dbce29e73070dd7,1
fd845e739c1eab1585c5bd972e473e4af26a5350,1
bf79b4c23e76ab0e989e3fc3f49b782125f7f179,1
26332d4314ba28d81800915c584910dd10d9c1c2,1
2485a2178b43e82b59f39db34f20ad6fbacc9de0,1
e104817ccb2dc3e6a6220c3128780732dcf95527,1
b3901a408a44618261b1b78fb45ab44a20dffd29,1
8ff3507d4f305d0f1918ea3d7a5a672f835560dc,1
b2c331a2874df6cbf3e8d509a595677ef125fe2b,1
f369ba2764c948e196b6af66a9e17ca3c464df2d,1
0fdca77cff5ab608452418579b47df8a9080bd83,1
def965b4c5f9a503d66bdc9e124c5ec74da3516f,1
9b20b07aaf0e77ef6ff4046cff3803eec983601c,1
f0ec3fd5f318a8fefbb5549b01c6e7f1e73b1706,1
ba9766ae4be5ca027711bbc59c198d458de25528,1
68df8bb79c59c195855ff2781c586393fefe1a89,1
328d6e5aad0bbae138de624e4a0c5f5c42d880ad,1
be89181be218bdd8dcfe62d76ba3322688554b88,1
68bf59533a82528151fc5999818b5ae85414a4d7,1
da81ad678c6596ce4edc28b9e7c05ae57014040f,1
76b6d13ed4b0a9e2a069459e634de21d639a2c36,1
d6478c2c1f90bfb578ffdc22848bbe5a23450b05,1
b6999330bde58ea10a6ea85cbe2ac5a00dad53ef,1
85fd1ee334abf4ffde1e03b1332efe1011db63c0,1
7cda7386872c16c796c5b51808c3da2e8e33c992,1
b6953e97dbd39f29af5fad84d01dcf3a1b9ea96f,1
f0a0acf989daf65f4d847066e79904bdfed9b37d,1
63ee06df802cb42590507164cec531c2552af635,1
3fbb2b8ffbc4f768fe5cd55c82f2046e1a1e6a20,1
c9dfba8de5379a443c45b4c0adadd633a8dc10e7,1
42802cffa0bca476e1ce057714365d3630b28d4e,1
6e222036b865058df99a4420fca5a04c2d575a23,1
e4ed358141ff81e1ea97a639992889ff5149c2ce,1
795f30fdaa9af6fede31e22baf92b1be0d558664,1
657a88eeee43b48228bd8b0c9d48ce5fd26542b6,1
7498c88fdb1024c645518f7b81d10564734087cb,1
917d7ed49e709ac9aa21f8e65df764877a86ef09,1
014a22589b89da75509abd285635e03f213e26c9,1
d4d7116f72793fbed2536ccf495016844409a2bd,1
6b2f6b7d9a3bfbcea5ec5dd9808b924021460276,1
1175a3aede77f19e081738424c75eb1c9b5ee365,1
47109329cd18d8287b31945ee8a2b4c69be2df95,1
47ebd5b71961e4aaea67e9df82be29f728118f1b,1
c5687d6b64d37999098a3e64ac9447661e4a613e,1
c0f3287a71971b2d3ad4f352bcf9b383bf36214b,1
d1b6bb5ad210aa6a4d7ea145e8d9e769208c1d6b,1
831db48014c9f362552e369f7755188017d41954,1
c845a3975c1a74650d191fb0804855b7af7b1d00,1
ae852afa830de0549d6d1ecf447c4b0954898bef,1
31e9cfec1401da377d7b006b4634a37154c95b98,1
3a25814f1f0b237136647f77d13e85a50ffe8987,1
d4d39ac07223586c2cf782cbd20dcf8effac6bca,1
df673e3b425f73a0dbef3307e093f7da684ca86a,1
fe5400ebc2bc474258f11026edb815d683a086bc,1
de193867f527618de68567fbb8b486e9affda5f7,1
1c322d700adaf58b86b5a66a59db486170584fbc,1
e6c1a15576fea16df340c0eb1ac6c862e3c10ce0,1
b01bed77e1c911af426531fabb3c06f813cf22d8,1
0b59a552a4d395bef1f9a6065f9ec9a6014a1cdf,1
e5a85ee012b0356902d98236ad8a34c03692118e,1
db44dc965fceefe55675d8a9bdab1bdaf24b3a92,1
068e748393fab0d4dff8a18572e60b31d332c53f,1
a4dc9c8a19977ffadc526e61622139eb2913a035,1
30482af137c14ea032cf3fba450962ec5de4318c,1
fd6e6b24ace933ef94aa1eb5295b4c37530157ce,1
044fa8e03fb9b35a998972acb21b0dba4a6a56cb,1
7f18c39b4c9e595092e6df7196dd3b6537cb6f0f,1
274aaadc245da45712aa2408ea951ffa93097687,1
756b7bc4c92a7cf1cc5ca4207307b1de71d66948,1
af3a526b4e9944ed32268032e281dc655f4b4187,1
06efa273ceea98e1efe52100e9ce1102b2e37f64,1
075e76da5374c62f78bdc892cd4ff59414901177,1
38cd929663a1854da45583ce0968a2423d2b33c9,1
5ad5323e21fcadc17426ca1760c51fb8346c5615,1
edf129366fa00f8a269be811ed9ac322ae0d2cfd,1
20e004e9e57657c212e6cea451a611212a8d2681,1
83e5055975c03a125c265eb46e7e422dc1f26b4f,1
dee5f5e6bdfc319c9e45e5a441b0d60ad25682f8,1
58a0084edec4de9f59051d4d3d2f2b1ec0dcadec,1
8e32ecb78e79cc7cb79a67da87f1a2b64ef362f2,1
de91b4d98dddf8da2e44b4676e610d79f21f13c8,1
f2d85f2d40873966cfa77039b3427610bd6afc16,1
c87d3c4cad94b212ed985c7f356121bc5ab2e387,1
ff6d8afb60cb1aa7d0f770ca2f80b60804ece688,1
be74a75eed92df817090d3c50d603de64b9511d5,1
3836b926fda0dcd605f8b0cfd9f3321b2e631331,1
3e4c0f22d83894493ac35b2d029ebba5a80f31aa,1
72a14029ab66cbe685233f6f5722d167e014742c,1
8d49eb9730a122aa6922e35486416901b9b4440a,1
5b18c7ea71ddab21d8ec9434c8c1cbe2d6c3d20d,1
31aeaa76160d04c0f86cace87ef1243e4e1d6487,1
907a2219310332c014c1513bb8155d23a518e4ed,1
69fb66b2db70cf2bd0f40223fea72d70a624c570,1
c42fe54d3dc5f87f345030aa29ccaaafc823d8e0,1
0cbe8a2c0ab47718758ba48b4259fa494c00cbd1,1
9681d14f5dad4f7e3b876566d4af466b843fec6c,1
72abad7df035015bfbf5b9235aa67d65b79bf90d,1
717a585086c0b18aaf53cb1597bc2e0253d2bd4b,1
07f7370e0f4bc031797a0d17c0318abbec227e9f,1
950767fd2bde84d96602978b5196dbc417100b61,1
2d258e3647e7ad633e9cc241fb4818622a873d7e,1
770baf793c62051a97f3f4234fa7ce356e7e8016,1
213c4738cc35c04f021cb47d03c4226bdf330636,1
9b660bc790a8e25d280e93d5ed96170461c774a8,1
f2d8276730010d456a18af6aa1f6490e215338eb,1
19724b661a1b09786ef881c586a7b62149ba5a81,1
2eab2fd1d86d037045842a368df2bd666a4f7749,1
7206bd9aa46757badce20cf7e366a454f0a1c073,1
62f9d7d4ccf046ddba34c39fa88c1c05d3d49793,1
c419136185f47616d06eb8c103ed1db22e1337ff,1
5a02a5512db8371b65f8d702150a0c2235ab3ced,1
4e52a74151a5ac4b25e2e5ab3976822e1807b9c3,1
9601edd75e0844455357177127a655411e372c9d,1
59c958d85614a5935b316e2683c054fc80d89583,1
0a6d6ae375158ed384e31503dfd3401d86e2ec74,1
4d11087079104e650e99bbb4bc0828afe1645ac5,1
44de3908e9012e9c1f1829bbe680400609c46809,1
998504ed7e40e7d59808c13c400f7f7fe217d988,1
b577b8e4dccbce67658a42e0d135f193350c648e,1
b8a44f2b9e0d0273511c0af7b9de7a885422d394,1
39c725ef1aaa6128b6c683dd7dc92ffbc628a55f,1
4d1a4aefaf13bb1cde90438c5c49a199501b1666,1
447559269aebecd07242214d41b73314d3525f6b,1
ccf011aaf482c6256750bed97cf12df379232bed,1
be12afb2b7240da3afae18591e3aa10f964602b3,1
2ea465fabe0b489de9a227a2b807023dc4235194,1
9abc38db077e431edb110a98bc99498474fb22a5,1
b9014d8c65f89c5b57571edda1bb9550d4202f30,1
24ba5b1be4ad5e5cbecc61c6102f347392c95799,1
09233e1ad22fa7999730531c602be131ea56b48d,1
9bff64c934b4b9cbd97304664a2b5496784da274,1
6154baf68483738c2154de4f3933dd0ea03b54c8,1
6c367852a48ccf518da46985d4547eb0f5ac536d,1
501b5c1bd4cbcf99c34c4ea671a7cf5bd63b7f60,1
be13486b181f9cd19bedc879ec3a39bda6f58962,1
270757d9a86238ba6930bd9f1ffb7cd297ad6498,1
42e81f3afb248ab6b89aa15875f26bb86ce8741b,1
13313957330fad3b5d0f30e97fbecbc146f901cd,1
df513bd33bb6f45147bc69adae5e19997295454c,1
c7957a178eb599194c0697ac4c83362fc991ef9c,1
9a3ecdb098ca53fdc3353d5a7ac07c96a15d8e9d,1
b0b1f222f23a0e0af22ad38b4051531be281b934,1
d03478b59f761de5d8c683cf4850af9d3b8db837,1
65b14edf8d282e2a1fb3dcf0cbb0b7e99398f52d,1
ebad4fe0fa5dc3ab7ece3bedcc1989cd442f95ce,1
4bf0126ff9d77f96ce2fb7b671a69081087bae7d,1
e0583f591a4ef9d39ba7688299d8a09a8a77b1ef,1
113d68237467dd41cfbed05508d55530d4252ff7,1
b967fd73348c001b717b38da18262dac491e23a7,1
c5a94f59b76c5387c665fba1c8e55968f81c3bc4,1
7984dc8a215e9d85a1a24765cefc9ac38c7cae51,1
6c604e977571a93d573769c9eb70a919c1dc0c99,1
55784ab0448f5d0b00a26f22eca35011f877e468,1
106233b55fb118747e4f43ed63765d2ecd6194e0,1
bde16d1e3c06327f2f118b8aee0b6223f4c0fd70,1
30ae55c815b9f2160f9021443213b64095740662,1
63e59a08756b9d7165b2e8bcdf6615688faf6c6b,1
d3d7d640791f476035588f63da94b3b0bcdf5b18,1
1a6d58ba6331e18aa9da42b097d6c534f0891575,1
4e4c8c62af9606a86279745e5a1c3daa9c2852fe,1
1c637e6562b410cf85fb8d90684b6170eaede5b3,1
1b5ff5710080336b6551939872257d43f50b6e24,1
61846c3fbedddca9168371836738887fe5c5d53d,1
125f728ccd6fe47f961aba13e071455cc4342b39,1
36ebe5d8229dfda68738170135f562a4ad75a0a8,1
8d7fa501351db191b7f5ff95d7cfc10c3e531233,1
b5f8a1efc98e31f7735b23c54944e53f2b63ff8e,1
67a34e87f11bfb3ac6faba777f455f87a7fe93d0,1
222e7a438ba84720447034f204d5bb43a6fccc3a,1
e1024e775ddbfd2842bad02aa0eaf6bc2c6bf17e,1
9ded61cdefbab25a982d5cc20996bfed350c72ce,1
1ac11ac48927f1bb61f20d09c43b93564193980c,1
1295c11100d16d572ab92344a07a596cebbf0aa8,1
388c6eff5741486ce6f0cfe818957debc3c9c815,1
15e449e9e58d478680678c4ba2dda957602ab2cc,1
93c7d9f930a1b77d1ff440e6299e68c0da7f417e,1
5827e849a40a9c59bc03524e282a7a10eea9f380,1
4fd9b9e82038fd8dc31618dec17646eebfcec71f,1
5bec12e96c696e378fdd76d498ed43e044331d8d,1
d15253c6ec7a04b25f88cdfe76ac0bc4c3d1194b,1
f40c26314f1ee8787454262e9a7921b3ecf3a877,1
936537ba6d50e2ab60598fd20f5ef1493b822cd0,1
077a942dccb78ad4a1c19fec8e50f5ff8401d7c8,1
db74023d7ffac2859cf1d38b0853dccf7907eab1,1
2cb74ec3e3cbc11fd73c4f180d5e8f69c28ffeb3,1
0aa4a02bbb5e34597f0931c3cad7c67918c3d4ec,1
91170574dd08fd8e5df3be19588571cf04f8e1e1,1
505f051dd78f208f99a07ee2a37cf9e937c0a23c,1
595f90bdda8201600739eed69f2f320bea67f3f3,1
2b4d1a196f8ea21edc5a8602f16d63b75a2f31c7,1
8bbed484f444b5a99aed7cc3a41064acd67fb775,1
6ab6a69f8c058da7ff812d19ae319270db256bac,1
34e02199db10e4120dc452469ca2c62024890885,1
5db20384a563e54c37056861aa0afce1bc9acc39,1
cdf9c04a298f8e9f08fca57b87be6f596b8d27db,1
507ef27f6a16c6739617564bdc66381941f5f821,1
a7271135a1fc7f5153860062ef4a31f931e22fd8,1
a2dd27bed3acdc7df1ebf14e3e6d015d458690c3,1
8fd110748431a3514a8a65c7ecea2a6286332868,1
85cd1d804d237b8c20c6171d43ea6832bbf9bb86,1
0c6e2f029f1bab2cf6cf54bab87fddbc6de4b29d,1
10c596dd573832605df0c130267a4ab0b369e3b3,1
02acbc4af1754e5f5c42ee9ab75f82c400139e0a,1
96117ecd05278702997185bb037449b6eb593e05,1
cea003d909971d7e02cdf5568174398c46f44046,1
8522b08b5ee47786f31f75437eec931759f15cbc,1
02bda2a64ab41bb6073aac5607885da13f927769,1
84ef71273a90a49850662043017e2c4db1f0123a,1
0feda3e6cbdd176ed1ff349018257607be485f53,1
11e1cab75bc8d72c94196575451eff595bff85ca,1
530a52982ec7cc753bf5e239ea60f4827a76009d,1
945f8ff911174d75827c01a8043073022f2bee9c,1
223796300b65c5e166521acf742eeb2123fb4060,1
3e484e30da5a25527c724b625073ac667967fadd,1
dd0460e102bfea920d5ede3b9e7aaf8bf6640c03,1
184053e81e5a5102deb28c5e826fc22bc2915524,1
57cbc4de548f7731de2ec84b626bfedcb1f3b8ac,1
72612e5b52645330b087e458fbd4ac4553db5ff0,1
5550f82362bdaaff5b255808e67209e7438286bb,1
e82305fabc205c8fe227696ee1d835d493ad3ed6,1
4e2b14cb96aa6f548d4c5ecbbbc6fb8305ad0346,1
5d19cfcd9531ebdf034344ad8d66a1b89d0bd2c8,1
dede70ab56f7a1a67361e2c5dd7467738f5242ee,1
22afd2511819f83039b39abfb11a3d2f8a3f93ab,1
c0fbcc677718de633d2d20a7b827e74f8ac653c0,1
016f2693babb6f0bbaac2c51ae2f56a6af7e465f,1
e5887aa1bf0a3cbc57910a52eedaa50082367615,1
29194a9b9d0c13833ecead882ad008a87b577160,1
256e6550ea323a4ecab1ceba0c9ac8426e78cb58,1
0ca009b10aaa647722012179388980eb6508ac12,1
a183fcf051e4226908113f15d9092662d2726792,1
87e0a3fdc975a56354425202d6b486951b216da7,1
a1ad879ebcbb8b3453d8802616f8bffdbeaf9074,1
59b881797a02c81ba7c9800dc8663d5be31ca074,1
123b2addb1bccf4cbf4be232fc1ed020b7879726,1
548e27c1948a0dfe3ec2279657ff5525adfc6068,1
b85d6b421ea3fe05ea180da77b17b3d3623645de,1
