Producto,Lugar
Sebo,Argentina
Sebo,melbourne australia
Sebo,New South Wales
Sebo,Queensland
Sebo,Nueva Zelanda
Aceite de castor,Bélgica
Aceite de castor,Francia
Aceite de castor,Chennai
Aceite de castor,"Kolkata, India"
Aceite animal,Estados Unidos
Esperma de ballena,Noruega
Esperma de ballena,"New Bedford, Estados Unidos"
Aceite de ballena,Noruega
Aceite de ballena,Dinamarca
Aceite de ballena,Alemania
Aceite de ballena,Japón
Aceite de ballena,"New Bedford, Estados Unidos"
Aceite de ballena,"60,-28"
Aceite de ballena,Canadá
Aceite de ballena,"Newfoundland, Canadá"
Aceite de nuez,Filipinas
Aceite de nuez,Islas Cook
Aceite de nuez,Sierra Leona
Aceite de nuez,Ghana
Aceite de nuez,Lagos
Aceite de nuez,Nigeria
Aceite de nuez,Chennai
Aceite de nuez,Singapur
Aceite de nuez,Sri Lanka
Aceite de nuez,New South Wales
Aceite de nuez,Nueva Zelanda
Semillas de algodón,Egipto
Grasa de cerdo,Chicago
Grasa de cerdo,Toronto
Semillas de lino,Moscú
Semillas de lino,Argentina
Semillas de lino,Kolkata 
Semillas de lino,"Mumbai, Maharashtra"
Semillas de canola,Puerto de Odessa
